source,scenario,dataset,key_bits,n,family,eta,mapping,expected_trials,flags_available,indices_available,status
reference,direct,b4_n2_distinct,4,2,distinct,0.0,bitonic,1000,True,True,evaluated
reference,direct,b4_n2_distinct,4,2,distinct,0.0,rank,1000,True,True,evaluated
reference,direct,b4_n2_distinct,4,2,distinct,0.05,bitonic,1000,True,True,evaluated
reference,direct,b4_n2_distinct,4,2,distinct,0.05,rank,1000,True,True,evaluated
reference,direct,b4_n2_distinct,4,2,distinct,0.1,bitonic,1000,True,True,evaluated
reference,direct,b4_n2_distinct,4,2,distinct,0.1,rank,1000,True,True,evaluated
reference,direct,b4_n2_distinct,4,2,distinct,0.15,bitonic,1000,True,True,evaluated
reference,direct,b4_n2_distinct,4,2,distinct,0.15,rank,1000,True,True,evaluated
reference,direct,b4_n2_distinct,4,2,distinct,0.2,bitonic,1000,True,True,evaluated
reference,direct,b4_n2_distinct,4,2,distinct,0.2,rank,1000,True,True,evaluated
reference,direct,b4_n2_distinct,4,2,distinct,0.25,bitonic,1000,True,True,evaluated
reference,direct,b4_n2_distinct,4,2,distinct,0.25,rank,1000,True,True,evaluated
reference,direct,b4_n2_duplicates_allowed,4,2,duplicates_allowed,0.0,bitonic,1000,True,True,evaluated
reference,direct,b4_n2_duplicates_allowed,4,2,duplicates_allowed,0.0,rank,1000,True,True,evaluated
reference,direct,b4_n2_duplicates_allowed,4,2,duplicates_allowed,0.05,bitonic,1000,True,True,evaluated
reference,direct,b4_n2_duplicates_allowed,4,2,duplicates_allowed,0.05,rank,1000,True,True,evaluated
reference,direct,b4_n2_duplicates_allowed,4,2,duplicates_allowed,0.1,bitonic,1000,True,True,evaluated
reference,direct,b4_n2_duplicates_allowed,4,2,duplicates_allowed,0.1,rank,1000,True,True,evaluated
reference,direct,b4_n2_duplicates_allowed,4,2,duplicates_allowed,0.15,bitonic,1000,True,True,evaluated
reference,direct,b4_n2_duplicates_allowed,4,2,duplicates_allowed,0.15,rank,1000,True,True,evaluated
reference,direct,b4_n2_duplicates_allowed,4,2,duplicates_allowed,0.2,bitonic,1000,True,True,evaluated
reference,direct,b4_n2_duplicates_allowed,4,2,duplicates_allowed,0.2,rank,1000,True,True,evaluated
reference,direct,b4_n2_duplicates_allowed,4,2,duplicates_allowed,0.25,bitonic,1000,True,True,evaluated
reference,direct,b4_n2_duplicates_allowed,4,2,duplicates_allowed,0.25,rank,1000,True,True,evaluated
reference,direct,b4_n4_distinct,4,4,distinct,0.0,bitonic,1000,True,True,evaluated
reference,direct,b4_n4_distinct,4,4,distinct,0.0,rank,1000,True,True,evaluated
reference,direct,b4_n4_distinct,4,4,distinct,0.05,bitonic,1000,True,True,evaluated
reference,direct,b4_n4_distinct,4,4,distinct,0.05,rank,1000,True,True,evaluated
reference,direct,b4_n4_distinct,4,4,distinct,0.1,bitonic,1000,True,True,evaluated
reference,direct,b4_n4_distinct,4,4,distinct,0.1,rank,1000,True,True,evaluated
reference,direct,b4_n4_distinct,4,4,distinct,0.15,bitonic,1000,True,True,evaluated
reference,direct,b4_n4_distinct,4,4,distinct,0.15,rank,1000,True,True,evaluated
reference,direct,b4_n4_distinct,4,4,distinct,0.2,bitonic,1000,True,True,evaluated
reference,direct,b4_n4_distinct,4,4,distinct,0.2,rank,1000,True,True,evaluated
reference,direct,b4_n4_distinct,4,4,distinct,0.25,bitonic,1000,True,True,evaluated
reference,direct,b4_n4_distinct,4,4,distinct,0.25,rank,1000,True,True,evaluated
reference,direct,b4_n4_duplicates_allowed,4,4,duplicates_allowed,0.0,bitonic,1000,True,True,evaluated
reference,direct,b4_n4_duplicates_allowed,4,4,duplicates_allowed,0.0,rank,1000,True,True,evaluated
reference,direct,b4_n4_duplicates_allowed,4,4,duplicates_allowed,0.05,bitonic,1000,True,True,evaluated
reference,direct,b4_n4_duplicates_allowed,4,4,duplicates_allowed,0.05,rank,1000,True,True,evaluated
reference,direct,b4_n4_duplicates_allowed,4,4,duplicates_allowed,0.1,bitonic,1000,True,True,evaluated
reference,direct,b4_n4_duplicates_allowed,4,4,duplicates_allowed,0.1,rank,1000,True,True,evaluated
reference,direct,b4_n4_duplicates_allowed,4,4,duplicates_allowed,0.15,bitonic,1000,True,True,evaluated
reference,direct,b4_n4_duplicates_allowed,4,4,duplicates_allowed,0.15,rank,1000,True,True,evaluated
reference,direct,b4_n4_duplicates_allowed,4,4,duplicates_allowed,0.2,bitonic,1000,True,True,evaluated
reference,direct,b4_n4_duplicates_allowed,4,4,duplicates_allowed,0.2,rank,1000,True,True,evaluated
reference,direct,b4_n4_duplicates_allowed,4,4,duplicates_allowed,0.25,bitonic,1000,True,True,evaluated
reference,direct,b4_n4_duplicates_allowed,4,4,duplicates_allowed,0.25,rank,1000,True,True,evaluated
reference,direct,b4_n8_distinct,4,8,distinct,0.0,bitonic,1000,True,True,evaluated
reference,direct,b4_n8_distinct,4,8,distinct,0.0,rank,1000,True,True,evaluated
reference,direct,b4_n8_distinct,4,8,distinct,0.05,bitonic,1000,True,True,evaluated
reference,direct,b4_n8_distinct,4,8,distinct,0.05,rank,1000,True,True,evaluated
reference,direct,b4_n8_distinct,4,8,distinct,0.1,bitonic,1000,True,True,evaluated
reference,direct,b4_n8_distinct,4,8,distinct,0.1,rank,1000,True,True,evaluated
reference,direct,b4_n8_distinct,4,8,distinct,0.15,bitonic,1000,True,True,evaluated
reference,direct,b4_n8_distinct,4,8,distinct,0.15,rank,1000,True,True,evaluated
reference,direct,b4_n8_distinct,4,8,distinct,0.2,bitonic,1000,True,True,evaluated
reference,direct,b4_n8_distinct,4,8,distinct,0.2,rank,1000,True,True,evaluated
reference,direct,b4_n8_distinct,4,8,distinct,0.25,bitonic,1000,True,True,evaluated
reference,direct,b4_n8_distinct,4,8,distinct,0.25,rank,1000,True,True,evaluated
reference,direct,b4_n8_duplicates_allowed,4,8,duplicates_allowed,0.0,bitonic,1000,True,True,evaluated
reference,direct,b4_n8_duplicates_allowed,4,8,duplicates_allowed,0.0,rank,1000,True,True,evaluated
reference,direct,b4_n8_duplicates_allowed,4,8,duplicates_allowed,0.05,bitonic,1000,True,True,evaluated
reference,direct,b4_n8_duplicates_allowed,4,8,duplicates_allowed,0.05,rank,1000,True,True,evaluated
reference,direct,b4_n8_duplicates_allowed,4,8,duplicates_allowed,0.1,bitonic,1000,True,True,evaluated
reference,direct,b4_n8_duplicates_allowed,4,8,duplicates_allowed,0.1,rank,1000,True,True,evaluated
reference,direct,b4_n8_duplicates_allowed,4,8,duplicates_allowed,0.15,bitonic,1000,True,True,evaluated
reference,direct,b4_n8_duplicates_allowed,4,8,duplicates_allowed,0.15,rank,1000,True,True,evaluated
reference,direct,b4_n8_duplicates_allowed,4,8,duplicates_allowed,0.2,bitonic,1000,True,True,evaluated
reference,direct,b4_n8_duplicates_allowed,4,8,duplicates_allowed,0.2,rank,1000,True,True,evaluated
reference,direct,b4_n8_duplicates_allowed,4,8,duplicates_allowed,0.25,bitonic,1000,True,True,evaluated
reference,direct,b4_n8_duplicates_allowed,4,8,duplicates_allowed,0.25,rank,1000,True,True,evaluated
reference,direct,b4_n16_distinct,4,16,distinct,0.0,bitonic,1000,True,True,evaluated
reference,direct,b4_n16_distinct,4,16,distinct,0.0,rank,1000,True,True,evaluated
reference,direct,b4_n16_distinct,4,16,distinct,0.05,bitonic,1000,True,True,evaluated
reference,direct,b4_n16_distinct,4,16,distinct,0.05,rank,1000,True,True,evaluated
reference,direct,b4_n16_distinct,4,16,distinct,0.1,bitonic,1000,True,True,evaluated
reference,direct,b4_n16_distinct,4,16,distinct,0.1,rank,1000,True,True,evaluated
reference,direct,b4_n16_distinct,4,16,distinct,0.15,bitonic,1000,True,True,evaluated
reference,direct,b4_n16_distinct,4,16,distinct,0.15,rank,1000,True,True,evaluated
reference,direct,b4_n16_distinct,4,16,distinct,0.2,bitonic,1000,True,True,evaluated
reference,direct,b4_n16_distinct,4,16,distinct,0.2,rank,1000,True,True,evaluated
reference,direct,b4_n16_distinct,4,16,distinct,0.25,bitonic,1000,True,True,evaluated
reference,direct,b4_n16_distinct,4,16,distinct,0.25,rank,1000,True,True,evaluated
reference,direct,b4_n16_duplicates_allowed,4,16,duplicates_allowed,0.0,bitonic,1000,True,True,evaluated
reference,direct,b4_n16_duplicates_allowed,4,16,duplicates_allowed,0.0,rank,1000,True,True,evaluated
reference,direct,b4_n16_duplicates_allowed,4,16,duplicates_allowed,0.05,bitonic,1000,True,True,evaluated
reference,direct,b4_n16_duplicates_allowed,4,16,duplicates_allowed,0.05,rank,1000,True,True,evaluated
reference,direct,b4_n16_duplicates_allowed,4,16,duplicates_allowed,0.1,bitonic,1000,True,True,evaluated
reference,direct,b4_n16_duplicates_allowed,4,16,duplicates_allowed,0.1,rank,1000,True,True,evaluated
reference,direct,b4_n16_duplicates_allowed,4,16,duplicates_allowed,0.15,bitonic,1000,True,True,evaluated
reference,direct,b4_n16_duplicates_allowed,4,16,duplicates_allowed,0.15,rank,1000,True,True,evaluated
reference,direct,b4_n16_duplicates_allowed,4,16,duplicates_allowed,0.2,bitonic,1000,True,True,evaluated
reference,direct,b4_n16_duplicates_allowed,4,16,duplicates_allowed,0.2,rank,1000,True,True,evaluated
reference,direct,b4_n16_duplicates_allowed,4,16,duplicates_allowed,0.25,bitonic,1000,True,True,evaluated
reference,direct,b4_n16_duplicates_allowed,4,16,duplicates_allowed,0.25,rank,1000,True,True,evaluated
reference,direct,b8_n2_distinct,8,2,distinct,0.0,bitonic,1000,True,True,evaluated
reference,direct,b8_n2_distinct,8,2,distinct,0.0,rank,1000,True,True,evaluated
reference,direct,b8_n2_distinct,8,2,distinct,0.05,bitonic,1000,True,True,evaluated
reference,direct,b8_n2_distinct,8,2,distinct,0.05,rank,1000,True,True,evaluated
reference,direct,b8_n2_distinct,8,2,distinct,0.1,bitonic,1000,True,True,evaluated
reference,direct,b8_n2_distinct,8,2,distinct,0.1,rank,1000,True,True,evaluated
reference,direct,b8_n2_distinct,8,2,distinct,0.15,bitonic,1000,True,True,evaluated
reference,direct,b8_n2_distinct,8,2,distinct,0.15,rank,1000,True,True,evaluated
reference,direct,b8_n2_distinct,8,2,distinct,0.2,bitonic,1000,True,True,evaluated
reference,direct,b8_n2_distinct,8,2,distinct,0.2,rank,1000,True,True,evaluated
reference,direct,b8_n2_distinct,8,2,distinct,0.25,bitonic,1000,True,True,evaluated
reference,direct,b8_n2_distinct,8,2,distinct,0.25,rank,1000,True,True,evaluated
reference,direct,b8_n2_duplicates_allowed,8,2,duplicates_allowed,0.0,bitonic,1000,True,True,evaluated
reference,direct,b8_n2_duplicates_allowed,8,2,duplicates_allowed,0.0,rank,1000,True,True,evaluated
reference,direct,b8_n2_duplicates_allowed,8,2,duplicates_allowed,0.05,bitonic,1000,True,True,evaluated
reference,direct,b8_n2_duplicates_allowed,8,2,duplicates_allowed,0.05,rank,1000,True,True,evaluated
reference,direct,b8_n2_duplicates_allowed,8,2,duplicates_allowed,0.1,bitonic,1000,True,True,evaluated
reference,direct,b8_n2_duplicates_allowed,8,2,duplicates_allowed,0.1,rank,1000,True,True,evaluated
reference,direct,b8_n2_duplicates_allowed,8,2,duplicates_allowed,0.15,bitonic,1000,True,True,evaluated
reference,direct,b8_n2_duplicates_allowed,8,2,duplicates_allowed,0.15,rank,1000,True,True,evaluated
reference,direct,b8_n2_duplicates_allowed,8,2,duplicates_allowed,0.2,bitonic,1000,True,True,evaluated
reference,direct,b8_n2_duplicates_allowed,8,2,duplicates_allowed,0.2,rank,1000,True,True,evaluated
reference,direct,b8_n2_duplicates_allowed,8,2,duplicates_allowed,0.25,bitonic,1000,True,True,evaluated
reference,direct,b8_n2_duplicates_allowed,8,2,duplicates_allowed,0.25,rank,1000,True,True,evaluated
reference,direct,b8_n4_distinct,8,4,distinct,0.0,bitonic,1000,True,True,evaluated
reference,direct,b8_n4_distinct,8,4,distinct,0.0,rank,1000,True,True,evaluated
reference,direct,b8_n4_distinct,8,4,distinct,0.05,bitonic,1000,True,True,evaluated
reference,direct,b8_n4_distinct,8,4,distinct,0.05,rank,1000,True,True,evaluated
reference,direct,b8_n4_distinct,8,4,distinct,0.1,bitonic,1000,True,True,evaluated
reference,direct,b8_n4_distinct,8,4,distinct,0.1,rank,1000,True,True,evaluated
reference,direct,b8_n4_distinct,8,4,distinct,0.15,bitonic,1000,True,True,evaluated
reference,direct,b8_n4_distinct,8,4,distinct,0.15,rank,1000,True,True,evaluated
reference,direct,b8_n4_distinct,8,4,distinct,0.2,bitonic,1000,True,True,evaluated
reference,direct,b8_n4_distinct,8,4,distinct,0.2,rank,1000,True,True,evaluated
reference,direct,b8_n4_distinct,8,4,distinct,0.25,bitonic,1000,True,True,evaluated
reference,direct,b8_n4_distinct,8,4,distinct,0.25,rank,1000,True,True,evaluated
reference,direct,b8_n4_duplicates_allowed,8,4,duplicates_allowed,0.0,bitonic,1000,True,True,evaluated
reference,direct,b8_n4_duplicates_allowed,8,4,duplicates_allowed,0.0,rank,1000,True,True,evaluated
reference,direct,b8_n4_duplicates_allowed,8,4,duplicates_allowed,0.05,bitonic,1000,True,True,evaluated
reference,direct,b8_n4_duplicates_allowed,8,4,duplicates_allowed,0.05,rank,1000,True,True,evaluated
reference,direct,b8_n4_duplicates_allowed,8,4,duplicates_allowed,0.1,bitonic,1000,True,True,evaluated
reference,direct,b8_n4_duplicates_allowed,8,4,duplicates_allowed,0.1,rank,1000,True,True,evaluated
reference,direct,b8_n4_duplicates_allowed,8,4,duplicates_allowed,0.15,bitonic,1000,True,True,evaluated
reference,direct,b8_n4_duplicates_allowed,8,4,duplicates_allowed,0.15,rank,1000,True,True,evaluated
reference,direct,b8_n4_duplicates_allowed,8,4,duplicates_allowed,0.2,bitonic,1000,True,True,evaluated
reference,direct,b8_n4_duplicates_allowed,8,4,duplicates_allowed,0.2,rank,1000,True,True,evaluated
reference,direct,b8_n4_duplicates_allowed,8,4,duplicates_allowed,0.25,bitonic,1000,True,True,evaluated
reference,direct,b8_n4_duplicates_allowed,8,4,duplicates_allowed,0.25,rank,1000,True,True,evaluated
reference,direct,b8_n8_distinct,8,8,distinct,0.0,bitonic,1000,True,True,evaluated
reference,direct,b8_n8_distinct,8,8,distinct,0.0,rank,1000,True,True,evaluated
reference,direct,b8_n8_distinct,8,8,distinct,0.05,bitonic,1000,True,True,evaluated
reference,direct,b8_n8_distinct,8,8,distinct,0.05,rank,1000,True,True,evaluated
reference,direct,b8_n8_distinct,8,8,distinct,0.1,bitonic,1000,True,True,evaluated
reference,direct,b8_n8_distinct,8,8,distinct,0.1,rank,1000,True,True,evaluated
reference,direct,b8_n8_distinct,8,8,distinct,0.15,bitonic,1000,True,True,evaluated
reference,direct,b8_n8_distinct,8,8,distinct,0.15,rank,1000,True,True,evaluated
reference,direct,b8_n8_distinct,8,8,distinct,0.2,bitonic,1000,True,True,evaluated
reference,direct,b8_n8_distinct,8,8,distinct,0.2,rank,1000,True,True,evaluated
reference,direct,b8_n8_distinct,8,8,distinct,0.25,bitonic,1000,True,True,evaluated
reference,direct,b8_n8_distinct,8,8,distinct,0.25,rank,1000,True,True,evaluated
reference,direct,b8_n8_duplicates_allowed,8,8,duplicates_allowed,0.0,bitonic,1000,True,True,evaluated
reference,direct,b8_n8_duplicates_allowed,8,8,duplicates_allowed,0.0,rank,1000,True,True,evaluated
reference,direct,b8_n8_duplicates_allowed,8,8,duplicates_allowed,0.05,bitonic,1000,True,True,evaluated
reference,direct,b8_n8_duplicates_allowed,8,8,duplicates_allowed,0.05,rank,1000,True,True,evaluated
reference,direct,b8_n8_duplicates_allowed,8,8,duplicates_allowed,0.1,bitonic,1000,True,True,evaluated
reference,direct,b8_n8_duplicates_allowed,8,8,duplicates_allowed,0.1,rank,1000,True,True,evaluated
reference,direct,b8_n8_duplicates_allowed,8,8,duplicates_allowed,0.15,bitonic,1000,True,True,evaluated
reference,direct,b8_n8_duplicates_allowed,8,8,duplicates_allowed,0.15,rank,1000,True,True,evaluated
reference,direct,b8_n8_duplicates_allowed,8,8,duplicates_allowed,0.2,bitonic,1000,True,True,evaluated
reference,direct,b8_n8_duplicates_allowed,8,8,duplicates_allowed,0.2,rank,1000,True,True,evaluated
reference,direct,b8_n8_duplicates_allowed,8,8,duplicates_allowed,0.25,bitonic,1000,True,True,evaluated
reference,direct,b8_n8_duplicates_allowed,8,8,duplicates_allowed,0.25,rank,1000,True,True,evaluated
reference,direct,b8_n16_distinct,8,16,distinct,0.0,bitonic,1000,True,True,evaluated
reference,direct,b8_n16_distinct,8,16,distinct,0.0,rank,1000,True,True,evaluated
reference,direct,b8_n16_distinct,8,16,distinct,0.05,bitonic,1000,True,True,evaluated
reference,direct,b8_n16_distinct,8,16,distinct,0.05,rank,1000,True,True,evaluated
reference,direct,b8_n16_distinct,8,16,distinct,0.1,bitonic,1000,True,True,evaluated
reference,direct,b8_n16_distinct,8,16,distinct,0.1,rank,1000,True,True,evaluated
reference,direct,b8_n16_distinct,8,16,distinct,0.15,bitonic,1000,True,True,evaluated
reference,direct,b8_n16_distinct,8,16,distinct,0.15,rank,1000,True,True,evaluated
reference,direct,b8_n16_distinct,8,16,distinct,0.2,bitonic,1000,True,True,evaluated
reference,direct,b8_n16_distinct,8,16,distinct,0.2,rank,1000,True,True,evaluated
reference,direct,b8_n16_distinct,8,16,distinct,0.25,bitonic,1000,True,True,evaluated
reference,direct,b8_n16_distinct,8,16,distinct,0.25,rank,1000,True,True,evaluated
reference,direct,b8_n16_duplicates_allowed,8,16,duplicates_allowed,0.0,bitonic,1000,True,True,evaluated
reference,direct,b8_n16_duplicates_allowed,8,16,duplicates_allowed,0.0,rank,1000,True,True,evaluated
reference,direct,b8_n16_duplicates_allowed,8,16,duplicates_allowed,0.05,bitonic,1000,True,True,evaluated
reference,direct,b8_n16_duplicates_allowed,8,16,duplicates_allowed,0.05,rank,1000,True,True,evaluated
reference,direct,b8_n16_duplicates_allowed,8,16,duplicates_allowed,0.1,bitonic,1000,True,True,evaluated
reference,direct,b8_n16_duplicates_allowed,8,16,duplicates_allowed,0.1,rank,1000,True,True,evaluated
reference,direct,b8_n16_duplicates_allowed,8,16,duplicates_allowed,0.15,bitonic,1000,True,True,evaluated
reference,direct,b8_n16_duplicates_allowed,8,16,duplicates_allowed,0.15,rank,1000,True,True,evaluated
reference,direct,b8_n16_duplicates_allowed,8,16,duplicates_allowed,0.2,bitonic,1000,True,True,evaluated
reference,direct,b8_n16_duplicates_allowed,8,16,duplicates_allowed,0.2,rank,1000,True,True,evaluated
reference,direct,b8_n16_duplicates_allowed,8,16,duplicates_allowed,0.25,bitonic,1000,True,True,evaluated
reference,direct,b8_n16_duplicates_allowed,8,16,duplicates_allowed,0.25,rank,1000,True,True,evaluated
reference,direct,b8_n32_distinct,8,32,distinct,0.0,bitonic,1000,True,True,evaluated
reference,direct,b8_n32_distinct,8,32,distinct,0.0,rank,1000,True,True,evaluated
reference,direct,b8_n32_distinct,8,32,distinct,0.05,bitonic,1000,True,True,evaluated
reference,direct,b8_n32_distinct,8,32,distinct,0.05,rank,1000,True,True,evaluated
reference,direct,b8_n32_distinct,8,32,distinct,0.1,bitonic,1000,True,True,evaluated
reference,direct,b8_n32_distinct,8,32,distinct,0.1,rank,1000,True,True,evaluated
reference,direct,b8_n32_distinct,8,32,distinct,0.15,bitonic,1000,True,True,evaluated
reference,direct,b8_n32_distinct,8,32,distinct,0.15,rank,1000,True,True,evaluated
reference,direct,b8_n32_distinct,8,32,distinct,0.2,bitonic,1000,True,True,evaluated
reference,direct,b8_n32_distinct,8,32,distinct,0.2,rank,1000,True,True,evaluated
reference,direct,b8_n32_distinct,8,32,distinct,0.25,bitonic,1000,True,True,evaluated
reference,direct,b8_n32_distinct,8,32,distinct,0.25,rank,1000,True,True,evaluated
reference,direct,b8_n32_duplicates_allowed,8,32,duplicates_allowed,0.0,bitonic,1000,True,True,evaluated
reference,direct,b8_n32_duplicates_allowed,8,32,duplicates_allowed,0.0,rank,1000,True,True,evaluated
reference,direct,b8_n32_duplicates_allowed,8,32,duplicates_allowed,0.05,bitonic,1000,True,True,evaluated
reference,direct,b8_n32_duplicates_allowed,8,32,duplicates_allowed,0.05,rank,1000,True,True,evaluated
reference,direct,b8_n32_duplicates_allowed,8,32,duplicates_allowed,0.1,bitonic,1000,True,True,evaluated
reference,direct,b8_n32_duplicates_allowed,8,32,duplicates_allowed,0.1,rank,1000,True,True,evaluated
reference,direct,b8_n32_duplicates_allowed,8,32,duplicates_allowed,0.15,bitonic,1000,True,True,evaluated
reference,direct,b8_n32_duplicates_allowed,8,32,duplicates_allowed,0.15,rank,1000,True,True,evaluated
reference,direct,b8_n32_duplicates_allowed,8,32,duplicates_allowed,0.2,bitonic,1000,True,True,evaluated
reference,direct,b8_n32_duplicates_allowed,8,32,duplicates_allowed,0.2,rank,1000,True,True,evaluated
reference,direct,b8_n32_duplicates_allowed,8,32,duplicates_allowed,0.25,bitonic,1000,True,True,evaluated
reference,direct,b8_n32_duplicates_allowed,8,32,duplicates_allowed,0.25,rank,1000,True,True,evaluated
reference,direct,b8_n64_distinct,8,64,distinct,0.0,bitonic,1000,True,True,evaluated
reference,direct,b8_n64_distinct,8,64,distinct,0.0,rank,1000,True,True,evaluated
reference,direct,b8_n64_distinct,8,64,distinct,0.05,bitonic,1000,True,True,evaluated
reference,direct,b8_n64_distinct,8,64,distinct,0.05,rank,1000,True,True,evaluated
reference,direct,b8_n64_distinct,8,64,distinct,0.1,bitonic,1000,True,True,evaluated
reference,direct,b8_n64_distinct,8,64,distinct,0.1,rank,1000,True,True,evaluated
reference,direct,b8_n64_distinct,8,64,distinct,0.15,bitonic,1000,True,True,evaluated
reference,direct,b8_n64_distinct,8,64,distinct,0.15,rank,1000,True,True,evaluated
reference,direct,b8_n64_distinct,8,64,distinct,0.2,bitonic,1000,True,True,evaluated
reference,direct,b8_n64_distinct,8,64,distinct,0.2,rank,1000,True,True,evaluated
reference,direct,b8_n64_distinct,8,64,distinct,0.25,bitonic,1000,True,True,evaluated
reference,direct,b8_n64_distinct,8,64,distinct,0.25,rank,1000,True,True,evaluated
reference,direct,b8_n64_duplicates_allowed,8,64,duplicates_allowed,0.0,bitonic,1000,True,True,evaluated
reference,direct,b8_n64_duplicates_allowed,8,64,duplicates_allowed,0.0,rank,1000,True,True,evaluated
reference,direct,b8_n64_duplicates_allowed,8,64,duplicates_allowed,0.05,bitonic,1000,True,True,evaluated
reference,direct,b8_n64_duplicates_allowed,8,64,duplicates_allowed,0.05,rank,1000,True,True,evaluated
reference,direct,b8_n64_duplicates_allowed,8,64,duplicates_allowed,0.1,bitonic,1000,True,True,evaluated
reference,direct,b8_n64_duplicates_allowed,8,64,duplicates_allowed,0.1,rank,1000,True,True,evaluated
reference,direct,b8_n64_duplicates_allowed,8,64,duplicates_allowed,0.15,bitonic,1000,True,True,evaluated
reference,direct,b8_n64_duplicates_allowed,8,64,duplicates_allowed,0.15,rank,1000,True,True,evaluated
reference,direct,b8_n64_duplicates_allowed,8,64,duplicates_allowed,0.2,bitonic,1000,True,True,evaluated
reference,direct,b8_n64_duplicates_allowed,8,64,duplicates_allowed,0.2,rank,1000,True,True,evaluated
reference,direct,b8_n64_duplicates_allowed,8,64,duplicates_allowed,0.25,bitonic,1000,True,True,evaluated
reference,direct,b8_n64_duplicates_allowed,8,64,duplicates_allowed,0.25,rank,1000,True,True,evaluated
reference,direct,b8_n128_distinct,8,128,distinct,0.0,bitonic,1000,True,True,evaluated
reference,direct,b8_n128_distinct,8,128,distinct,0.0,rank,1000,True,True,evaluated
reference,direct,b8_n128_distinct,8,128,distinct,0.05,bitonic,1000,True,True,evaluated
reference,direct,b8_n128_distinct,8,128,distinct,0.05,rank,1000,True,True,evaluated
reference,direct,b8_n128_distinct,8,128,distinct,0.1,bitonic,1000,True,True,evaluated
reference,direct,b8_n128_distinct,8,128,distinct,0.1,rank,1000,True,True,evaluated
reference,direct,b8_n128_distinct,8,128,distinct,0.15,bitonic,1000,True,True,evaluated
reference,direct,b8_n128_distinct,8,128,distinct,0.15,rank,1000,True,True,evaluated
reference,direct,b8_n128_distinct,8,128,distinct,0.2,bitonic,1000,True,True,evaluated
reference,direct,b8_n128_distinct,8,128,distinct,0.2,rank,1000,True,True,evaluated
reference,direct,b8_n128_distinct,8,128,distinct,0.25,bitonic,1000,True,True,evaluated
reference,direct,b8_n128_distinct,8,128,distinct,0.25,rank,1000,True,True,evaluated
reference,direct,b8_n128_duplicates_allowed,8,128,duplicates_allowed,0.0,bitonic,1000,True,True,evaluated
reference,direct,b8_n128_duplicates_allowed,8,128,duplicates_allowed,0.0,rank,1000,True,True,evaluated
reference,direct,b8_n128_duplicates_allowed,8,128,duplicates_allowed,0.05,bitonic,1000,True,True,evaluated
reference,direct,b8_n128_duplicates_allowed,8,128,duplicates_allowed,0.05,rank,1000,True,True,evaluated
reference,direct,b8_n128_duplicates_allowed,8,128,duplicates_allowed,0.1,bitonic,1000,True,True,evaluated
reference,direct,b8_n128_duplicates_allowed,8,128,duplicates_allowed,0.1,rank,1000,True,True,evaluated
reference,direct,b8_n128_duplicates_allowed,8,128,duplicates_allowed,0.15,bitonic,1000,True,True,evaluated
reference,direct,b8_n128_duplicates_allowed,8,128,duplicates_allowed,0.15,rank,1000,True,True,evaluated
reference,direct,b8_n128_duplicates_allowed,8,128,duplicates_allowed,0.2,bitonic,1000,True,True,evaluated
reference,direct,b8_n128_duplicates_allowed,8,128,duplicates_allowed,0.2,rank,1000,True,True,evaluated
reference,direct,b8_n128_duplicates_allowed,8,128,duplicates_allowed,0.25,bitonic,1000,True,True,evaluated
reference,direct,b8_n128_duplicates_allowed,8,128,duplicates_allowed,0.25,rank,1000,True,True,evaluated
reference,direct,b8_n256_distinct,8,256,distinct,0.0,bitonic,1000,True,True,evaluated
reference,direct,b8_n256_distinct,8,256,distinct,0.0,rank,1000,True,True,evaluated
reference,direct,b8_n256_distinct,8,256,distinct,0.05,bitonic,1000,True,True,evaluated
reference,direct,b8_n256_distinct,8,256,distinct,0.05,rank,1000,True,True,evaluated
reference,direct,b8_n256_distinct,8,256,distinct,0.1,bitonic,1000,True,True,evaluated
reference,direct,b8_n256_distinct,8,256,distinct,0.1,rank,1000,True,True,evaluated
reference,direct,b8_n256_distinct,8,256,distinct,0.15,bitonic,1000,True,True,evaluated
reference,direct,b8_n256_distinct,8,256,distinct,0.15,rank,1000,True,True,evaluated
reference,direct,b8_n256_distinct,8,256,distinct,0.2,bitonic,1000,True,True,evaluated
reference,direct,b8_n256_distinct,8,256,distinct,0.2,rank,1000,True,True,evaluated
reference,direct,b8_n256_distinct,8,256,distinct,0.25,bitonic,1000,True,True,evaluated
reference,direct,b8_n256_distinct,8,256,distinct,0.25,rank,1000,True,True,evaluated
reference,direct,b8_n256_duplicates_allowed,8,256,duplicates_allowed,0.0,bitonic,1000,True,True,evaluated
reference,direct,b8_n256_duplicates_allowed,8,256,duplicates_allowed,0.0,rank,1000,True,True,evaluated
reference,direct,b8_n256_duplicates_allowed,8,256,duplicates_allowed,0.05,bitonic,1000,True,True,evaluated
reference,direct,b8_n256_duplicates_allowed,8,256,duplicates_allowed,0.05,rank,1000,True,True,evaluated
reference,direct,b8_n256_duplicates_allowed,8,256,duplicates_allowed,0.1,bitonic,1000,True,True,evaluated
reference,direct,b8_n256_duplicates_allowed,8,256,duplicates_allowed,0.1,rank,1000,True,True,evaluated
reference,direct,b8_n256_duplicates_allowed,8,256,duplicates_allowed,0.15,bitonic,1000,True,True,evaluated
reference,direct,b8_n256_duplicates_allowed,8,256,duplicates_allowed,0.15,rank,1000,True,True,evaluated
reference,direct,b8_n256_duplicates_allowed,8,256,duplicates_allowed,0.2,bitonic,1000,True,True,evaluated
reference,direct,b8_n256_duplicates_allowed,8,256,duplicates_allowed,0.2,rank,1000,True,True,evaluated
reference,direct,b8_n256_duplicates_allowed,8,256,duplicates_allowed,0.25,bitonic,1000,True,True,evaluated
reference,direct,b8_n256_duplicates_allowed,8,256,duplicates_allowed,0.25,rank,1000,True,True,evaluated
periodic,upstream,b4_n2_distinct,4,2,distinct,0.0,bitonic,1000,True,True,evaluated
periodic,upstream,b4_n2_distinct,4,2,distinct,0.0,rank,1000,True,True,evaluated
periodic,upstream,b4_n2_distinct,4,2,distinct,0.05,bitonic,1000,True,True,evaluated
periodic,upstream,b4_n2_distinct,4,2,distinct,0.05,rank,1000,True,True,evaluated
periodic,upstream,b4_n2_distinct,4,2,distinct,0.1,bitonic,1000,True,True,evaluated
periodic,upstream,b4_n2_distinct,4,2,distinct,0.1,rank,1000,True,True,evaluated
periodic,upstream,b4_n2_distinct,4,2,distinct,0.15,bitonic,1000,True,True,evaluated
periodic,upstream,b4_n2_distinct,4,2,distinct,0.15,rank,1000,True,True,evaluated
periodic,upstream,b4_n2_distinct,4,2,distinct,0.2,bitonic,1000,True,True,evaluated
periodic,upstream,b4_n2_distinct,4,2,distinct,0.2,rank,1000,True,True,evaluated
periodic,upstream,b4_n2_distinct,4,2,distinct,0.25,bitonic,1000,True,True,evaluated
periodic,upstream,b4_n2_distinct,4,2,distinct,0.25,rank,1000,True,True,evaluated
periodic,output,b4_n2_distinct,4,2,distinct,0.0,bitonic,1000,True,True,evaluated
periodic,output,b4_n2_distinct,4,2,distinct,0.0,rank,1000,True,True,evaluated
periodic,output,b4_n2_distinct,4,2,distinct,0.05,bitonic,1000,True,True,evaluated
periodic,output,b4_n2_distinct,4,2,distinct,0.05,rank,1000,True,True,evaluated
periodic,output,b4_n2_distinct,4,2,distinct,0.1,bitonic,1000,True,True,evaluated
periodic,output,b4_n2_distinct,4,2,distinct,0.1,rank,1000,True,True,evaluated
periodic,output,b4_n2_distinct,4,2,distinct,0.15,bitonic,1000,True,True,evaluated
periodic,output,b4_n2_distinct,4,2,distinct,0.15,rank,1000,True,True,evaluated
periodic,output,b4_n2_distinct,4,2,distinct,0.2,bitonic,1000,True,True,evaluated
periodic,output,b4_n2_distinct,4,2,distinct,0.2,rank,1000,True,True,evaluated
periodic,output,b4_n2_distinct,4,2,distinct,0.25,bitonic,1000,True,True,evaluated
periodic,output,b4_n2_distinct,4,2,distinct,0.25,rank,1000,True,True,evaluated
periodic,upstream,b4_n2_duplicates_allowed,4,2,duplicates_allowed,0.0,bitonic,1000,True,True,evaluated
periodic,upstream,b4_n2_duplicates_allowed,4,2,duplicates_allowed,0.0,rank,1000,True,True,evaluated
periodic,upstream,b4_n2_duplicates_allowed,4,2,duplicates_allowed,0.05,bitonic,1000,True,True,evaluated
periodic,upstream,b4_n2_duplicates_allowed,4,2,duplicates_allowed,0.05,rank,1000,True,True,evaluated
periodic,upstream,b4_n2_duplicates_allowed,4,2,duplicates_allowed,0.1,bitonic,1000,True,True,evaluated
periodic,upstream,b4_n2_duplicates_allowed,4,2,duplicates_allowed,0.1,rank,1000,True,True,evaluated
periodic,upstream,b4_n2_duplicates_allowed,4,2,duplicates_allowed,0.15,bitonic,1000,True,True,evaluated
periodic,upstream,b4_n2_duplicates_allowed,4,2,duplicates_allowed,0.15,rank,1000,True,True,evaluated
periodic,upstream,b4_n2_duplicates_allowed,4,2,duplicates_allowed,0.2,bitonic,1000,True,True,evaluated
periodic,upstream,b4_n2_duplicates_allowed,4,2,duplicates_allowed,0.2,rank,1000,True,True,evaluated
periodic,upstream,b4_n2_duplicates_allowed,4,2,duplicates_allowed,0.25,bitonic,1000,True,True,evaluated
periodic,upstream,b4_n2_duplicates_allowed,4,2,duplicates_allowed,0.25,rank,1000,True,True,evaluated
periodic,output,b4_n2_duplicates_allowed,4,2,duplicates_allowed,0.0,bitonic,1000,True,True,evaluated
periodic,output,b4_n2_duplicates_allowed,4,2,duplicates_allowed,0.0,rank,1000,True,True,evaluated
periodic,output,b4_n2_duplicates_allowed,4,2,duplicates_allowed,0.05,bitonic,1000,True,True,evaluated
periodic,output,b4_n2_duplicates_allowed,4,2,duplicates_allowed,0.05,rank,1000,True,True,evaluated
periodic,output,b4_n2_duplicates_allowed,4,2,duplicates_allowed,0.1,bitonic,1000,True,True,evaluated
periodic,output,b4_n2_duplicates_allowed,4,2,duplicates_allowed,0.1,rank,1000,True,True,evaluated
periodic,output,b4_n2_duplicates_allowed,4,2,duplicates_allowed,0.15,bitonic,1000,True,True,evaluated
periodic,output,b4_n2_duplicates_allowed,4,2,duplicates_allowed,0.15,rank,1000,True,True,evaluated
periodic,output,b4_n2_duplicates_allowed,4,2,duplicates_allowed,0.2,bitonic,1000,True,True,evaluated
periodic,output,b4_n2_duplicates_allowed,4,2,duplicates_allowed,0.2,rank,1000,True,True,evaluated
periodic,output,b4_n2_duplicates_allowed,4,2,duplicates_allowed,0.25,bitonic,1000,True,True,evaluated
periodic,output,b4_n2_duplicates_allowed,4,2,duplicates_allowed,0.25,rank,1000,True,True,evaluated
periodic,upstream,b4_n4_distinct,4,4,distinct,0.0,bitonic,1000,True,True,evaluated
periodic,upstream,b4_n4_distinct,4,4,distinct,0.0,rank,1000,True,True,evaluated
periodic,upstream,b4_n4_distinct,4,4,distinct,0.05,bitonic,1000,True,True,evaluated
periodic,upstream,b4_n4_distinct,4,4,distinct,0.05,rank,1000,True,True,evaluated
periodic,upstream,b4_n4_distinct,4,4,distinct,0.1,bitonic,1000,True,True,evaluated
periodic,upstream,b4_n4_distinct,4,4,distinct,0.1,rank,1000,True,True,evaluated
periodic,upstream,b4_n4_distinct,4,4,distinct,0.15,bitonic,1000,True,True,evaluated
periodic,upstream,b4_n4_distinct,4,4,distinct,0.15,rank,1000,True,True,evaluated
periodic,upstream,b4_n4_distinct,4,4,distinct,0.2,bitonic,1000,True,True,evaluated
periodic,upstream,b4_n4_distinct,4,4,distinct,0.2,rank,1000,True,True,evaluated
periodic,upstream,b4_n4_distinct,4,4,distinct,0.25,bitonic,1000,True,True,evaluated
periodic,upstream,b4_n4_distinct,4,4,distinct,0.25,rank,1000,True,True,evaluated
periodic,output,b4_n4_distinct,4,4,distinct,0.0,bitonic,1000,True,True,evaluated
periodic,output,b4_n4_distinct,4,4,distinct,0.0,rank,1000,True,True,evaluated
periodic,output,b4_n4_distinct,4,4,distinct,0.05,bitonic,1000,True,True,evaluated
periodic,output,b4_n4_distinct,4,4,distinct,0.05,rank,1000,True,True,evaluated
periodic,output,b4_n4_distinct,4,4,distinct,0.1,bitonic,1000,True,True,evaluated
periodic,output,b4_n4_distinct,4,4,distinct,0.1,rank,1000,True,True,evaluated
periodic,output,b4_n4_distinct,4,4,distinct,0.15,bitonic,1000,True,True,evaluated
periodic,output,b4_n4_distinct,4,4,distinct,0.15,rank,1000,True,True,evaluated
periodic,output,b4_n4_distinct,4,4,distinct,0.2,bitonic,1000,True,True,evaluated
periodic,output,b4_n4_distinct,4,4,distinct,0.2,rank,1000,True,True,evaluated
periodic,output,b4_n4_distinct,4,4,distinct,0.25,bitonic,1000,True,True,evaluated
periodic,output,b4_n4_distinct,4,4,distinct,0.25,rank,1000,True,True,evaluated
periodic,upstream,b4_n4_duplicates_allowed,4,4,duplicates_allowed,0.0,bitonic,1000,True,True,evaluated
periodic,upstream,b4_n4_duplicates_allowed,4,4,duplicates_allowed,0.0,rank,1000,True,True,evaluated
periodic,upstream,b4_n4_duplicates_allowed,4,4,duplicates_allowed,0.05,bitonic,1000,True,True,evaluated
periodic,upstream,b4_n4_duplicates_allowed,4,4,duplicates_allowed,0.05,rank,1000,True,True,evaluated
periodic,upstream,b4_n4_duplicates_allowed,4,4,duplicates_allowed,0.1,bitonic,1000,True,True,evaluated
periodic,upstream,b4_n4_duplicates_allowed,4,4,duplicates_allowed,0.1,rank,1000,True,True,evaluated
periodic,upstream,b4_n4_duplicates_allowed,4,4,duplicates_allowed,0.15,bitonic,1000,True,True,evaluated
periodic,upstream,b4_n4_duplicates_allowed,4,4,duplicates_allowed,0.15,rank,1000,True,True,evaluated
periodic,upstream,b4_n4_duplicates_allowed,4,4,duplicates_allowed,0.2,bitonic,1000,True,True,evaluated
periodic,upstream,b4_n4_duplicates_allowed,4,4,duplicates_allowed,0.2,rank,1000,True,True,evaluated
periodic,upstream,b4_n4_duplicates_allowed,4,4,duplicates_allowed,0.25,bitonic,1000,True,True,evaluated
periodic,upstream,b4_n4_duplicates_allowed,4,4,duplicates_allowed,0.25,rank,1000,True,True,evaluated
periodic,output,b4_n4_duplicates_allowed,4,4,duplicates_allowed,0.0,bitonic,1000,True,True,evaluated
periodic,output,b4_n4_duplicates_allowed,4,4,duplicates_allowed,0.0,rank,1000,True,True,evaluated
periodic,output,b4_n4_duplicates_allowed,4,4,duplicates_allowed,0.05,bitonic,1000,True,True,evaluated
periodic,output,b4_n4_duplicates_allowed,4,4,duplicates_allowed,0.05,rank,1000,True,True,evaluated
periodic,output,b4_n4_duplicates_allowed,4,4,duplicates_allowed,0.1,bitonic,1000,True,True,evaluated
periodic,output,b4_n4_duplicates_allowed,4,4,duplicates_allowed,0.1,rank,1000,True,True,evaluated
periodic,output,b4_n4_duplicates_allowed,4,4,duplicates_allowed,0.15,bitonic,1000,True,True,evaluated
periodic,output,b4_n4_duplicates_allowed,4,4,duplicates_allowed,0.15,rank,1000,True,True,evaluated
periodic,output,b4_n4_duplicates_allowed,4,4,duplicates_allowed,0.2,bitonic,1000,True,True,evaluated
periodic,output,b4_n4_duplicates_allowed,4,4,duplicates_allowed,0.2,rank,1000,True,True,evaluated
periodic,output,b4_n4_duplicates_allowed,4,4,duplicates_allowed,0.25,bitonic,1000,True,True,evaluated
periodic,output,b4_n4_duplicates_allowed,4,4,duplicates_allowed,0.25,rank,1000,True,True,evaluated
periodic,upstream,b4_n8_distinct,4,8,distinct,0.0,bitonic,1000,True,True,evaluated
periodic,upstream,b4_n8_distinct,4,8,distinct,0.0,rank,1000,True,True,evaluated
periodic,upstream,b4_n8_distinct,4,8,distinct,0.05,bitonic,1000,True,True,evaluated
periodic,upstream,b4_n8_distinct,4,8,distinct,0.05,rank,1000,True,True,evaluated
periodic,upstream,b4_n8_distinct,4,8,distinct,0.1,bitonic,1000,True,True,evaluated
periodic,upstream,b4_n8_distinct,4,8,distinct,0.1,rank,1000,True,True,evaluated
periodic,upstream,b4_n8_distinct,4,8,distinct,0.15,bitonic,1000,True,True,evaluated
periodic,upstream,b4_n8_distinct,4,8,distinct,0.15,rank,1000,True,True,evaluated
periodic,upstream,b4_n8_distinct,4,8,distinct,0.2,bitonic,1000,True,True,evaluated
periodic,upstream,b4_n8_distinct,4,8,distinct,0.2,rank,1000,True,True,evaluated
periodic,upstream,b4_n8_distinct,4,8,distinct,0.25,bitonic,1000,True,True,evaluated
periodic,upstream,b4_n8_distinct,4,8,distinct,0.25,rank,1000,True,True,evaluated
periodic,output,b4_n8_distinct,4,8,distinct,0.0,bitonic,1000,True,True,evaluated
periodic,output,b4_n8_distinct,4,8,distinct,0.0,rank,1000,True,True,evaluated
periodic,output,b4_n8_distinct,4,8,distinct,0.05,bitonic,1000,True,True,evaluated
periodic,output,b4_n8_distinct,4,8,distinct,0.05,rank,1000,True,True,evaluated
periodic,output,b4_n8_distinct,4,8,distinct,0.1,bitonic,1000,True,True,evaluated
periodic,output,b4_n8_distinct,4,8,distinct,0.1,rank,1000,True,True,evaluated
periodic,output,b4_n8_distinct,4,8,distinct,0.15,bitonic,1000,True,True,evaluated
periodic,output,b4_n8_distinct,4,8,distinct,0.15,rank,1000,True,True,evaluated
periodic,output,b4_n8_distinct,4,8,distinct,0.2,bitonic,1000,True,True,evaluated
periodic,output,b4_n8_distinct,4,8,distinct,0.2,rank,1000,True,True,evaluated
periodic,output,b4_n8_distinct,4,8,distinct,0.25,bitonic,1000,True,True,evaluated
periodic,output,b4_n8_distinct,4,8,distinct,0.25,rank,1000,True,True,evaluated
periodic,upstream,b4_n8_duplicates_allowed,4,8,duplicates_allowed,0.0,bitonic,1000,True,True,evaluated
periodic,upstream,b4_n8_duplicates_allowed,4,8,duplicates_allowed,0.0,rank,1000,True,True,evaluated
periodic,upstream,b4_n8_duplicates_allowed,4,8,duplicates_allowed,0.05,bitonic,1000,True,True,evaluated
periodic,upstream,b4_n8_duplicates_allowed,4,8,duplicates_allowed,0.05,rank,1000,True,True,evaluated
periodic,upstream,b4_n8_duplicates_allowed,4,8,duplicates_allowed,0.1,bitonic,1000,True,True,evaluated
periodic,upstream,b4_n8_duplicates_allowed,4,8,duplicates_allowed,0.1,rank,1000,True,True,evaluated
periodic,upstream,b4_n8_duplicates_allowed,4,8,duplicates_allowed,0.15,bitonic,1000,True,True,evaluated
periodic,upstream,b4_n8_duplicates_allowed,4,8,duplicates_allowed,0.15,rank,1000,True,True,evaluated
periodic,upstream,b4_n8_duplicates_allowed,4,8,duplicates_allowed,0.2,bitonic,1000,True,True,evaluated
periodic,upstream,b4_n8_duplicates_allowed,4,8,duplicates_allowed,0.2,rank,1000,True,True,evaluated
periodic,upstream,b4_n8_duplicates_allowed,4,8,duplicates_allowed,0.25,bitonic,1000,True,True,evaluated
periodic,upstream,b4_n8_duplicates_allowed,4,8,duplicates_allowed,0.25,rank,1000,True,True,evaluated
periodic,output,b4_n8_duplicates_allowed,4,8,duplicates_allowed,0.0,bitonic,1000,True,True,evaluated
periodic,output,b4_n8_duplicates_allowed,4,8,duplicates_allowed,0.0,rank,1000,True,True,evaluated
periodic,output,b4_n8_duplicates_allowed,4,8,duplicates_allowed,0.05,bitonic,1000,True,True,evaluated
periodic,output,b4_n8_duplicates_allowed,4,8,duplicates_allowed,0.05,rank,1000,True,True,evaluated
periodic,output,b4_n8_duplicates_allowed,4,8,duplicates_allowed,0.1,bitonic,1000,True,True,evaluated
periodic,output,b4_n8_duplicates_allowed,4,8,duplicates_allowed,0.1,rank,1000,True,True,evaluated
periodic,output,b4_n8_duplicates_allowed,4,8,duplicates_allowed,0.15,bitonic,1000,True,True,evaluated
periodic,output,b4_n8_duplicates_allowed,4,8,duplicates_allowed,0.15,rank,1000,True,True,evaluated
periodic,output,b4_n8_duplicates_allowed,4,8,duplicates_allowed,0.2,bitonic,1000,True,True,evaluated
periodic,output,b4_n8_duplicates_allowed,4,8,duplicates_allowed,0.2,rank,1000,True,True,evaluated
periodic,output,b4_n8_duplicates_allowed,4,8,duplicates_allowed,0.25,bitonic,1000,True,True,evaluated
periodic,output,b4_n8_duplicates_allowed,4,8,duplicates_allowed,0.25,rank,1000,True,True,evaluated
periodic,upstream,b4_n16_distinct,4,16,distinct,0.0,bitonic,1000,True,True,evaluated
periodic,upstream,b4_n16_distinct,4,16,distinct,0.0,rank,1000,True,True,evaluated
periodic,upstream,b4_n16_distinct,4,16,distinct,0.05,bitonic,1000,True,True,evaluated
periodic,upstream,b4_n16_distinct,4,16,distinct,0.05,rank,1000,True,True,evaluated
periodic,upstream,b4_n16_distinct,4,16,distinct,0.1,bitonic,1000,True,True,evaluated
periodic,upstream,b4_n16_distinct,4,16,distinct,0.1,rank,1000,True,True,evaluated
periodic,upstream,b4_n16_distinct,4,16,distinct,0.15,bitonic,1000,True,True,evaluated
periodic,upstream,b4_n16_distinct,4,16,distinct,0.15,rank,1000,True,True,evaluated
periodic,upstream,b4_n16_distinct,4,16,distinct,0.2,bitonic,1000,True,True,evaluated
periodic,upstream,b4_n16_distinct,4,16,distinct,0.2,rank,1000,True,True,evaluated
periodic,upstream,b4_n16_distinct,4,16,distinct,0.25,bitonic,1000,True,True,evaluated
periodic,upstream,b4_n16_distinct,4,16,distinct,0.25,rank,1000,True,True,evaluated
periodic,output,b4_n16_distinct,4,16,distinct,0.0,bitonic,1000,True,True,evaluated
periodic,output,b4_n16_distinct,4,16,distinct,0.0,rank,1000,True,True,evaluated
periodic,output,b4_n16_distinct,4,16,distinct,0.05,bitonic,1000,True,True,evaluated
periodic,output,b4_n16_distinct,4,16,distinct,0.05,rank,1000,True,True,evaluated
periodic,output,b4_n16_distinct,4,16,distinct,0.1,bitonic,1000,True,True,evaluated
periodic,output,b4_n16_distinct,4,16,distinct,0.1,rank,1000,True,True,evaluated
periodic,output,b4_n16_distinct,4,16,distinct,0.15,bitonic,1000,True,True,evaluated
periodic,output,b4_n16_distinct,4,16,distinct,0.15,rank,1000,True,True,evaluated
periodic,output,b4_n16_distinct,4,16,distinct,0.2,bitonic,1000,True,True,evaluated
periodic,output,b4_n16_distinct,4,16,distinct,0.2,rank,1000,True,True,evaluated
periodic,output,b4_n16_distinct,4,16,distinct,0.25,bitonic,1000,True,True,evaluated
periodic,output,b4_n16_distinct,4,16,distinct,0.25,rank,1000,True,True,evaluated
periodic,upstream,b4_n16_duplicates_allowed,4,16,duplicates_allowed,0.0,bitonic,1000,True,True,evaluated
periodic,upstream,b4_n16_duplicates_allowed,4,16,duplicates_allowed,0.0,rank,1000,True,True,evaluated
periodic,upstream,b4_n16_duplicates_allowed,4,16,duplicates_allowed,0.05,bitonic,1000,True,True,evaluated
periodic,upstream,b4_n16_duplicates_allowed,4,16,duplicates_allowed,0.05,rank,1000,True,True,evaluated
periodic,upstream,b4_n16_duplicates_allowed,4,16,duplicates_allowed,0.1,bitonic,1000,True,True,evaluated
periodic,upstream,b4_n16_duplicates_allowed,4,16,duplicates_allowed,0.1,rank,1000,True,True,evaluated
periodic,upstream,b4_n16_duplicates_allowed,4,16,duplicates_allowed,0.15,bitonic,1000,True,True,evaluated
periodic,upstream,b4_n16_duplicates_allowed,4,16,duplicates_allowed,0.15,rank,1000,True,True,evaluated
periodic,upstream,b4_n16_duplicates_allowed,4,16,duplicates_allowed,0.2,bitonic,1000,True,True,evaluated
periodic,upstream,b4_n16_duplicates_allowed,4,16,duplicates_allowed,0.2,rank,1000,True,True,evaluated
periodic,upstream,b4_n16_duplicates_allowed,4,16,duplicates_allowed,0.25,bitonic,1000,True,True,evaluated
periodic,upstream,b4_n16_duplicates_allowed,4,16,duplicates_allowed,0.25,rank,1000,True,True,evaluated
periodic,output,b4_n16_duplicates_allowed,4,16,duplicates_allowed,0.0,bitonic,1000,True,True,evaluated
periodic,output,b4_n16_duplicates_allowed,4,16,duplicates_allowed,0.0,rank,1000,True,True,evaluated
periodic,output,b4_n16_duplicates_allowed,4,16,duplicates_allowed,0.05,bitonic,1000,True,True,evaluated
periodic,output,b4_n16_duplicates_allowed,4,16,duplicates_allowed,0.05,rank,1000,True,True,evaluated
periodic,output,b4_n16_duplicates_allowed,4,16,duplicates_allowed,0.1,bitonic,1000,True,True,evaluated
periodic,output,b4_n16_duplicates_allowed,4,16,duplicates_allowed,0.1,rank,1000,True,True,evaluated
periodic,output,b4_n16_duplicates_allowed,4,16,duplicates_allowed,0.15,bitonic,1000,True,True,evaluated
periodic,output,b4_n16_duplicates_allowed,4,16,duplicates_allowed,0.15,rank,1000,True,True,evaluated
periodic,output,b4_n16_duplicates_allowed,4,16,duplicates_allowed,0.2,bitonic,1000,True,True,evaluated
periodic,output,b4_n16_duplicates_allowed,4,16,duplicates_allowed,0.2,rank,1000,True,True,evaluated
periodic,output,b4_n16_duplicates_allowed,4,16,duplicates_allowed,0.25,bitonic,1000,True,True,evaluated
periodic,output,b4_n16_duplicates_allowed,4,16,duplicates_allowed,0.25,rank,1000,True,True,evaluated
periodic,upstream,b8_n2_distinct,8,2,distinct,0.0,bitonic,1000,True,True,evaluated
periodic,upstream,b8_n2_distinct,8,2,distinct,0.0,rank,1000,True,True,evaluated
periodic,upstream,b8_n2_distinct,8,2,distinct,0.05,bitonic,1000,True,True,evaluated
periodic,upstream,b8_n2_distinct,8,2,distinct,0.05,rank,1000,True,True,evaluated
periodic,upstream,b8_n2_distinct,8,2,distinct,0.1,bitonic,1000,True,True,evaluated
periodic,upstream,b8_n2_distinct,8,2,distinct,0.1,rank,1000,True,True,evaluated
periodic,upstream,b8_n2_distinct,8,2,distinct,0.15,bitonic,1000,True,True,evaluated
periodic,upstream,b8_n2_distinct,8,2,distinct,0.15,rank,1000,True,True,evaluated
periodic,upstream,b8_n2_distinct,8,2,distinct,0.2,bitonic,1000,True,True,evaluated
periodic,upstream,b8_n2_distinct,8,2,distinct,0.2,rank,1000,True,True,evaluated
periodic,upstream,b8_n2_distinct,8,2,distinct,0.25,bitonic,1000,True,True,evaluated
periodic,upstream,b8_n2_distinct,8,2,distinct,0.25,rank,1000,True,True,evaluated
periodic,output,b8_n2_distinct,8,2,distinct,0.0,bitonic,1000,True,True,evaluated
periodic,output,b8_n2_distinct,8,2,distinct,0.0,rank,1000,True,True,evaluated
periodic,output,b8_n2_distinct,8,2,distinct,0.05,bitonic,1000,True,True,evaluated
periodic,output,b8_n2_distinct,8,2,distinct,0.05,rank,1000,True,True,evaluated
periodic,output,b8_n2_distinct,8,2,distinct,0.1,bitonic,1000,True,True,evaluated
periodic,output,b8_n2_distinct,8,2,distinct,0.1,rank,1000,True,True,evaluated
periodic,output,b8_n2_distinct,8,2,distinct,0.15,bitonic,1000,True,True,evaluated
periodic,output,b8_n2_distinct,8,2,distinct,0.15,rank,1000,True,True,evaluated
periodic,output,b8_n2_distinct,8,2,distinct,0.2,bitonic,1000,True,True,evaluated
periodic,output,b8_n2_distinct,8,2,distinct,0.2,rank,1000,True,True,evaluated
periodic,output,b8_n2_distinct,8,2,distinct,0.25,bitonic,1000,True,True,evaluated
periodic,output,b8_n2_distinct,8,2,distinct,0.25,rank,1000,True,True,evaluated
periodic,upstream,b8_n2_duplicates_allowed,8,2,duplicates_allowed,0.0,bitonic,1000,True,True,evaluated
periodic,upstream,b8_n2_duplicates_allowed,8,2,duplicates_allowed,0.0,rank,1000,True,True,evaluated
periodic,upstream,b8_n2_duplicates_allowed,8,2,duplicates_allowed,0.05,bitonic,1000,True,True,evaluated
periodic,upstream,b8_n2_duplicates_allowed,8,2,duplicates_allowed,0.05,rank,1000,True,True,evaluated
periodic,upstream,b8_n2_duplicates_allowed,8,2,duplicates_allowed,0.1,bitonic,1000,True,True,evaluated
periodic,upstream,b8_n2_duplicates_allowed,8,2,duplicates_allowed,0.1,rank,1000,True,True,evaluated
periodic,upstream,b8_n2_duplicates_allowed,8,2,duplicates_allowed,0.15,bitonic,1000,True,True,evaluated
periodic,upstream,b8_n2_duplicates_allowed,8,2,duplicates_allowed,0.15,rank,1000,True,True,evaluated
periodic,upstream,b8_n2_duplicates_allowed,8,2,duplicates_allowed,0.2,bitonic,1000,True,True,evaluated
periodic,upstream,b8_n2_duplicates_allowed,8,2,duplicates_allowed,0.2,rank,1000,True,True,evaluated
periodic,upstream,b8_n2_duplicates_allowed,8,2,duplicates_allowed,0.25,bitonic,1000,True,True,evaluated
periodic,upstream,b8_n2_duplicates_allowed,8,2,duplicates_allowed,0.25,rank,1000,True,True,evaluated
periodic,output,b8_n2_duplicates_allowed,8,2,duplicates_allowed,0.0,bitonic,1000,True,True,evaluated
periodic,output,b8_n2_duplicates_allowed,8,2,duplicates_allowed,0.0,rank,1000,True,True,evaluated
periodic,output,b8_n2_duplicates_allowed,8,2,duplicates_allowed,0.05,bitonic,1000,True,True,evaluated
periodic,output,b8_n2_duplicates_allowed,8,2,duplicates_allowed,0.05,rank,1000,True,True,evaluated
periodic,output,b8_n2_duplicates_allowed,8,2,duplicates_allowed,0.1,bitonic,1000,True,True,evaluated
periodic,output,b8_n2_duplicates_allowed,8,2,duplicates_allowed,0.1,rank,1000,True,True,evaluated
periodic,output,b8_n2_duplicates_allowed,8,2,duplicates_allowed,0.15,bitonic,1000,True,True,evaluated
periodic,output,b8_n2_duplicates_allowed,8,2,duplicates_allowed,0.15,rank,1000,True,True,evaluated
periodic,output,b8_n2_duplicates_allowed,8,2,duplicates_allowed,0.2,bitonic,1000,True,True,evaluated
periodic,output,b8_n2_duplicates_allowed,8,2,duplicates_allowed,0.2,rank,1000,True,True,evaluated
periodic,output,b8_n2_duplicates_allowed,8,2,duplicates_allowed,0.25,bitonic,1000,True,True,evaluated
periodic,output,b8_n2_duplicates_allowed,8,2,duplicates_allowed,0.25,rank,1000,True,True,evaluated
periodic,upstream,b8_n4_distinct,8,4,distinct,0.0,bitonic,1000,True,True,evaluated
periodic,upstream,b8_n4_distinct,8,4,distinct,0.0,rank,1000,True,True,evaluated
periodic,upstream,b8_n4_distinct,8,4,distinct,0.05,bitonic,1000,True,True,evaluated
periodic,upstream,b8_n4_distinct,8,4,distinct,0.05,rank,1000,True,True,evaluated
periodic,upstream,b8_n4_distinct,8,4,distinct,0.1,bitonic,1000,True,True,evaluated
periodic,upstream,b8_n4_distinct,8,4,distinct,0.1,rank,1000,True,True,evaluated
periodic,upstream,b8_n4_distinct,8,4,distinct,0.15,bitonic,1000,True,True,evaluated
periodic,upstream,b8_n4_distinct,8,4,distinct,0.15,rank,1000,True,True,evaluated
periodic,upstream,b8_n4_distinct,8,4,distinct,0.2,bitonic,1000,True,True,evaluated
periodic,upstream,b8_n4_distinct,8,4,distinct,0.2,rank,1000,True,True,evaluated
periodic,upstream,b8_n4_distinct,8,4,distinct,0.25,bitonic,1000,True,True,evaluated
periodic,upstream,b8_n4_distinct,8,4,distinct,0.25,rank,1000,True,True,evaluated
periodic,output,b8_n4_distinct,8,4,distinct,0.0,bitonic,1000,True,True,evaluated
periodic,output,b8_n4_distinct,8,4,distinct,0.0,rank,1000,True,True,evaluated
periodic,output,b8_n4_distinct,8,4,distinct,0.05,bitonic,1000,True,True,evaluated
periodic,output,b8_n4_distinct,8,4,distinct,0.05,rank,1000,True,True,evaluated
periodic,output,b8_n4_distinct,8,4,distinct,0.1,bitonic,1000,True,True,evaluated
periodic,output,b8_n4_distinct,8,4,distinct,0.1,rank,1000,True,True,evaluated
periodic,output,b8_n4_distinct,8,4,distinct,0.15,bitonic,1000,True,True,evaluated
periodic,output,b8_n4_distinct,8,4,distinct,0.15,rank,1000,True,True,evaluated
periodic,output,b8_n4_distinct,8,4,distinct,0.2,bitonic,1000,True,True,evaluated
periodic,output,b8_n4_distinct,8,4,distinct,0.2,rank,1000,True,True,evaluated
periodic,output,b8_n4_distinct,8,4,distinct,0.25,bitonic,1000,True,True,evaluated
periodic,output,b8_n4_distinct,8,4,distinct,0.25,rank,1000,True,True,evaluated
periodic,upstream,b8_n4_duplicates_allowed,8,4,duplicates_allowed,0.0,bitonic,1000,True,True,evaluated
periodic,upstream,b8_n4_duplicates_allowed,8,4,duplicates_allowed,0.0,rank,1000,True,True,evaluated
periodic,upstream,b8_n4_duplicates_allowed,8,4,duplicates_allowed,0.05,bitonic,1000,True,True,evaluated
periodic,upstream,b8_n4_duplicates_allowed,8,4,duplicates_allowed,0.05,rank,1000,True,True,evaluated
periodic,upstream,b8_n4_duplicates_allowed,8,4,duplicates_allowed,0.1,bitonic,1000,True,True,evaluated
periodic,upstream,b8_n4_duplicates_allowed,8,4,duplicates_allowed,0.1,rank,1000,True,True,evaluated
periodic,upstream,b8_n4_duplicates_allowed,8,4,duplicates_allowed,0.15,bitonic,1000,True,True,evaluated
periodic,upstream,b8_n4_duplicates_allowed,8,4,duplicates_allowed,0.15,rank,1000,True,True,evaluated
periodic,upstream,b8_n4_duplicates_allowed,8,4,duplicates_allowed,0.2,bitonic,1000,True,True,evaluated
periodic,upstream,b8_n4_duplicates_allowed,8,4,duplicates_allowed,0.2,rank,1000,True,True,evaluated
periodic,upstream,b8_n4_duplicates_allowed,8,4,duplicates_allowed,0.25,bitonic,1000,True,True,evaluated
periodic,upstream,b8_n4_duplicates_allowed,8,4,duplicates_allowed,0.25,rank,1000,True,True,evaluated
periodic,output,b8_n4_duplicates_allowed,8,4,duplicates_allowed,0.0,bitonic,1000,True,True,evaluated
periodic,output,b8_n4_duplicates_allowed,8,4,duplicates_allowed,0.0,rank,1000,True,True,evaluated
periodic,output,b8_n4_duplicates_allowed,8,4,duplicates_allowed,0.05,bitonic,1000,True,True,evaluated
periodic,output,b8_n4_duplicates_allowed,8,4,duplicates_allowed,0.05,rank,1000,True,True,evaluated
periodic,output,b8_n4_duplicates_allowed,8,4,duplicates_allowed,0.1,bitonic,1000,True,True,evaluated
periodic,output,b8_n4_duplicates_allowed,8,4,duplicates_allowed,0.1,rank,1000,True,True,evaluated
periodic,output,b8_n4_duplicates_allowed,8,4,duplicates_allowed,0.15,bitonic,1000,True,True,evaluated
periodic,output,b8_n4_duplicates_allowed,8,4,duplicates_allowed,0.15,rank,1000,True,True,evaluated
periodic,output,b8_n4_duplicates_allowed,8,4,duplicates_allowed,0.2,bitonic,1000,True,True,evaluated
periodic,output,b8_n4_duplicates_allowed,8,4,duplicates_allowed,0.2,rank,1000,True,True,evaluated
periodic,output,b8_n4_duplicates_allowed,8,4,duplicates_allowed,0.25,bitonic,1000,True,True,evaluated
periodic,output,b8_n4_duplicates_allowed,8,4,duplicates_allowed,0.25,rank,1000,True,True,evaluated
periodic,upstream,b8_n8_distinct,8,8,distinct,0.0,bitonic,1000,True,True,evaluated
periodic,upstream,b8_n8_distinct,8,8,distinct,0.0,rank,1000,True,True,evaluated
periodic,upstream,b8_n8_distinct,8,8,distinct,0.05,bitonic,1000,True,True,evaluated
periodic,upstream,b8_n8_distinct,8,8,distinct,0.05,rank,1000,True,True,evaluated
periodic,upstream,b8_n8_distinct,8,8,distinct,0.1,bitonic,1000,True,True,evaluated
periodic,upstream,b8_n8_distinct,8,8,distinct,0.1,rank,1000,True,True,evaluated
periodic,upstream,b8_n8_distinct,8,8,distinct,0.15,bitonic,1000,True,True,evaluated
periodic,upstream,b8_n8_distinct,8,8,distinct,0.15,rank,1000,True,True,evaluated
periodic,upstream,b8_n8_distinct,8,8,distinct,0.2,bitonic,1000,True,True,evaluated
periodic,upstream,b8_n8_distinct,8,8,distinct,0.2,rank,1000,True,True,evaluated
periodic,upstream,b8_n8_distinct,8,8,distinct,0.25,bitonic,1000,True,True,evaluated
periodic,upstream,b8_n8_distinct,8,8,distinct,0.25,rank,1000,True,True,evaluated
periodic,output,b8_n8_distinct,8,8,distinct,0.0,bitonic,1000,True,True,evaluated
periodic,output,b8_n8_distinct,8,8,distinct,0.0,rank,1000,True,True,evaluated
periodic,output,b8_n8_distinct,8,8,distinct,0.05,bitonic,1000,True,True,evaluated
periodic,output,b8_n8_distinct,8,8,distinct,0.05,rank,1000,True,True,evaluated
periodic,output,b8_n8_distinct,8,8,distinct,0.1,bitonic,1000,True,True,evaluated
periodic,output,b8_n8_distinct,8,8,distinct,0.1,rank,1000,True,True,evaluated
periodic,output,b8_n8_distinct,8,8,distinct,0.15,bitonic,1000,True,True,evaluated
periodic,output,b8_n8_distinct,8,8,distinct,0.15,rank,1000,True,True,evaluated
periodic,output,b8_n8_distinct,8,8,distinct,0.2,bitonic,1000,True,True,evaluated
periodic,output,b8_n8_distinct,8,8,distinct,0.2,rank,1000,True,True,evaluated
periodic,output,b8_n8_distinct,8,8,distinct,0.25,bitonic,1000,True,True,evaluated
periodic,output,b8_n8_distinct,8,8,distinct,0.25,rank,1000,True,True,evaluated
periodic,upstream,b8_n8_duplicates_allowed,8,8,duplicates_allowed,0.0,bitonic,1000,True,True,evaluated
periodic,upstream,b8_n8_duplicates_allowed,8,8,duplicates_allowed,0.0,rank,1000,True,True,evaluated
periodic,upstream,b8_n8_duplicates_allowed,8,8,duplicates_allowed,0.05,bitonic,1000,True,True,evaluated
periodic,upstream,b8_n8_duplicates_allowed,8,8,duplicates_allowed,0.05,rank,1000,True,True,evaluated
periodic,upstream,b8_n8_duplicates_allowed,8,8,duplicates_allowed,0.1,bitonic,1000,True,True,evaluated
periodic,upstream,b8_n8_duplicates_allowed,8,8,duplicates_allowed,0.1,rank,1000,True,True,evaluated
periodic,upstream,b8_n8_duplicates_allowed,8,8,duplicates_allowed,0.15,bitonic,1000,True,True,evaluated
periodic,upstream,b8_n8_duplicates_allowed,8,8,duplicates_allowed,0.15,rank,1000,True,True,evaluated
periodic,upstream,b8_n8_duplicates_allowed,8,8,duplicates_allowed,0.2,bitonic,1000,True,True,evaluated
periodic,upstream,b8_n8_duplicates_allowed,8,8,duplicates_allowed,0.2,rank,1000,True,True,evaluated
periodic,upstream,b8_n8_duplicates_allowed,8,8,duplicates_allowed,0.25,bitonic,1000,True,True,evaluated
periodic,upstream,b8_n8_duplicates_allowed,8,8,duplicates_allowed,0.25,rank,1000,True,True,evaluated
periodic,output,b8_n8_duplicates_allowed,8,8,duplicates_allowed,0.0,bitonic,1000,True,True,evaluated
periodic,output,b8_n8_duplicates_allowed,8,8,duplicates_allowed,0.0,rank,1000,True,True,evaluated
periodic,output,b8_n8_duplicates_allowed,8,8,duplicates_allowed,0.05,bitonic,1000,True,True,evaluated
periodic,output,b8_n8_duplicates_allowed,8,8,duplicates_allowed,0.05,rank,1000,True,True,evaluated
periodic,output,b8_n8_duplicates_allowed,8,8,duplicates_allowed,0.1,bitonic,1000,True,True,evaluated
periodic,output,b8_n8_duplicates_allowed,8,8,duplicates_allowed,0.1,rank,1000,True,True,evaluated
periodic,output,b8_n8_duplicates_allowed,8,8,duplicates_allowed,0.15,bitonic,1000,True,True,evaluated
periodic,output,b8_n8_duplicates_allowed,8,8,duplicates_allowed,0.15,rank,1000,True,True,evaluated
periodic,output,b8_n8_duplicates_allowed,8,8,duplicates_allowed,0.2,bitonic,1000,True,True,evaluated
periodic,output,b8_n8_duplicates_allowed,8,8,duplicates_allowed,0.2,rank,1000,True,True,evaluated
periodic,output,b8_n8_duplicates_allowed,8,8,duplicates_allowed,0.25,bitonic,1000,True,True,evaluated
periodic,output,b8_n8_duplicates_allowed,8,8,duplicates_allowed,0.25,rank,1000,True,True,evaluated
periodic,upstream,b8_n16_distinct,8,16,distinct,0.0,bitonic,1000,True,True,evaluated
periodic,upstream,b8_n16_distinct,8,16,distinct,0.0,rank,1000,True,True,evaluated
periodic,upstream,b8_n16_distinct,8,16,distinct,0.05,bitonic,1000,True,True,evaluated
periodic,upstream,b8_n16_distinct,8,16,distinct,0.05,rank,1000,True,True,evaluated
periodic,upstream,b8_n16_distinct,8,16,distinct,0.1,bitonic,1000,True,True,evaluated
periodic,upstream,b8_n16_distinct,8,16,distinct,0.1,rank,1000,True,True,evaluated
periodic,upstream,b8_n16_distinct,8,16,distinct,0.15,bitonic,1000,True,True,evaluated
periodic,upstream,b8_n16_distinct,8,16,distinct,0.15,rank,1000,True,True,evaluated
periodic,upstream,b8_n16_distinct,8,16,distinct,0.2,bitonic,1000,True,True,evaluated
periodic,upstream,b8_n16_distinct,8,16,distinct,0.2,rank,1000,True,True,evaluated
periodic,upstream,b8_n16_distinct,8,16,distinct,0.25,bitonic,1000,True,True,evaluated
periodic,upstream,b8_n16_distinct,8,16,distinct,0.25,rank,1000,True,True,evaluated
periodic,output,b8_n16_distinct,8,16,distinct,0.0,bitonic,1000,True,True,evaluated
periodic,output,b8_n16_distinct,8,16,distinct,0.0,rank,1000,True,True,evaluated
periodic,output,b8_n16_distinct,8,16,distinct,0.05,bitonic,1000,True,True,evaluated
periodic,output,b8_n16_distinct,8,16,distinct,0.05,rank,1000,True,True,evaluated
periodic,output,b8_n16_distinct,8,16,distinct,0.1,bitonic,1000,True,True,evaluated
periodic,output,b8_n16_distinct,8,16,distinct,0.1,rank,1000,True,True,evaluated
periodic,output,b8_n16_distinct,8,16,distinct,0.15,bitonic,1000,True,True,evaluated
periodic,output,b8_n16_distinct,8,16,distinct,0.15,rank,1000,True,True,evaluated
periodic,output,b8_n16_distinct,8,16,distinct,0.2,bitonic,1000,True,True,evaluated
periodic,output,b8_n16_distinct,8,16,distinct,0.2,rank,1000,True,True,evaluated
periodic,output,b8_n16_distinct,8,16,distinct,0.25,bitonic,1000,True,True,evaluated
periodic,output,b8_n16_distinct,8,16,distinct,0.25,rank,1000,True,True,evaluated
periodic,upstream,b8_n16_duplicates_allowed,8,16,duplicates_allowed,0.0,bitonic,1000,True,True,evaluated
periodic,upstream,b8_n16_duplicates_allowed,8,16,duplicates_allowed,0.0,rank,1000,True,True,evaluated
periodic,upstream,b8_n16_duplicates_allowed,8,16,duplicates_allowed,0.05,bitonic,1000,True,True,evaluated
periodic,upstream,b8_n16_duplicates_allowed,8,16,duplicates_allowed,0.05,rank,1000,True,True,evaluated
periodic,upstream,b8_n16_duplicates_allowed,8,16,duplicates_allowed,0.1,bitonic,1000,True,True,evaluated
periodic,upstream,b8_n16_duplicates_allowed,8,16,duplicates_allowed,0.1,rank,1000,True,True,evaluated
periodic,upstream,b8_n16_duplicates_allowed,8,16,duplicates_allowed,0.15,bitonic,1000,True,True,evaluated
periodic,upstream,b8_n16_duplicates_allowed,8,16,duplicates_allowed,0.15,rank,1000,True,True,evaluated
periodic,upstream,b8_n16_duplicates_allowed,8,16,duplicates_allowed,0.2,bitonic,1000,True,True,evaluated
periodic,upstream,b8_n16_duplicates_allowed,8,16,duplicates_allowed,0.2,rank,1000,True,True,evaluated
periodic,upstream,b8_n16_duplicates_allowed,8,16,duplicates_allowed,0.25,bitonic,1000,True,True,evaluated
periodic,upstream,b8_n16_duplicates_allowed,8,16,duplicates_allowed,0.25,rank,1000,True,True,evaluated
periodic,output,b8_n16_duplicates_allowed,8,16,duplicates_allowed,0.0,bitonic,1000,True,True,evaluated
periodic,output,b8_n16_duplicates_allowed,8,16,duplicates_allowed,0.0,rank,1000,True,True,evaluated
periodic,output,b8_n16_duplicates_allowed,8,16,duplicates_allowed,0.05,bitonic,1000,True,True,evaluated
periodic,output,b8_n16_duplicates_allowed,8,16,duplicates_allowed,0.05,rank,1000,True,True,evaluated
periodic,output,b8_n16_duplicates_allowed,8,16,duplicates_allowed,0.1,bitonic,1000,True,True,evaluated
periodic,output,b8_n16_duplicates_allowed,8,16,duplicates_allowed,0.1,rank,1000,True,True,evaluated
periodic,output,b8_n16_duplicates_allowed,8,16,duplicates_allowed,0.15,bitonic,1000,True,True,evaluated
periodic,output,b8_n16_duplicates_allowed,8,16,duplicates_allowed,0.15,rank,1000,True,True,evaluated
periodic,output,b8_n16_duplicates_allowed,8,16,duplicates_allowed,0.2,bitonic,1000,True,True,evaluated
periodic,output,b8_n16_duplicates_allowed,8,16,duplicates_allowed,0.2,rank,1000,True,True,evaluated
periodic,output,b8_n16_duplicates_allowed,8,16,duplicates_allowed,0.25,bitonic,1000,True,True,evaluated
periodic,output,b8_n16_duplicates_allowed,8,16,duplicates_allowed,0.25,rank,1000,True,True,evaluated
periodic,upstream,b8_n32_distinct,8,32,distinct,0.0,bitonic,1000,True,True,evaluated
periodic,upstream,b8_n32_distinct,8,32,distinct,0.0,rank,1000,True,True,evaluated
periodic,upstream,b8_n32_distinct,8,32,distinct,0.05,bitonic,1000,True,True,evaluated
periodic,upstream,b8_n32_distinct,8,32,distinct,0.05,rank,1000,True,True,evaluated
periodic,upstream,b8_n32_distinct,8,32,distinct,0.1,bitonic,1000,True,True,evaluated
periodic,upstream,b8_n32_distinct,8,32,distinct,0.1,rank,1000,True,True,evaluated
periodic,upstream,b8_n32_distinct,8,32,distinct,0.15,bitonic,1000,True,True,evaluated
periodic,upstream,b8_n32_distinct,8,32,distinct,0.15,rank,1000,True,True,evaluated
periodic,upstream,b8_n32_distinct,8,32,distinct,0.2,bitonic,1000,True,True,evaluated
periodic,upstream,b8_n32_distinct,8,32,distinct,0.2,rank,1000,True,True,evaluated
periodic,upstream,b8_n32_distinct,8,32,distinct,0.25,bitonic,1000,True,True,evaluated
periodic,upstream,b8_n32_distinct,8,32,distinct,0.25,rank,1000,True,True,evaluated
periodic,output,b8_n32_distinct,8,32,distinct,0.0,bitonic,1000,True,True,evaluated
periodic,output,b8_n32_distinct,8,32,distinct,0.0,rank,1000,True,True,evaluated
periodic,output,b8_n32_distinct,8,32,distinct,0.05,bitonic,1000,True,True,evaluated
periodic,output,b8_n32_distinct,8,32,distinct,0.05,rank,1000,True,True,evaluated
periodic,output,b8_n32_distinct,8,32,distinct,0.1,bitonic,1000,True,True,evaluated
periodic,output,b8_n32_distinct,8,32,distinct,0.1,rank,1000,True,True,evaluated
periodic,output,b8_n32_distinct,8,32,distinct,0.15,bitonic,1000,True,True,evaluated
periodic,output,b8_n32_distinct,8,32,distinct,0.15,rank,1000,True,True,evaluated
periodic,output,b8_n32_distinct,8,32,distinct,0.2,bitonic,1000,True,True,evaluated
periodic,output,b8_n32_distinct,8,32,distinct,0.2,rank,1000,True,True,evaluated
periodic,output,b8_n32_distinct,8,32,distinct,0.25,bitonic,1000,True,True,evaluated
periodic,output,b8_n32_distinct,8,32,distinct,0.25,rank,1000,True,True,evaluated
periodic,upstream,b8_n32_duplicates_allowed,8,32,duplicates_allowed,0.0,bitonic,1000,True,True,evaluated
periodic,upstream,b8_n32_duplicates_allowed,8,32,duplicates_allowed,0.0,rank,1000,True,True,evaluated
periodic,upstream,b8_n32_duplicates_allowed,8,32,duplicates_allowed,0.05,bitonic,1000,True,True,evaluated
periodic,upstream,b8_n32_duplicates_allowed,8,32,duplicates_allowed,0.05,rank,1000,True,True,evaluated
periodic,upstream,b8_n32_duplicates_allowed,8,32,duplicates_allowed,0.1,bitonic,1000,True,True,evaluated
periodic,upstream,b8_n32_duplicates_allowed,8,32,duplicates_allowed,0.1,rank,1000,True,True,evaluated
periodic,upstream,b8_n32_duplicates_allowed,8,32,duplicates_allowed,0.15,bitonic,1000,True,True,evaluated
periodic,upstream,b8_n32_duplicates_allowed,8,32,duplicates_allowed,0.15,rank,1000,True,True,evaluated
periodic,upstream,b8_n32_duplicates_allowed,8,32,duplicates_allowed,0.2,bitonic,1000,True,True,evaluated
periodic,upstream,b8_n32_duplicates_allowed,8,32,duplicates_allowed,0.2,rank,1000,True,True,evaluated
periodic,upstream,b8_n32_duplicates_allowed,8,32,duplicates_allowed,0.25,bitonic,1000,True,True,evaluated
periodic,upstream,b8_n32_duplicates_allowed,8,32,duplicates_allowed,0.25,rank,1000,True,True,evaluated
periodic,output,b8_n32_duplicates_allowed,8,32,duplicates_allowed,0.0,bitonic,1000,True,True,evaluated
periodic,output,b8_n32_duplicates_allowed,8,32,duplicates_allowed,0.0,rank,1000,True,True,evaluated
periodic,output,b8_n32_duplicates_allowed,8,32,duplicates_allowed,0.05,bitonic,1000,True,True,evaluated
periodic,output,b8_n32_duplicates_allowed,8,32,duplicates_allowed,0.05,rank,1000,True,True,evaluated
periodic,output,b8_n32_duplicates_allowed,8,32,duplicates_allowed,0.1,bitonic,1000,True,True,evaluated
periodic,output,b8_n32_duplicates_allowed,8,32,duplicates_allowed,0.1,rank,1000,True,True,evaluated
periodic,output,b8_n32_duplicates_allowed,8,32,duplicates_allowed,0.15,bitonic,1000,True,True,evaluated
periodic,output,b8_n32_duplicates_allowed,8,32,duplicates_allowed,0.15,rank,1000,True,True,evaluated
periodic,output,b8_n32_duplicates_allowed,8,32,duplicates_allowed,0.2,bitonic,1000,True,True,evaluated
periodic,output,b8_n32_duplicates_allowed,8,32,duplicates_allowed,0.2,rank,1000,True,True,evaluated
periodic,output,b8_n32_duplicates_allowed,8,32,duplicates_allowed,0.25,bitonic,1000,True,True,evaluated
periodic,output,b8_n32_duplicates_allowed,8,32,duplicates_allowed,0.25,rank,1000,True,True,evaluated
periodic,upstream,b8_n64_distinct,8,64,distinct,0.0,bitonic,1000,True,True,evaluated
periodic,upstream,b8_n64_distinct,8,64,distinct,0.0,rank,1000,True,True,evaluated
periodic,upstream,b8_n64_distinct,8,64,distinct,0.05,bitonic,1000,True,True,evaluated
periodic,upstream,b8_n64_distinct,8,64,distinct,0.05,rank,1000,True,True,evaluated
periodic,upstream,b8_n64_distinct,8,64,distinct,0.1,bitonic,1000,True,True,evaluated
periodic,upstream,b8_n64_distinct,8,64,distinct,0.1,rank,1000,True,True,evaluated
periodic,upstream,b8_n64_distinct,8,64,distinct,0.15,bitonic,1000,True,True,evaluated
periodic,upstream,b8_n64_distinct,8,64,distinct,0.15,rank,1000,True,True,evaluated
periodic,upstream,b8_n64_distinct,8,64,distinct,0.2,bitonic,1000,True,True,evaluated
periodic,upstream,b8_n64_distinct,8,64,distinct,0.2,rank,1000,True,True,evaluated
periodic,upstream,b8_n64_distinct,8,64,distinct,0.25,bitonic,1000,True,True,evaluated
periodic,upstream,b8_n64_distinct,8,64,distinct,0.25,rank,1000,True,True,evaluated
periodic,output,b8_n64_distinct,8,64,distinct,0.0,bitonic,1000,True,True,evaluated
periodic,output,b8_n64_distinct,8,64,distinct,0.0,rank,1000,True,True,evaluated
periodic,output,b8_n64_distinct,8,64,distinct,0.05,bitonic,1000,True,True,evaluated
periodic,output,b8_n64_distinct,8,64,distinct,0.05,rank,1000,True,True,evaluated
periodic,output,b8_n64_distinct,8,64,distinct,0.1,bitonic,1000,True,True,evaluated
periodic,output,b8_n64_distinct,8,64,distinct,0.1,rank,1000,True,True,evaluated
periodic,output,b8_n64_distinct,8,64,distinct,0.15,bitonic,1000,True,True,evaluated
periodic,output,b8_n64_distinct,8,64,distinct,0.15,rank,1000,True,True,evaluated
periodic,output,b8_n64_distinct,8,64,distinct,0.2,bitonic,1000,True,True,evaluated
periodic,output,b8_n64_distinct,8,64,distinct,0.2,rank,1000,True,True,evaluated
periodic,output,b8_n64_distinct,8,64,distinct,0.25,bitonic,1000,True,True,evaluated
periodic,output,b8_n64_distinct,8,64,distinct,0.25,rank,1000,True,True,evaluated
periodic,upstream,b8_n64_duplicates_allowed,8,64,duplicates_allowed,0.0,bitonic,1000,True,True,evaluated
periodic,upstream,b8_n64_duplicates_allowed,8,64,duplicates_allowed,0.0,rank,1000,True,True,evaluated
periodic,upstream,b8_n64_duplicates_allowed,8,64,duplicates_allowed,0.05,bitonic,1000,True,True,evaluated
periodic,upstream,b8_n64_duplicates_allowed,8,64,duplicates_allowed,0.05,rank,1000,True,True,evaluated
periodic,upstream,b8_n64_duplicates_allowed,8,64,duplicates_allowed,0.1,bitonic,1000,True,True,evaluated
periodic,upstream,b8_n64_duplicates_allowed,8,64,duplicates_allowed,0.1,rank,1000,True,True,evaluated
periodic,upstream,b8_n64_duplicates_allowed,8,64,duplicates_allowed,0.15,bitonic,1000,True,True,evaluated
periodic,upstream,b8_n64_duplicates_allowed,8,64,duplicates_allowed,0.15,rank,1000,True,True,evaluated
periodic,upstream,b8_n64_duplicates_allowed,8,64,duplicates_allowed,0.2,bitonic,1000,True,True,evaluated
periodic,upstream,b8_n64_duplicates_allowed,8,64,duplicates_allowed,0.2,rank,1000,True,True,evaluated
periodic,upstream,b8_n64_duplicates_allowed,8,64,duplicates_allowed,0.25,bitonic,1000,True,True,evaluated
periodic,upstream,b8_n64_duplicates_allowed,8,64,duplicates_allowed,0.25,rank,1000,True,True,evaluated
periodic,output,b8_n64_duplicates_allowed,8,64,duplicates_allowed,0.0,bitonic,1000,True,True,evaluated
periodic,output,b8_n64_duplicates_allowed,8,64,duplicates_allowed,0.0,rank,1000,True,True,evaluated
periodic,output,b8_n64_duplicates_allowed,8,64,duplicates_allowed,0.05,bitonic,1000,True,True,evaluated
periodic,output,b8_n64_duplicates_allowed,8,64,duplicates_allowed,0.05,rank,1000,True,True,evaluated
periodic,output,b8_n64_duplicates_allowed,8,64,duplicates_allowed,0.1,bitonic,1000,True,True,evaluated
periodic,output,b8_n64_duplicates_allowed,8,64,duplicates_allowed,0.1,rank,1000,True,True,evaluated
periodic,output,b8_n64_duplicates_allowed,8,64,duplicates_allowed,0.15,bitonic,1000,True,True,evaluated
periodic,output,b8_n64_duplicates_allowed,8,64,duplicates_allowed,0.15,rank,1000,True,True,evaluated
periodic,output,b8_n64_duplicates_allowed,8,64,duplicates_allowed,0.2,bitonic,1000,True,True,evaluated
periodic,output,b8_n64_duplicates_allowed,8,64,duplicates_allowed,0.2,rank,1000,True,True,evaluated
periodic,output,b8_n64_duplicates_allowed,8,64,duplicates_allowed,0.25,bitonic,1000,True,True,evaluated
periodic,output,b8_n64_duplicates_allowed,8,64,duplicates_allowed,0.25,rank,1000,True,True,evaluated
periodic,upstream,b8_n128_distinct,8,128,distinct,0.0,bitonic,1000,True,True,evaluated
periodic,upstream,b8_n128_distinct,8,128,distinct,0.0,rank,1000,True,True,evaluated
periodic,upstream,b8_n128_distinct,8,128,distinct,0.05,bitonic,1000,True,True,evaluated
periodic,upstream,b8_n128_distinct,8,128,distinct,0.05,rank,1000,True,True,evaluated
periodic,upstream,b8_n128_distinct,8,128,distinct,0.1,bitonic,1000,True,True,evaluated
periodic,upstream,b8_n128_distinct,8,128,distinct,0.1,rank,1000,True,True,evaluated
periodic,upstream,b8_n128_distinct,8,128,distinct,0.15,bitonic,1000,True,True,evaluated
periodic,upstream,b8_n128_distinct,8,128,distinct,0.15,rank,1000,True,True,evaluated
periodic,upstream,b8_n128_distinct,8,128,distinct,0.2,bitonic,1000,True,True,evaluated
periodic,upstream,b8_n128_distinct,8,128,distinct,0.2,rank,1000,True,True,evaluated
periodic,upstream,b8_n128_distinct,8,128,distinct,0.25,bitonic,1000,True,True,evaluated
periodic,upstream,b8_n128_distinct,8,128,distinct,0.25,rank,1000,True,True,evaluated
periodic,output,b8_n128_distinct,8,128,distinct,0.0,bitonic,1000,True,True,evaluated
periodic,output,b8_n128_distinct,8,128,distinct,0.0,rank,1000,True,True,evaluated
periodic,output,b8_n128_distinct,8,128,distinct,0.05,bitonic,1000,True,True,evaluated
periodic,output,b8_n128_distinct,8,128,distinct,0.05,rank,1000,True,True,evaluated
periodic,output,b8_n128_distinct,8,128,distinct,0.1,bitonic,1000,True,True,evaluated
periodic,output,b8_n128_distinct,8,128,distinct,0.1,rank,1000,True,True,evaluated
periodic,output,b8_n128_distinct,8,128,distinct,0.15,bitonic,1000,True,True,evaluated
periodic,output,b8_n128_distinct,8,128,distinct,0.15,rank,1000,True,True,evaluated
periodic,output,b8_n128_distinct,8,128,distinct,0.2,bitonic,1000,True,True,evaluated
periodic,output,b8_n128_distinct,8,128,distinct,0.2,rank,1000,True,True,evaluated
periodic,output,b8_n128_distinct,8,128,distinct,0.25,bitonic,1000,True,True,evaluated
periodic,output,b8_n128_distinct,8,128,distinct,0.25,rank,1000,True,True,evaluated
periodic,upstream,b8_n128_duplicates_allowed,8,128,duplicates_allowed,0.0,bitonic,1000,True,True,evaluated
periodic,upstream,b8_n128_duplicates_allowed,8,128,duplicates_allowed,0.0,rank,1000,True,True,evaluated
periodic,upstream,b8_n128_duplicates_allowed,8,128,duplicates_allowed,0.05,bitonic,1000,True,True,evaluated
periodic,upstream,b8_n128_duplicates_allowed,8,128,duplicates_allowed,0.05,rank,1000,True,True,evaluated
periodic,upstream,b8_n128_duplicates_allowed,8,128,duplicates_allowed,0.1,bitonic,1000,True,True,evaluated
periodic,upstream,b8_n128_duplicates_allowed,8,128,duplicates_allowed,0.1,rank,1000,True,True,evaluated
periodic,upstream,b8_n128_duplicates_allowed,8,128,duplicates_allowed,0.15,bitonic,1000,True,True,evaluated
periodic,upstream,b8_n128_duplicates_allowed,8,128,duplicates_allowed,0.15,rank,1000,True,True,evaluated
periodic,upstream,b8_n128_duplicates_allowed,8,128,duplicates_allowed,0.2,bitonic,1000,True,True,evaluated
periodic,upstream,b8_n128_duplicates_allowed,8,128,duplicates_allowed,0.2,rank,1000,True,True,evaluated
periodic,upstream,b8_n128_duplicates_allowed,8,128,duplicates_allowed,0.25,bitonic,1000,True,True,evaluated
periodic,upstream,b8_n128_duplicates_allowed,8,128,duplicates_allowed,0.25,rank,1000,True,True,evaluated
periodic,output,b8_n128_duplicates_allowed,8,128,duplicates_allowed,0.0,bitonic,1000,True,True,evaluated
periodic,output,b8_n128_duplicates_allowed,8,128,duplicates_allowed,0.0,rank,1000,True,True,evaluated
periodic,output,b8_n128_duplicates_allowed,8,128,duplicates_allowed,0.05,bitonic,1000,True,True,evaluated
periodic,output,b8_n128_duplicates_allowed,8,128,duplicates_allowed,0.05,rank,1000,True,True,evaluated
periodic,output,b8_n128_duplicates_allowed,8,128,duplicates_allowed,0.1,bitonic,1000,True,True,evaluated
periodic,output,b8_n128_duplicates_allowed,8,128,duplicates_allowed,0.1,rank,1000,True,True,evaluated
periodic,output,b8_n128_duplicates_allowed,8,128,duplicates_allowed,0.15,bitonic,1000,True,True,evaluated
periodic,output,b8_n128_duplicates_allowed,8,128,duplicates_allowed,0.15,rank,1000,True,True,evaluated
periodic,output,b8_n128_duplicates_allowed,8,128,duplicates_allowed,0.2,bitonic,1000,True,True,evaluated
periodic,output,b8_n128_duplicates_allowed,8,128,duplicates_allowed,0.2,rank,1000,True,True,evaluated
periodic,output,b8_n128_duplicates_allowed,8,128,duplicates_allowed,0.25,bitonic,1000,True,True,evaluated
periodic,output,b8_n128_duplicates_allowed,8,128,duplicates_allowed,0.25,rank,1000,True,True,evaluated
periodic,upstream,b8_n256_distinct,8,256,distinct,0.0,bitonic,1000,True,True,evaluated
periodic,upstream,b8_n256_distinct,8,256,distinct,0.0,rank,1000,True,True,evaluated
periodic,upstream,b8_n256_distinct,8,256,distinct,0.05,bitonic,1000,True,True,evaluated
periodic,upstream,b8_n256_distinct,8,256,distinct,0.05,rank,1000,True,True,evaluated
periodic,upstream,b8_n256_distinct,8,256,distinct,0.1,bitonic,1000,True,True,evaluated
periodic,upstream,b8_n256_distinct,8,256,distinct,0.1,rank,1000,True,True,evaluated
periodic,upstream,b8_n256_distinct,8,256,distinct,0.15,bitonic,1000,True,True,evaluated
periodic,upstream,b8_n256_distinct,8,256,distinct,0.15,rank,1000,True,True,evaluated
periodic,upstream,b8_n256_distinct,8,256,distinct,0.2,bitonic,1000,True,True,evaluated
periodic,upstream,b8_n256_distinct,8,256,distinct,0.2,rank,1000,True,True,evaluated
periodic,upstream,b8_n256_distinct,8,256,distinct,0.25,bitonic,1000,True,True,evaluated
periodic,upstream,b8_n256_distinct,8,256,distinct,0.25,rank,1000,True,True,evaluated
periodic,output,b8_n256_distinct,8,256,distinct,0.0,bitonic,1000,True,True,evaluated
periodic,output,b8_n256_distinct,8,256,distinct,0.0,rank,1000,True,True,evaluated
periodic,output,b8_n256_distinct,8,256,distinct,0.05,bitonic,1000,True,True,evaluated
periodic,output,b8_n256_distinct,8,256,distinct,0.05,rank,1000,True,True,evaluated
periodic,output,b8_n256_distinct,8,256,distinct,0.1,bitonic,1000,True,True,evaluated
periodic,output,b8_n256_distinct,8,256,distinct,0.1,rank,1000,True,True,evaluated
periodic,output,b8_n256_distinct,8,256,distinct,0.15,bitonic,1000,True,True,evaluated
periodic,output,b8_n256_distinct,8,256,distinct,0.15,rank,1000,True,True,evaluated
periodic,output,b8_n256_distinct,8,256,distinct,0.2,bitonic,1000,True,True,evaluated
periodic,output,b8_n256_distinct,8,256,distinct,0.2,rank,1000,True,True,evaluated
periodic,output,b8_n256_distinct,8,256,distinct,0.25,bitonic,1000,True,True,evaluated
periodic,output,b8_n256_distinct,8,256,distinct,0.25,rank,1000,True,True,evaluated
periodic,upstream,b8_n256_duplicates_allowed,8,256,duplicates_allowed,0.0,bitonic,1000,True,True,evaluated
periodic,upstream,b8_n256_duplicates_allowed,8,256,duplicates_allowed,0.0,rank,1000,True,True,evaluated
periodic,upstream,b8_n256_duplicates_allowed,8,256,duplicates_allowed,0.05,bitonic,1000,True,True,evaluated
periodic,upstream,b8_n256_duplicates_allowed,8,256,duplicates_allowed,0.05,rank,1000,True,True,evaluated
periodic,upstream,b8_n256_duplicates_allowed,8,256,duplicates_allowed,0.1,bitonic,1000,True,True,evaluated
periodic,upstream,b8_n256_duplicates_allowed,8,256,duplicates_allowed,0.1,rank,1000,True,True,evaluated
periodic,upstream,b8_n256_duplicates_allowed,8,256,duplicates_allowed,0.15,bitonic,1000,True,True,evaluated
periodic,upstream,b8_n256_duplicates_allowed,8,256,duplicates_allowed,0.15,rank,1000,True,True,evaluated
periodic,upstream,b8_n256_duplicates_allowed,8,256,duplicates_allowed,0.2,bitonic,1000,True,True,evaluated
periodic,upstream,b8_n256_duplicates_allowed,8,256,duplicates_allowed,0.2,rank,1000,True,True,evaluated
periodic,upstream,b8_n256_duplicates_allowed,8,256,duplicates_allowed,0.25,bitonic,1000,True,True,evaluated
periodic,upstream,b8_n256_duplicates_allowed,8,256,duplicates_allowed,0.25,rank,1000,True,True,evaluated
periodic,output,b8_n256_duplicates_allowed,8,256,duplicates_allowed,0.0,bitonic,1000,True,True,evaluated
periodic,output,b8_n256_duplicates_allowed,8,256,duplicates_allowed,0.0,rank,1000,True,True,evaluated
periodic,output,b8_n256_duplicates_allowed,8,256,duplicates_allowed,0.05,bitonic,1000,True,True,evaluated
periodic,output,b8_n256_duplicates_allowed,8,256,duplicates_allowed,0.05,rank,1000,True,True,evaluated
periodic,output,b8_n256_duplicates_allowed,8,256,duplicates_allowed,0.1,bitonic,1000,True,True,evaluated
periodic,output,b8_n256_duplicates_allowed,8,256,duplicates_allowed,0.1,rank,1000,True,True,evaluated
periodic,output,b8_n256_duplicates_allowed,8,256,duplicates_allowed,0.15,bitonic,1000,True,True,evaluated
periodic,output,b8_n256_duplicates_allowed,8,256,duplicates_allowed,0.15,rank,1000,True,True,evaluated
periodic,output,b8_n256_duplicates_allowed,8,256,duplicates_allowed,0.2,bitonic,1000,True,True,evaluated
periodic,output,b8_n256_duplicates_allowed,8,256,duplicates_allowed,0.2,rank,1000,True,True,evaluated
periodic,output,b8_n256_duplicates_allowed,8,256,duplicates_allowed,0.25,bitonic,1000,True,True,evaluated
periodic,output,b8_n256_duplicates_allowed,8,256,duplicates_allowed,0.25,rank,1000,True,True,evaluated
periodic_deadband,output_deadband,b4_n2_distinct,4,2,distinct,0.0,bitonic,1000,True,True,evaluated
periodic_deadband,output_deadband,b4_n2_distinct,4,2,distinct,0.0,rank,1000,True,True,evaluated
periodic_deadband,output_deadband,b4_n2_distinct,4,2,distinct,0.05,bitonic,1000,True,True,evaluated
periodic_deadband,output_deadband,b4_n2_distinct,4,2,distinct,0.05,rank,1000,True,True,evaluated
periodic_deadband,output_deadband,b4_n2_distinct,4,2,distinct,0.1,bitonic,1000,True,True,evaluated
periodic_deadband,output_deadband,b4_n2_distinct,4,2,distinct,0.1,rank,1000,True,True,evaluated
periodic_deadband,output_deadband,b4_n2_distinct,4,2,distinct,0.15,bitonic,1000,True,True,evaluated
periodic_deadband,output_deadband,b4_n2_distinct,4,2,distinct,0.15,rank,1000,True,True,evaluated
periodic_deadband,output_deadband,b4_n2_distinct,4,2,distinct,0.2,bitonic,1000,True,True,evaluated
periodic_deadband,output_deadband,b4_n2_distinct,4,2,distinct,0.2,rank,1000,True,True,evaluated
periodic_deadband,output_deadband,b4_n2_distinct,4,2,distinct,0.25,bitonic,1000,True,True,evaluated
periodic_deadband,output_deadband,b4_n2_distinct,4,2,distinct,0.25,rank,1000,True,True,evaluated
periodic_deadband,output_deadband,b4_n2_duplicates_allowed,4,2,duplicates_allowed,0.0,bitonic,1000,True,True,evaluated
periodic_deadband,output_deadband,b4_n2_duplicates_allowed,4,2,duplicates_allowed,0.0,rank,1000,True,True,evaluated
periodic_deadband,output_deadband,b4_n2_duplicates_allowed,4,2,duplicates_allowed,0.05,bitonic,1000,True,True,evaluated
periodic_deadband,output_deadband,b4_n2_duplicates_allowed,4,2,duplicates_allowed,0.05,rank,1000,True,True,evaluated
periodic_deadband,output_deadband,b4_n2_duplicates_allowed,4,2,duplicates_allowed,0.1,bitonic,1000,True,True,evaluated
periodic_deadband,output_deadband,b4_n2_duplicates_allowed,4,2,duplicates_allowed,0.1,rank,1000,True,True,evaluated
periodic_deadband,output_deadband,b4_n2_duplicates_allowed,4,2,duplicates_allowed,0.15,bitonic,1000,True,True,evaluated
periodic_deadband,output_deadband,b4_n2_duplicates_allowed,4,2,duplicates_allowed,0.15,rank,1000,True,True,evaluated
periodic_deadband,output_deadband,b4_n2_duplicates_allowed,4,2,duplicates_allowed,0.2,bitonic,1000,True,True,evaluated
periodic_deadband,output_deadband,b4_n2_duplicates_allowed,4,2,duplicates_allowed,0.2,rank,1000,True,True,evaluated
periodic_deadband,output_deadband,b4_n2_duplicates_allowed,4,2,duplicates_allowed,0.25,bitonic,1000,True,True,evaluated
periodic_deadband,output_deadband,b4_n2_duplicates_allowed,4,2,duplicates_allowed,0.25,rank,1000,True,True,evaluated
periodic_deadband,output_deadband,b4_n4_distinct,4,4,distinct,0.0,bitonic,1000,True,True,evaluated
periodic_deadband,output_deadband,b4_n4_distinct,4,4,distinct,0.0,rank,1000,True,True,evaluated
periodic_deadband,output_deadband,b4_n4_distinct,4,4,distinct,0.05,bitonic,1000,True,True,evaluated
periodic_deadband,output_deadband,b4_n4_distinct,4,4,distinct,0.05,rank,1000,True,True,evaluated
periodic_deadband,output_deadband,b4_n4_distinct,4,4,distinct,0.1,bitonic,1000,True,True,evaluated
periodic_deadband,output_deadband,b4_n4_distinct,4,4,distinct,0.1,rank,1000,True,True,evaluated
periodic_deadband,output_deadband,b4_n4_distinct,4,4,distinct,0.15,bitonic,1000,True,True,evaluated
periodic_deadband,output_deadband,b4_n4_distinct,4,4,distinct,0.15,rank,1000,True,True,evaluated
periodic_deadband,output_deadband,b4_n4_distinct,4,4,distinct,0.2,bitonic,1000,True,True,evaluated
periodic_deadband,output_deadband,b4_n4_distinct,4,4,distinct,0.2,rank,1000,True,True,evaluated
periodic_deadband,output_deadband,b4_n4_distinct,4,4,distinct,0.25,bitonic,1000,True,True,evaluated
periodic_deadband,output_deadband,b4_n4_distinct,4,4,distinct,0.25,rank,1000,True,True,evaluated
periodic_deadband,output_deadband,b4_n4_duplicates_allowed,4,4,duplicates_allowed,0.0,bitonic,1000,True,True,evaluated
periodic_deadband,output_deadband,b4_n4_duplicates_allowed,4,4,duplicates_allowed,0.0,rank,1000,True,True,evaluated
periodic_deadband,output_deadband,b4_n4_duplicates_allowed,4,4,duplicates_allowed,0.05,bitonic,1000,True,True,evaluated
periodic_deadband,output_deadband,b4_n4_duplicates_allowed,4,4,duplicates_allowed,0.05,rank,1000,True,True,evaluated
periodic_deadband,output_deadband,b4_n4_duplicates_allowed,4,4,duplicates_allowed,0.1,bitonic,1000,True,True,evaluated
periodic_deadband,output_deadband,b4_n4_duplicates_allowed,4,4,duplicates_allowed,0.1,rank,1000,True,True,evaluated
periodic_deadband,output_deadband,b4_n4_duplicates_allowed,4,4,duplicates_allowed,0.15,bitonic,1000,True,True,evaluated
periodic_deadband,output_deadband,b4_n4_duplicates_allowed,4,4,duplicates_allowed,0.15,rank,1000,True,True,evaluated
periodic_deadband,output_deadband,b4_n4_duplicates_allowed,4,4,duplicates_allowed,0.2,bitonic,1000,True,True,evaluated
periodic_deadband,output_deadband,b4_n4_duplicates_allowed,4,4,duplicates_allowed,0.2,rank,1000,True,True,evaluated
periodic_deadband,output_deadband,b4_n4_duplicates_allowed,4,4,duplicates_allowed,0.25,bitonic,1000,True,True,evaluated
periodic_deadband,output_deadband,b4_n4_duplicates_allowed,4,4,duplicates_allowed,0.25,rank,1000,True,True,evaluated
periodic_deadband,output_deadband,b4_n8_distinct,4,8,distinct,0.0,bitonic,1000,True,True,evaluated
periodic_deadband,output_deadband,b4_n8_distinct,4,8,distinct,0.0,rank,1000,True,True,evaluated
periodic_deadband,output_deadband,b4_n8_distinct,4,8,distinct,0.05,bitonic,1000,True,True,evaluated
periodic_deadband,output_deadband,b4_n8_distinct,4,8,distinct,0.05,rank,1000,True,True,evaluated
periodic_deadband,output_deadband,b4_n8_distinct,4,8,distinct,0.1,bitonic,1000,True,True,evaluated
periodic_deadband,output_deadband,b4_n8_distinct,4,8,distinct,0.1,rank,1000,True,True,evaluated
periodic_deadband,output_deadband,b4_n8_distinct,4,8,distinct,0.15,bitonic,1000,True,True,evaluated
periodic_deadband,output_deadband,b4_n8_distinct,4,8,distinct,0.15,rank,1000,True,True,evaluated
periodic_deadband,output_deadband,b4_n8_distinct,4,8,distinct,0.2,bitonic,1000,True,True,evaluated
periodic_deadband,output_deadband,b4_n8_distinct,4,8,distinct,0.2,rank,1000,True,True,evaluated
periodic_deadband,output_deadband,b4_n8_distinct,4,8,distinct,0.25,bitonic,1000,True,True,evaluated
periodic_deadband,output_deadband,b4_n8_distinct,4,8,distinct,0.25,rank,1000,True,True,evaluated
periodic_deadband,output_deadband,b4_n8_duplicates_allowed,4,8,duplicates_allowed,0.0,bitonic,1000,True,True,evaluated
periodic_deadband,output_deadband,b4_n8_duplicates_allowed,4,8,duplicates_allowed,0.0,rank,1000,True,True,evaluated
periodic_deadband,output_deadband,b4_n8_duplicates_allowed,4,8,duplicates_allowed,0.05,bitonic,1000,True,True,evaluated
periodic_deadband,output_deadband,b4_n8_duplicates_allowed,4,8,duplicates_allowed,0.05,rank,1000,True,True,evaluated
periodic_deadband,output_deadband,b4_n8_duplicates_allowed,4,8,duplicates_allowed,0.1,bitonic,1000,True,True,evaluated
periodic_deadband,output_deadband,b4_n8_duplicates_allowed,4,8,duplicates_allowed,0.1,rank,1000,True,True,evaluated
periodic_deadband,output_deadband,b4_n8_duplicates_allowed,4,8,duplicates_allowed,0.15,bitonic,1000,True,True,evaluated
periodic_deadband,output_deadband,b4_n8_duplicates_allowed,4,8,duplicates_allowed,0.15,rank,1000,True,True,evaluated
periodic_deadband,output_deadband,b4_n8_duplicates_allowed,4,8,duplicates_allowed,0.2,bitonic,1000,True,True,evaluated
periodic_deadband,output_deadband,b4_n8_duplicates_allowed,4,8,duplicates_allowed,0.2,rank,1000,True,True,evaluated
periodic_deadband,output_deadband,b4_n8_duplicates_allowed,4,8,duplicates_allowed,0.25,bitonic,1000,True,True,evaluated
periodic_deadband,output_deadband,b4_n8_duplicates_allowed,4,8,duplicates_allowed,0.25,rank,1000,True,True,evaluated
periodic_deadband,output_deadband,b4_n16_distinct,4,16,distinct,0.0,bitonic,1000,True,True,evaluated
periodic_deadband,output_deadband,b4_n16_distinct,4,16,distinct,0.0,rank,1000,True,True,evaluated
periodic_deadband,output_deadband,b4_n16_distinct,4,16,distinct,0.05,bitonic,1000,True,True,evaluated
periodic_deadband,output_deadband,b4_n16_distinct,4,16,distinct,0.05,rank,1000,True,True,evaluated
periodic_deadband,output_deadband,b4_n16_distinct,4,16,distinct,0.1,bitonic,1000,True,True,evaluated
periodic_deadband,output_deadband,b4_n16_distinct,4,16,distinct,0.1,rank,1000,True,True,evaluated
periodic_deadband,output_deadband,b4_n16_distinct,4,16,distinct,0.15,bitonic,1000,True,True,evaluated
periodic_deadband,output_deadband,b4_n16_distinct,4,16,distinct,0.15,rank,1000,True,True,evaluated
periodic_deadband,output_deadband,b4_n16_distinct,4,16,distinct,0.2,bitonic,1000,True,True,evaluated
periodic_deadband,output_deadband,b4_n16_distinct,4,16,distinct,0.2,rank,1000,True,True,evaluated
periodic_deadband,output_deadband,b4_n16_distinct,4,16,distinct,0.25,bitonic,1000,True,True,evaluated
periodic_deadband,output_deadband,b4_n16_distinct,4,16,distinct,0.25,rank,1000,True,True,evaluated
periodic_deadband,output_deadband,b4_n16_duplicates_allowed,4,16,duplicates_allowed,0.0,bitonic,1000,True,True,evaluated
periodic_deadband,output_deadband,b4_n16_duplicates_allowed,4,16,duplicates_allowed,0.0,rank,1000,True,True,evaluated
periodic_deadband,output_deadband,b4_n16_duplicates_allowed,4,16,duplicates_allowed,0.05,bitonic,1000,True,True,evaluated
periodic_deadband,output_deadband,b4_n16_duplicates_allowed,4,16,duplicates_allowed,0.05,rank,1000,True,True,evaluated
periodic_deadband,output_deadband,b4_n16_duplicates_allowed,4,16,duplicates_allowed,0.1,bitonic,1000,True,True,evaluated
periodic_deadband,output_deadband,b4_n16_duplicates_allowed,4,16,duplicates_allowed,0.1,rank,1000,True,True,evaluated
periodic_deadband,output_deadband,b4_n16_duplicates_allowed,4,16,duplicates_allowed,0.15,bitonic,1000,True,True,evaluated
periodic_deadband,output_deadband,b4_n16_duplicates_allowed,4,16,duplicates_allowed,0.15,rank,1000,True,True,evaluated
periodic_deadband,output_deadband,b4_n16_duplicates_allowed,4,16,duplicates_allowed,0.2,bitonic,1000,True,True,evaluated
periodic_deadband,output_deadband,b4_n16_duplicates_allowed,4,16,duplicates_allowed,0.2,rank,1000,True,True,evaluated
periodic_deadband,output_deadband,b4_n16_duplicates_allowed,4,16,duplicates_allowed,0.25,bitonic,1000,True,True,evaluated
periodic_deadband,output_deadband,b4_n16_duplicates_allowed,4,16,duplicates_allowed,0.25,rank,1000,True,True,evaluated
periodic_deadband,output_deadband,b8_n2_distinct,8,2,distinct,0.0,bitonic,1000,True,True,evaluated
periodic_deadband,output_deadband,b8_n2_distinct,8,2,distinct,0.0,rank,1000,True,True,evaluated
periodic_deadband,output_deadband,b8_n2_distinct,8,2,distinct,0.05,bitonic,1000,True,True,evaluated
periodic_deadband,output_deadband,b8_n2_distinct,8,2,distinct,0.05,rank,1000,True,True,evaluated
periodic_deadband,output_deadband,b8_n2_distinct,8,2,distinct,0.1,bitonic,1000,True,True,evaluated
periodic_deadband,output_deadband,b8_n2_distinct,8,2,distinct,0.1,rank,1000,True,True,evaluated
periodic_deadband,output_deadband,b8_n2_distinct,8,2,distinct,0.15,bitonic,1000,True,True,evaluated
periodic_deadband,output_deadband,b8_n2_distinct,8,2,distinct,0.15,rank,1000,True,True,evaluated
periodic_deadband,output_deadband,b8_n2_distinct,8,2,distinct,0.2,bitonic,1000,True,True,evaluated
periodic_deadband,output_deadband,b8_n2_distinct,8,2,distinct,0.2,rank,1000,True,True,evaluated
periodic_deadband,output_deadband,b8_n2_distinct,8,2,distinct,0.25,bitonic,1000,True,True,evaluated
periodic_deadband,output_deadband,b8_n2_distinct,8,2,distinct,0.25,rank,1000,True,True,evaluated
periodic_deadband,output_deadband,b8_n2_duplicates_allowed,8,2,duplicates_allowed,0.0,bitonic,1000,True,True,evaluated
periodic_deadband,output_deadband,b8_n2_duplicates_allowed,8,2,duplicates_allowed,0.0,rank,1000,True,True,evaluated
periodic_deadband,output_deadband,b8_n2_duplicates_allowed,8,2,duplicates_allowed,0.05,bitonic,1000,True,True,evaluated
periodic_deadband,output_deadband,b8_n2_duplicates_allowed,8,2,duplicates_allowed,0.05,rank,1000,True,True,evaluated
periodic_deadband,output_deadband,b8_n2_duplicates_allowed,8,2,duplicates_allowed,0.1,bitonic,1000,True,True,evaluated
periodic_deadband,output_deadband,b8_n2_duplicates_allowed,8,2,duplicates_allowed,0.1,rank,1000,True,True,evaluated
periodic_deadband,output_deadband,b8_n2_duplicates_allowed,8,2,duplicates_allowed,0.15,bitonic,1000,True,True,evaluated
periodic_deadband,output_deadband,b8_n2_duplicates_allowed,8,2,duplicates_allowed,0.15,rank,1000,True,True,evaluated
periodic_deadband,output_deadband,b8_n2_duplicates_allowed,8,2,duplicates_allowed,0.2,bitonic,1000,True,True,evaluated
periodic_deadband,output_deadband,b8_n2_duplicates_allowed,8,2,duplicates_allowed,0.2,rank,1000,True,True,evaluated
periodic_deadband,output_deadband,b8_n2_duplicates_allowed,8,2,duplicates_allowed,0.25,bitonic,1000,True,True,evaluated
periodic_deadband,output_deadband,b8_n2_duplicates_allowed,8,2,duplicates_allowed,0.25,rank,1000,True,True,evaluated
periodic_deadband,output_deadband,b8_n4_distinct,8,4,distinct,0.0,bitonic,1000,True,True,evaluated
periodic_deadband,output_deadband,b8_n4_distinct,8,4,distinct,0.0,rank,1000,True,True,evaluated
periodic_deadband,output_deadband,b8_n4_distinct,8,4,distinct,0.05,bitonic,1000,True,True,evaluated
periodic_deadband,output_deadband,b8_n4_distinct,8,4,distinct,0.05,rank,1000,True,True,evaluated
periodic_deadband,output_deadband,b8_n4_distinct,8,4,distinct,0.1,bitonic,1000,True,True,evaluated
periodic_deadband,output_deadband,b8_n4_distinct,8,4,distinct,0.1,rank,1000,True,True,evaluated
periodic_deadband,output_deadband,b8_n4_distinct,8,4,distinct,0.15,bitonic,1000,True,True,evaluated
periodic_deadband,output_deadband,b8_n4_distinct,8,4,distinct,0.15,rank,1000,True,True,evaluated
periodic_deadband,output_deadband,b8_n4_distinct,8,4,distinct,0.2,bitonic,1000,True,True,evaluated
periodic_deadband,output_deadband,b8_n4_distinct,8,4,distinct,0.2,rank,1000,True,True,evaluated
periodic_deadband,output_deadband,b8_n4_distinct,8,4,distinct,0.25,bitonic,1000,True,True,evaluated
periodic_deadband,output_deadband,b8_n4_distinct,8,4,distinct,0.25,rank,1000,True,True,evaluated
periodic_deadband,output_deadband,b8_n4_duplicates_allowed,8,4,duplicates_allowed,0.0,bitonic,1000,True,True,evaluated
periodic_deadband,output_deadband,b8_n4_duplicates_allowed,8,4,duplicates_allowed,0.0,rank,1000,True,True,evaluated
periodic_deadband,output_deadband,b8_n4_duplicates_allowed,8,4,duplicates_allowed,0.05,bitonic,1000,True,True,evaluated
periodic_deadband,output_deadband,b8_n4_duplicates_allowed,8,4,duplicates_allowed,0.05,rank,1000,True,True,evaluated
periodic_deadband,output_deadband,b8_n4_duplicates_allowed,8,4,duplicates_allowed,0.1,bitonic,1000,True,True,evaluated
periodic_deadband,output_deadband,b8_n4_duplicates_allowed,8,4,duplicates_allowed,0.1,rank,1000,True,True,evaluated
periodic_deadband,output_deadband,b8_n4_duplicates_allowed,8,4,duplicates_allowed,0.15,bitonic,1000,True,True,evaluated
periodic_deadband,output_deadband,b8_n4_duplicates_allowed,8,4,duplicates_allowed,0.15,rank,1000,True,True,evaluated
periodic_deadband,output_deadband,b8_n4_duplicates_allowed,8,4,duplicates_allowed,0.2,bitonic,1000,True,True,evaluated
periodic_deadband,output_deadband,b8_n4_duplicates_allowed,8,4,duplicates_allowed,0.2,rank,1000,True,True,evaluated
periodic_deadband,output_deadband,b8_n4_duplicates_allowed,8,4,duplicates_allowed,0.25,bitonic,1000,True,True,evaluated
periodic_deadband,output_deadband,b8_n4_duplicates_allowed,8,4,duplicates_allowed,0.25,rank,1000,True,True,evaluated
periodic_deadband,output_deadband,b8_n8_distinct,8,8,distinct,0.0,bitonic,1000,True,True,evaluated
periodic_deadband,output_deadband,b8_n8_distinct,8,8,distinct,0.0,rank,1000,True,True,evaluated
periodic_deadband,output_deadband,b8_n8_distinct,8,8,distinct,0.05,bitonic,1000,True,True,evaluated
periodic_deadband,output_deadband,b8_n8_distinct,8,8,distinct,0.05,rank,1000,True,True,evaluated
periodic_deadband,output_deadband,b8_n8_distinct,8,8,distinct,0.1,bitonic,1000,True,True,evaluated
periodic_deadband,output_deadband,b8_n8_distinct,8,8,distinct,0.1,rank,1000,True,True,evaluated
periodic_deadband,output_deadband,b8_n8_distinct,8,8,distinct,0.15,bitonic,1000,True,True,evaluated
periodic_deadband,output_deadband,b8_n8_distinct,8,8,distinct,0.15,rank,1000,True,True,evaluated
periodic_deadband,output_deadband,b8_n8_distinct,8,8,distinct,0.2,bitonic,1000,True,True,evaluated
periodic_deadband,output_deadband,b8_n8_distinct,8,8,distinct,0.2,rank,1000,True,True,evaluated
periodic_deadband,output_deadband,b8_n8_distinct,8,8,distinct,0.25,bitonic,1000,True,True,evaluated
periodic_deadband,output_deadband,b8_n8_distinct,8,8,distinct,0.25,rank,1000,True,True,evaluated
periodic_deadband,output_deadband,b8_n8_duplicates_allowed,8,8,duplicates_allowed,0.0,bitonic,1000,True,True,evaluated
periodic_deadband,output_deadband,b8_n8_duplicates_allowed,8,8,duplicates_allowed,0.0,rank,1000,True,True,evaluated
periodic_deadband,output_deadband,b8_n8_duplicates_allowed,8,8,duplicates_allowed,0.05,bitonic,1000,True,True,evaluated
periodic_deadband,output_deadband,b8_n8_duplicates_allowed,8,8,duplicates_allowed,0.05,rank,1000,True,True,evaluated
periodic_deadband,output_deadband,b8_n8_duplicates_allowed,8,8,duplicates_allowed,0.1,bitonic,1000,True,True,evaluated
periodic_deadband,output_deadband,b8_n8_duplicates_allowed,8,8,duplicates_allowed,0.1,rank,1000,True,True,evaluated
periodic_deadband,output_deadband,b8_n8_duplicates_allowed,8,8,duplicates_allowed,0.15,bitonic,1000,True,True,evaluated
periodic_deadband,output_deadband,b8_n8_duplicates_allowed,8,8,duplicates_allowed,0.15,rank,1000,True,True,evaluated
periodic_deadband,output_deadband,b8_n8_duplicates_allowed,8,8,duplicates_allowed,0.2,bitonic,1000,True,True,evaluated
periodic_deadband,output_deadband,b8_n8_duplicates_allowed,8,8,duplicates_allowed,0.2,rank,1000,True,True,evaluated
periodic_deadband,output_deadband,b8_n8_duplicates_allowed,8,8,duplicates_allowed,0.25,bitonic,1000,True,True,evaluated
periodic_deadband,output_deadband,b8_n8_duplicates_allowed,8,8,duplicates_allowed,0.25,rank,1000,True,True,evaluated
periodic_deadband,output_deadband,b8_n16_distinct,8,16,distinct,0.0,bitonic,1000,True,True,evaluated
periodic_deadband,output_deadband,b8_n16_distinct,8,16,distinct,0.0,rank,1000,True,True,evaluated
periodic_deadband,output_deadband,b8_n16_distinct,8,16,distinct,0.05,bitonic,1000,True,True,evaluated
periodic_deadband,output_deadband,b8_n16_distinct,8,16,distinct,0.05,rank,1000,True,True,evaluated
periodic_deadband,output_deadband,b8_n16_distinct,8,16,distinct,0.1,bitonic,1000,True,True,evaluated
periodic_deadband,output_deadband,b8_n16_distinct,8,16,distinct,0.1,rank,1000,True,True,evaluated
periodic_deadband,output_deadband,b8_n16_distinct,8,16,distinct,0.15,bitonic,1000,True,True,evaluated
periodic_deadband,output_deadband,b8_n16_distinct,8,16,distinct,0.15,rank,1000,True,True,evaluated
periodic_deadband,output_deadband,b8_n16_distinct,8,16,distinct,0.2,bitonic,1000,True,True,evaluated
periodic_deadband,output_deadband,b8_n16_distinct,8,16,distinct,0.2,rank,1000,True,True,evaluated
periodic_deadband,output_deadband,b8_n16_distinct,8,16,distinct,0.25,bitonic,1000,True,True,evaluated
periodic_deadband,output_deadband,b8_n16_distinct,8,16,distinct,0.25,rank,1000,True,True,evaluated
periodic_deadband,output_deadband,b8_n16_duplicates_allowed,8,16,duplicates_allowed,0.0,bitonic,1000,True,True,evaluated
periodic_deadband,output_deadband,b8_n16_duplicates_allowed,8,16,duplicates_allowed,0.0,rank,1000,True,True,evaluated
periodic_deadband,output_deadband,b8_n16_duplicates_allowed,8,16,duplicates_allowed,0.05,bitonic,1000,True,True,evaluated
periodic_deadband,output_deadband,b8_n16_duplicates_allowed,8,16,duplicates_allowed,0.05,rank,1000,True,True,evaluated
periodic_deadband,output_deadband,b8_n16_duplicates_allowed,8,16,duplicates_allowed,0.1,bitonic,1000,True,True,evaluated
periodic_deadband,output_deadband,b8_n16_duplicates_allowed,8,16,duplicates_allowed,0.1,rank,1000,True,True,evaluated
periodic_deadband,output_deadband,b8_n16_duplicates_allowed,8,16,duplicates_allowed,0.15,bitonic,1000,True,True,evaluated
periodic_deadband,output_deadband,b8_n16_duplicates_allowed,8,16,duplicates_allowed,0.15,rank,1000,True,True,evaluated
periodic_deadband,output_deadband,b8_n16_duplicates_allowed,8,16,duplicates_allowed,0.2,bitonic,1000,True,True,evaluated
periodic_deadband,output_deadband,b8_n16_duplicates_allowed,8,16,duplicates_allowed,0.2,rank,1000,True,True,evaluated
periodic_deadband,output_deadband,b8_n16_duplicates_allowed,8,16,duplicates_allowed,0.25,bitonic,1000,True,True,evaluated
periodic_deadband,output_deadband,b8_n16_duplicates_allowed,8,16,duplicates_allowed,0.25,rank,1000,True,True,evaluated
periodic_deadband,output_deadband,b8_n32_distinct,8,32,distinct,0.0,bitonic,1000,True,True,evaluated
periodic_deadband,output_deadband,b8_n32_distinct,8,32,distinct,0.0,rank,1000,True,True,evaluated
periodic_deadband,output_deadband,b8_n32_distinct,8,32,distinct,0.05,bitonic,1000,True,True,evaluated
periodic_deadband,output_deadband,b8_n32_distinct,8,32,distinct,0.05,rank,1000,True,True,evaluated
periodic_deadband,output_deadband,b8_n32_distinct,8,32,distinct,0.1,bitonic,1000,True,True,evaluated
periodic_deadband,output_deadband,b8_n32_distinct,8,32,distinct,0.1,rank,1000,True,True,evaluated
periodic_deadband,output_deadband,b8_n32_distinct,8,32,distinct,0.15,bitonic,1000,True,True,evaluated
periodic_deadband,output_deadband,b8_n32_distinct,8,32,distinct,0.15,rank,1000,True,True,evaluated
periodic_deadband,output_deadband,b8_n32_distinct,8,32,distinct,0.2,bitonic,1000,True,True,evaluated
periodic_deadband,output_deadband,b8_n32_distinct,8,32,distinct,0.2,rank,1000,True,True,evaluated
periodic_deadband,output_deadband,b8_n32_distinct,8,32,distinct,0.25,bitonic,1000,True,True,evaluated
periodic_deadband,output_deadband,b8_n32_distinct,8,32,distinct,0.25,rank,1000,True,True,evaluated
periodic_deadband,output_deadband,b8_n32_duplicates_allowed,8,32,duplicates_allowed,0.0,bitonic,1000,True,True,evaluated
periodic_deadband,output_deadband,b8_n32_duplicates_allowed,8,32,duplicates_allowed,0.0,rank,1000,True,True,evaluated
periodic_deadband,output_deadband,b8_n32_duplicates_allowed,8,32,duplicates_allowed,0.05,bitonic,1000,True,True,evaluated
periodic_deadband,output_deadband,b8_n32_duplicates_allowed,8,32,duplicates_allowed,0.05,rank,1000,True,True,evaluated
periodic_deadband,output_deadband,b8_n32_duplicates_allowed,8,32,duplicates_allowed,0.1,bitonic,1000,True,True,evaluated
periodic_deadband,output_deadband,b8_n32_duplicates_allowed,8,32,duplicates_allowed,0.1,rank,1000,True,True,evaluated
periodic_deadband,output_deadband,b8_n32_duplicates_allowed,8,32,duplicates_allowed,0.15,bitonic,1000,True,True,evaluated
periodic_deadband,output_deadband,b8_n32_duplicates_allowed,8,32,duplicates_allowed,0.15,rank,1000,True,True,evaluated
periodic_deadband,output_deadband,b8_n32_duplicates_allowed,8,32,duplicates_allowed,0.2,bitonic,1000,True,True,evaluated
periodic_deadband,output_deadband,b8_n32_duplicates_allowed,8,32,duplicates_allowed,0.2,rank,1000,True,True,evaluated
periodic_deadband,output_deadband,b8_n32_duplicates_allowed,8,32,duplicates_allowed,0.25,bitonic,1000,True,True,evaluated
periodic_deadband,output_deadband,b8_n32_duplicates_allowed,8,32,duplicates_allowed,0.25,rank,1000,True,True,evaluated
periodic_deadband,output_deadband,b8_n64_distinct,8,64,distinct,0.0,bitonic,1000,True,True,evaluated
periodic_deadband,output_deadband,b8_n64_distinct,8,64,distinct,0.0,rank,1000,True,True,evaluated
periodic_deadband,output_deadband,b8_n64_distinct,8,64,distinct,0.05,bitonic,1000,True,True,evaluated
periodic_deadband,output_deadband,b8_n64_distinct,8,64,distinct,0.05,rank,1000,True,True,evaluated
periodic_deadband,output_deadband,b8_n64_distinct,8,64,distinct,0.1,bitonic,1000,True,True,evaluated
periodic_deadband,output_deadband,b8_n64_distinct,8,64,distinct,0.1,rank,1000,True,True,evaluated
periodic_deadband,output_deadband,b8_n64_distinct,8,64,distinct,0.15,bitonic,1000,True,True,evaluated
periodic_deadband,output_deadband,b8_n64_distinct,8,64,distinct,0.15,rank,1000,True,True,evaluated
periodic_deadband,output_deadband,b8_n64_distinct,8,64,distinct,0.2,bitonic,1000,True,True,evaluated
periodic_deadband,output_deadband,b8_n64_distinct,8,64,distinct,0.2,rank,1000,True,True,evaluated
periodic_deadband,output_deadband,b8_n64_distinct,8,64,distinct,0.25,bitonic,1000,True,True,evaluated
periodic_deadband,output_deadband,b8_n64_distinct,8,64,distinct,0.25,rank,1000,True,True,evaluated
periodic_deadband,output_deadband,b8_n64_duplicates_allowed,8,64,duplicates_allowed,0.0,bitonic,1000,True,True,evaluated
periodic_deadband,output_deadband,b8_n64_duplicates_allowed,8,64,duplicates_allowed,0.0,rank,1000,True,True,evaluated
periodic_deadband,output_deadband,b8_n64_duplicates_allowed,8,64,duplicates_allowed,0.05,bitonic,1000,True,True,evaluated
periodic_deadband,output_deadband,b8_n64_duplicates_allowed,8,64,duplicates_allowed,0.05,rank,1000,True,True,evaluated
periodic_deadband,output_deadband,b8_n64_duplicates_allowed,8,64,duplicates_allowed,0.1,bitonic,1000,True,True,evaluated
periodic_deadband,output_deadband,b8_n64_duplicates_allowed,8,64,duplicates_allowed,0.1,rank,1000,True,True,evaluated
periodic_deadband,output_deadband,b8_n64_duplicates_allowed,8,64,duplicates_allowed,0.15,bitonic,1000,True,True,evaluated
periodic_deadband,output_deadband,b8_n64_duplicates_allowed,8,64,duplicates_allowed,0.15,rank,1000,True,True,evaluated
periodic_deadband,output_deadband,b8_n64_duplicates_allowed,8,64,duplicates_allowed,0.2,bitonic,1000,True,True,evaluated
periodic_deadband,output_deadband,b8_n64_duplicates_allowed,8,64,duplicates_allowed,0.2,rank,1000,True,True,evaluated
periodic_deadband,output_deadband,b8_n64_duplicates_allowed,8,64,duplicates_allowed,0.25,bitonic,1000,True,True,evaluated
periodic_deadband,output_deadband,b8_n64_duplicates_allowed,8,64,duplicates_allowed,0.25,rank,1000,True,True,evaluated
periodic_deadband,output_deadband,b8_n128_distinct,8,128,distinct,0.0,bitonic,1000,True,True,evaluated
periodic_deadband,output_deadband,b8_n128_distinct,8,128,distinct,0.0,rank,1000,True,True,evaluated
periodic_deadband,output_deadband,b8_n128_distinct,8,128,distinct,0.05,bitonic,1000,True,True,evaluated
periodic_deadband,output_deadband,b8_n128_distinct,8,128,distinct,0.05,rank,1000,True,True,evaluated
periodic_deadband,output_deadband,b8_n128_distinct,8,128,distinct,0.1,bitonic,1000,True,True,evaluated
periodic_deadband,output_deadband,b8_n128_distinct,8,128,distinct,0.1,rank,1000,True,True,evaluated
periodic_deadband,output_deadband,b8_n128_distinct,8,128,distinct,0.15,bitonic,1000,True,True,evaluated
periodic_deadband,output_deadband,b8_n128_distinct,8,128,distinct,0.15,rank,1000,True,True,evaluated
periodic_deadband,output_deadband,b8_n128_distinct,8,128,distinct,0.2,bitonic,1000,True,True,evaluated
periodic_deadband,output_deadband,b8_n128_distinct,8,128,distinct,0.2,rank,1000,True,True,evaluated
periodic_deadband,output_deadband,b8_n128_distinct,8,128,distinct,0.25,bitonic,1000,True,True,evaluated
periodic_deadband,output_deadband,b8_n128_distinct,8,128,distinct,0.25,rank,1000,True,True,evaluated
periodic_deadband,output_deadband,b8_n128_duplicates_allowed,8,128,duplicates_allowed,0.0,bitonic,1000,True,True,evaluated
periodic_deadband,output_deadband,b8_n128_duplicates_allowed,8,128,duplicates_allowed,0.0,rank,1000,True,True,evaluated
periodic_deadband,output_deadband,b8_n128_duplicates_allowed,8,128,duplicates_allowed,0.05,bitonic,1000,True,True,evaluated
periodic_deadband,output_deadband,b8_n128_duplicates_allowed,8,128,duplicates_allowed,0.05,rank,1000,True,True,evaluated
periodic_deadband,output_deadband,b8_n128_duplicates_allowed,8,128,duplicates_allowed,0.1,bitonic,1000,True,True,evaluated
periodic_deadband,output_deadband,b8_n128_duplicates_allowed,8,128,duplicates_allowed,0.1,rank,1000,True,True,evaluated
periodic_deadband,output_deadband,b8_n128_duplicates_allowed,8,128,duplicates_allowed,0.15,bitonic,1000,True,True,evaluated
periodic_deadband,output_deadband,b8_n128_duplicates_allowed,8,128,duplicates_allowed,0.15,rank,1000,True,True,evaluated
periodic_deadband,output_deadband,b8_n128_duplicates_allowed,8,128,duplicates_allowed,0.2,bitonic,1000,True,True,evaluated
periodic_deadband,output_deadband,b8_n128_duplicates_allowed,8,128,duplicates_allowed,0.2,rank,1000,True,True,evaluated
periodic_deadband,output_deadband,b8_n128_duplicates_allowed,8,128,duplicates_allowed,0.25,bitonic,1000,True,True,evaluated
periodic_deadband,output_deadband,b8_n128_duplicates_allowed,8,128,duplicates_allowed,0.25,rank,1000,True,True,evaluated
periodic_deadband,output_deadband,b8_n256_distinct,8,256,distinct,0.0,bitonic,1000,True,True,evaluated
periodic_deadband,output_deadband,b8_n256_distinct,8,256,distinct,0.0,rank,1000,True,True,evaluated
periodic_deadband,output_deadband,b8_n256_distinct,8,256,distinct,0.05,bitonic,1000,True,True,evaluated
periodic_deadband,output_deadband,b8_n256_distinct,8,256,distinct,0.05,rank,1000,True,True,evaluated
periodic_deadband,output_deadband,b8_n256_distinct,8,256,distinct,0.1,bitonic,1000,True,True,evaluated
periodic_deadband,output_deadband,b8_n256_distinct,8,256,distinct,0.1,rank,1000,True,True,evaluated
periodic_deadband,output_deadband,b8_n256_distinct,8,256,distinct,0.15,bitonic,1000,True,True,evaluated
periodic_deadband,output_deadband,b8_n256_distinct,8,256,distinct,0.15,rank,1000,True,True,evaluated
periodic_deadband,output_deadband,b8_n256_distinct,8,256,distinct,0.2,bitonic,1000,True,True,evaluated
periodic_deadband,output_deadband,b8_n256_distinct,8,256,distinct,0.2,rank,1000,True,True,evaluated
periodic_deadband,output_deadband,b8_n256_distinct,8,256,distinct,0.25,bitonic,1000,True,True,evaluated
periodic_deadband,output_deadband,b8_n256_distinct,8,256,distinct,0.25,rank,1000,True,True,evaluated
periodic_deadband,output_deadband,b8_n256_duplicates_allowed,8,256,duplicates_allowed,0.0,bitonic,1000,True,True,evaluated
periodic_deadband,output_deadband,b8_n256_duplicates_allowed,8,256,duplicates_allowed,0.0,rank,1000,True,True,evaluated
periodic_deadband,output_deadband,b8_n256_duplicates_allowed,8,256,duplicates_allowed,0.05,bitonic,1000,True,True,evaluated
periodic_deadband,output_deadband,b8_n256_duplicates_allowed,8,256,duplicates_allowed,0.05,rank,1000,True,True,evaluated
periodic_deadband,output_deadband,b8_n256_duplicates_allowed,8,256,duplicates_allowed,0.1,bitonic,1000,True,True,evaluated
periodic_deadband,output_deadband,b8_n256_duplicates_allowed,8,256,duplicates_allowed,0.1,rank,1000,True,True,evaluated
periodic_deadband,output_deadband,b8_n256_duplicates_allowed,8,256,duplicates_allowed,0.15,bitonic,1000,True,True,evaluated
periodic_deadband,output_deadband,b8_n256_duplicates_allowed,8,256,duplicates_allowed,0.15,rank,1000,True,False,missing_saved_outputs
periodic_deadband,output_deadband,b8_n256_duplicates_allowed,8,256,duplicates_allowed,0.2,bitonic,1000,False,False,missing_saved_outputs
periodic_deadband,output_deadband,b8_n256_duplicates_allowed,8,256,duplicates_allowed,0.2,rank,1000,False,False,missing_saved_outputs
periodic_deadband,output_deadband,b8_n256_duplicates_allowed,8,256,duplicates_allowed,0.25,bitonic,1000,False,False,missing_saved_outputs
periodic_deadband,output_deadband,b8_n256_duplicates_allowed,8,256,duplicates_allowed,0.25,rank,1000,False,False,missing_saved_outputs
