source,scenario,dataset,key_bits,n,family,eta,mapping,k,selection,full_set_control,trials,valid_outputs,invalid_outputs,stable_mean_valid,stable_min_valid,stable_mean_all_invalid_zero,tie_neutral_mean_valid,tie_neutral_min_valid,tie_neutral_mean_all_invalid_zero
reference,direct,b4_n2_distinct,4,2,distinct,0.0,bitonic,1,largest,False,1000,1000,0,1.0,1.0,1.0,1.0,1.0,1.0
reference,direct,b4_n2_distinct,4,2,distinct,0.0,bitonic,2,largest,True,1000,1000,0,1.0,1.0,1.0,1.0,1.0,1.0
reference,direct,b4_n2_distinct,4,2,distinct,0.0,rank,1,largest,False,1000,1000,0,1.0,1.0,1.0,1.0,1.0,1.0
reference,direct,b4_n2_distinct,4,2,distinct,0.0,rank,2,largest,True,1000,1000,0,1.0,1.0,1.0,1.0,1.0,1.0
reference,direct,b4_n2_distinct,4,2,distinct,0.05,bitonic,1,largest,False,1000,1000,0,1.0,1.0,1.0,1.0,1.0,1.0
reference,direct,b4_n2_distinct,4,2,distinct,0.05,bitonic,2,largest,True,1000,1000,0,1.0,1.0,1.0,1.0,1.0,1.0
reference,direct,b4_n2_distinct,4,2,distinct,0.05,rank,1,largest,False,1000,1000,0,1.0,1.0,1.0,1.0,1.0,1.0
reference,direct,b4_n2_distinct,4,2,distinct,0.05,rank,2,largest,True,1000,1000,0,1.0,1.0,1.0,1.0,1.0,1.0
reference,direct,b4_n2_distinct,4,2,distinct,0.1,bitonic,1,largest,False,1000,1000,0,1.0,1.0,1.0,1.0,1.0,1.0
reference,direct,b4_n2_distinct,4,2,distinct,0.1,bitonic,2,largest,True,1000,1000,0,1.0,1.0,1.0,1.0,1.0,1.0
reference,direct,b4_n2_distinct,4,2,distinct,0.1,rank,1,largest,False,1000,1000,0,1.0,1.0,1.0,1.0,1.0,1.0
reference,direct,b4_n2_distinct,4,2,distinct,0.1,rank,2,largest,True,1000,1000,0,1.0,1.0,1.0,1.0,1.0,1.0
reference,direct,b4_n2_distinct,4,2,distinct,0.15,bitonic,1,largest,False,1000,1000,0,1.0,1.0,1.0,1.0,1.0,1.0
reference,direct,b4_n2_distinct,4,2,distinct,0.15,bitonic,2,largest,True,1000,1000,0,1.0,1.0,1.0,1.0,1.0,1.0
reference,direct,b4_n2_distinct,4,2,distinct,0.15,rank,1,largest,False,1000,1000,0,1.0,1.0,1.0,1.0,1.0,1.0
reference,direct,b4_n2_distinct,4,2,distinct,0.15,rank,2,largest,True,1000,1000,0,1.0,1.0,1.0,1.0,1.0,1.0
reference,direct,b4_n2_distinct,4,2,distinct,0.2,bitonic,1,largest,False,1000,1000,0,1.0,1.0,1.0,1.0,1.0,1.0
reference,direct,b4_n2_distinct,4,2,distinct,0.2,bitonic,2,largest,True,1000,1000,0,1.0,1.0,1.0,1.0,1.0,1.0
reference,direct,b4_n2_distinct,4,2,distinct,0.2,rank,1,largest,False,1000,1000,0,1.0,1.0,1.0,1.0,1.0,1.0
reference,direct,b4_n2_distinct,4,2,distinct,0.2,rank,2,largest,True,1000,1000,0,1.0,1.0,1.0,1.0,1.0,1.0
reference,direct,b4_n2_distinct,4,2,distinct,0.25,bitonic,1,largest,False,1000,1000,0,1.0,1.0,1.0,1.0,1.0,1.0
reference,direct,b4_n2_distinct,4,2,distinct,0.25,bitonic,2,largest,True,1000,1000,0,1.0,1.0,1.0,1.0,1.0,1.0
reference,direct,b4_n2_distinct,4,2,distinct,0.25,rank,1,largest,False,1000,1000,0,0.998,0.0,0.998,0.998,0.0,0.998
reference,direct,b4_n2_distinct,4,2,distinct,0.25,rank,2,largest,True,1000,1000,0,1.0,1.0,1.0,1.0,1.0,1.0
reference,direct,b4_n2_duplicates_allowed,4,2,duplicates_allowed,0.0,bitonic,1,largest,False,1000,1000,0,1.0,1.0,1.0,1.0,1.0,1.0
reference,direct,b4_n2_duplicates_allowed,4,2,duplicates_allowed,0.0,bitonic,2,largest,True,1000,1000,0,1.0,1.0,1.0,1.0,1.0,1.0
reference,direct,b4_n2_duplicates_allowed,4,2,duplicates_allowed,0.0,rank,1,largest,False,1000,1000,0,1.0,1.0,1.0,1.0,1.0,1.0
reference,direct,b4_n2_duplicates_allowed,4,2,duplicates_allowed,0.0,rank,2,largest,True,1000,1000,0,1.0,1.0,1.0,1.0,1.0,1.0
reference,direct,b4_n2_duplicates_allowed,4,2,duplicates_allowed,0.05,bitonic,1,largest,False,1000,1000,0,1.0,1.0,1.0,1.0,1.0,1.0
reference,direct,b4_n2_duplicates_allowed,4,2,duplicates_allowed,0.05,bitonic,2,largest,True,1000,1000,0,1.0,1.0,1.0,1.0,1.0,1.0
reference,direct,b4_n2_duplicates_allowed,4,2,duplicates_allowed,0.05,rank,1,largest,False,1000,1000,0,1.0,1.0,1.0,1.0,1.0,1.0
reference,direct,b4_n2_duplicates_allowed,4,2,duplicates_allowed,0.05,rank,2,largest,True,1000,1000,0,1.0,1.0,1.0,1.0,1.0,1.0
reference,direct,b4_n2_duplicates_allowed,4,2,duplicates_allowed,0.1,bitonic,1,largest,False,1000,1000,0,1.0,1.0,1.0,1.0,1.0,1.0
reference,direct,b4_n2_duplicates_allowed,4,2,duplicates_allowed,0.1,bitonic,2,largest,True,1000,1000,0,1.0,1.0,1.0,1.0,1.0,1.0
reference,direct,b4_n2_duplicates_allowed,4,2,duplicates_allowed,0.1,rank,1,largest,False,1000,1000,0,1.0,1.0,1.0,1.0,1.0,1.0
reference,direct,b4_n2_duplicates_allowed,4,2,duplicates_allowed,0.1,rank,2,largest,True,1000,1000,0,1.0,1.0,1.0,1.0,1.0,1.0
reference,direct,b4_n2_duplicates_allowed,4,2,duplicates_allowed,0.15,bitonic,1,largest,False,1000,1000,0,1.0,1.0,1.0,1.0,1.0,1.0
reference,direct,b4_n2_duplicates_allowed,4,2,duplicates_allowed,0.15,bitonic,2,largest,True,1000,1000,0,1.0,1.0,1.0,1.0,1.0,1.0
reference,direct,b4_n2_duplicates_allowed,4,2,duplicates_allowed,0.15,rank,1,largest,False,1000,1000,0,1.0,1.0,1.0,1.0,1.0,1.0
reference,direct,b4_n2_duplicates_allowed,4,2,duplicates_allowed,0.15,rank,2,largest,True,1000,1000,0,1.0,1.0,1.0,1.0,1.0,1.0
reference,direct,b4_n2_duplicates_allowed,4,2,duplicates_allowed,0.2,bitonic,1,largest,False,1000,1000,0,1.0,1.0,1.0,1.0,1.0,1.0
reference,direct,b4_n2_duplicates_allowed,4,2,duplicates_allowed,0.2,bitonic,2,largest,True,1000,1000,0,1.0,1.0,1.0,1.0,1.0,1.0
reference,direct,b4_n2_duplicates_allowed,4,2,duplicates_allowed,0.2,rank,1,largest,False,1000,1000,0,1.0,1.0,1.0,1.0,1.0,1.0
reference,direct,b4_n2_duplicates_allowed,4,2,duplicates_allowed,0.2,rank,2,largest,True,1000,1000,0,1.0,1.0,1.0,1.0,1.0,1.0
reference,direct,b4_n2_duplicates_allowed,4,2,duplicates_allowed,0.25,bitonic,1,largest,False,1000,1000,0,0.997,0.0,0.997,0.998,0.0,0.998
reference,direct,b4_n2_duplicates_allowed,4,2,duplicates_allowed,0.25,bitonic,2,largest,True,1000,1000,0,1.0,1.0,1.0,1.0,1.0,1.0
reference,direct,b4_n2_duplicates_allowed,4,2,duplicates_allowed,0.25,rank,1,largest,False,1000,1000,0,0.996,0.0,0.996,0.998,0.0,0.998
reference,direct,b4_n2_duplicates_allowed,4,2,duplicates_allowed,0.25,rank,2,largest,True,1000,1000,0,1.0,1.0,1.0,1.0,1.0,1.0
reference,direct,b4_n4_distinct,4,4,distinct,0.0,bitonic,1,largest,False,1000,1000,0,1.0,1.0,1.0,1.0,1.0,1.0
reference,direct,b4_n4_distinct,4,4,distinct,0.0,bitonic,4,largest,True,1000,1000,0,1.0,1.0,1.0,1.0,1.0,1.0
reference,direct,b4_n4_distinct,4,4,distinct,0.0,rank,1,largest,False,1000,1000,0,1.0,1.0,1.0,1.0,1.0,1.0
reference,direct,b4_n4_distinct,4,4,distinct,0.0,rank,4,largest,True,1000,1000,0,1.0,1.0,1.0,1.0,1.0,1.0
reference,direct,b4_n4_distinct,4,4,distinct,0.05,bitonic,1,largest,False,1000,1000,0,1.0,1.0,1.0,1.0,1.0,1.0
reference,direct,b4_n4_distinct,4,4,distinct,0.05,bitonic,4,largest,True,1000,1000,0,1.0,1.0,1.0,1.0,1.0,1.0
reference,direct,b4_n4_distinct,4,4,distinct,0.05,rank,1,largest,False,1000,1000,0,1.0,1.0,1.0,1.0,1.0,1.0
reference,direct,b4_n4_distinct,4,4,distinct,0.05,rank,4,largest,True,1000,1000,0,1.0,1.0,1.0,1.0,1.0,1.0
reference,direct,b4_n4_distinct,4,4,distinct,0.1,bitonic,1,largest,False,1000,1000,0,1.0,1.0,1.0,1.0,1.0,1.0
reference,direct,b4_n4_distinct,4,4,distinct,0.1,bitonic,4,largest,True,1000,1000,0,1.0,1.0,1.0,1.0,1.0,1.0
reference,direct,b4_n4_distinct,4,4,distinct,0.1,rank,1,largest,False,1000,1000,0,1.0,1.0,1.0,1.0,1.0,1.0
reference,direct,b4_n4_distinct,4,4,distinct,0.1,rank,4,largest,True,1000,1000,0,1.0,1.0,1.0,1.0,1.0,1.0
reference,direct,b4_n4_distinct,4,4,distinct,0.15,bitonic,1,largest,False,1000,1000,0,1.0,1.0,1.0,1.0,1.0,1.0
reference,direct,b4_n4_distinct,4,4,distinct,0.15,bitonic,4,largest,True,1000,1000,0,1.0,1.0,1.0,1.0,1.0,1.0
reference,direct,b4_n4_distinct,4,4,distinct,0.15,rank,1,largest,False,1000,1000,0,0.999,0.0,0.999,0.999,0.0,0.999
reference,direct,b4_n4_distinct,4,4,distinct,0.15,rank,4,largest,True,1000,1000,0,1.0,1.0,1.0,1.0,1.0,1.0
reference,direct,b4_n4_distinct,4,4,distinct,0.2,bitonic,1,largest,False,1000,1000,0,0.998,0.0,0.998,0.998,0.0,0.998
reference,direct,b4_n4_distinct,4,4,distinct,0.2,bitonic,4,largest,True,1000,1000,0,1.0,1.0,1.0,1.0,1.0,1.0
reference,direct,b4_n4_distinct,4,4,distinct,0.2,rank,1,largest,False,1000,1000,0,0.999,0.0,0.999,0.999,0.0,0.999
reference,direct,b4_n4_distinct,4,4,distinct,0.2,rank,4,largest,True,1000,1000,0,1.0,1.0,1.0,1.0,1.0,1.0
reference,direct,b4_n4_distinct,4,4,distinct,0.25,bitonic,1,largest,False,1000,1000,0,0.996,0.0,0.996,0.996,0.0,0.996
reference,direct,b4_n4_distinct,4,4,distinct,0.25,bitonic,4,largest,True,1000,1000,0,1.0,1.0,1.0,1.0,1.0,1.0
reference,direct,b4_n4_distinct,4,4,distinct,0.25,rank,1,largest,False,1000,1000,0,0.997,0.0,0.997,0.997,0.0,0.997
reference,direct,b4_n4_distinct,4,4,distinct,0.25,rank,4,largest,True,1000,1000,0,1.0,1.0,1.0,1.0,1.0,1.0
reference,direct,b4_n4_duplicates_allowed,4,4,duplicates_allowed,0.0,bitonic,1,largest,False,1000,1000,0,1.0,1.0,1.0,1.0,1.0,1.0
reference,direct,b4_n4_duplicates_allowed,4,4,duplicates_allowed,0.0,bitonic,4,largest,True,1000,1000,0,1.0,1.0,1.0,1.0,1.0,1.0
reference,direct,b4_n4_duplicates_allowed,4,4,duplicates_allowed,0.0,rank,1,largest,False,1000,1000,0,1.0,1.0,1.0,1.0,1.0,1.0
reference,direct,b4_n4_duplicates_allowed,4,4,duplicates_allowed,0.0,rank,4,largest,True,1000,1000,0,1.0,1.0,1.0,1.0,1.0,1.0
reference,direct,b4_n4_duplicates_allowed,4,4,duplicates_allowed,0.05,bitonic,1,largest,False,1000,1000,0,1.0,1.0,1.0,1.0,1.0,1.0
reference,direct,b4_n4_duplicates_allowed,4,4,duplicates_allowed,0.05,bitonic,4,largest,True,1000,1000,0,1.0,1.0,1.0,1.0,1.0,1.0
reference,direct,b4_n4_duplicates_allowed,4,4,duplicates_allowed,0.05,rank,1,largest,False,1000,1000,0,1.0,1.0,1.0,1.0,1.0,1.0
reference,direct,b4_n4_duplicates_allowed,4,4,duplicates_allowed,0.05,rank,4,largest,True,1000,1000,0,1.0,1.0,1.0,1.0,1.0,1.0
reference,direct,b4_n4_duplicates_allowed,4,4,duplicates_allowed,0.1,bitonic,1,largest,False,1000,1000,0,1.0,1.0,1.0,1.0,1.0,1.0
reference,direct,b4_n4_duplicates_allowed,4,4,duplicates_allowed,0.1,bitonic,4,largest,True,1000,1000,0,1.0,1.0,1.0,1.0,1.0,1.0
reference,direct,b4_n4_duplicates_allowed,4,4,duplicates_allowed,0.1,rank,1,largest,False,1000,1000,0,1.0,1.0,1.0,1.0,1.0,1.0
reference,direct,b4_n4_duplicates_allowed,4,4,duplicates_allowed,0.1,rank,4,largest,True,1000,1000,0,1.0,1.0,1.0,1.0,1.0,1.0
reference,direct,b4_n4_duplicates_allowed,4,4,duplicates_allowed,0.15,bitonic,1,largest,False,1000,1000,0,1.0,1.0,1.0,1.0,1.0,1.0
reference,direct,b4_n4_duplicates_allowed,4,4,duplicates_allowed,0.15,bitonic,4,largest,True,1000,1000,0,1.0,1.0,1.0,1.0,1.0,1.0
reference,direct,b4_n4_duplicates_allowed,4,4,duplicates_allowed,0.15,rank,1,largest,False,1000,1000,0,1.0,1.0,1.0,1.0,1.0,1.0
reference,direct,b4_n4_duplicates_allowed,4,4,duplicates_allowed,0.15,rank,4,largest,True,1000,1000,0,1.0,1.0,1.0,1.0,1.0,1.0
reference,direct,b4_n4_duplicates_allowed,4,4,duplicates_allowed,0.2,bitonic,1,largest,False,1000,1000,0,0.999,0.0,0.999,0.999,0.0,0.999
reference,direct,b4_n4_duplicates_allowed,4,4,duplicates_allowed,0.2,bitonic,4,largest,True,1000,1000,0,1.0,1.0,1.0,1.0,1.0,1.0
reference,direct,b4_n4_duplicates_allowed,4,4,duplicates_allowed,0.2,rank,1,largest,False,1000,999,1,0.998998998998999,0.0,0.998,0.998998998998999,0.0,0.998
reference,direct,b4_n4_duplicates_allowed,4,4,duplicates_allowed,0.2,rank,4,largest,True,1000,999,1,1.0,1.0,0.999,1.0,1.0,0.999
reference,direct,b4_n4_duplicates_allowed,4,4,duplicates_allowed,0.25,bitonic,1,largest,False,1000,1000,0,0.998,0.0,0.998,0.998,0.0,0.998
reference,direct,b4_n4_duplicates_allowed,4,4,duplicates_allowed,0.25,bitonic,4,largest,True,1000,1000,0,1.0,1.0,1.0,1.0,1.0,1.0
reference,direct,b4_n4_duplicates_allowed,4,4,duplicates_allowed,0.25,rank,1,largest,False,1000,998,2,0.9959919839679359,0.0,0.994,0.998997995991984,0.0,0.997
reference,direct,b4_n4_duplicates_allowed,4,4,duplicates_allowed,0.25,rank,4,largest,True,1000,998,2,1.0,1.0,0.998,1.0,1.0,0.998
reference,direct,b4_n8_distinct,4,8,distinct,0.0,bitonic,1,largest,False,1000,1000,0,1.0,1.0,1.0,1.0,1.0,1.0
reference,direct,b4_n8_distinct,4,8,distinct,0.0,bitonic,5,largest,False,1000,1000,0,1.0,1.0,1.0,1.0,1.0,1.0
reference,direct,b4_n8_distinct,4,8,distinct,0.0,bitonic,8,largest,True,1000,1000,0,1.0,1.0,1.0,1.0,1.0,1.0
reference,direct,b4_n8_distinct,4,8,distinct,0.0,rank,1,largest,False,1000,1000,0,1.0,1.0,1.0,1.0,1.0,1.0
reference,direct,b4_n8_distinct,4,8,distinct,0.0,rank,5,largest,False,1000,1000,0,1.0,1.0,1.0,1.0,1.0,1.0
reference,direct,b4_n8_distinct,4,8,distinct,0.0,rank,8,largest,True,1000,1000,0,1.0,1.0,1.0,1.0,1.0,1.0
reference,direct,b4_n8_distinct,4,8,distinct,0.05,bitonic,1,largest,False,1000,1000,0,1.0,1.0,1.0,1.0,1.0,1.0
reference,direct,b4_n8_distinct,4,8,distinct,0.05,bitonic,5,largest,False,1000,1000,0,1.0,1.0,1.0,1.0,1.0,1.0
reference,direct,b4_n8_distinct,4,8,distinct,0.05,bitonic,8,largest,True,1000,1000,0,1.0,1.0,1.0,1.0,1.0,1.0
reference,direct,b4_n8_distinct,4,8,distinct,0.05,rank,1,largest,False,1000,1000,0,1.0,1.0,1.0,1.0,1.0,1.0
reference,direct,b4_n8_distinct,4,8,distinct,0.05,rank,5,largest,False,1000,1000,0,1.0,1.0,1.0,1.0,1.0,1.0
reference,direct,b4_n8_distinct,4,8,distinct,0.05,rank,8,largest,True,1000,1000,0,1.0,1.0,1.0,1.0,1.0,1.0
reference,direct,b4_n8_distinct,4,8,distinct,0.1,bitonic,1,largest,False,1000,1000,0,1.0,1.0,1.0,1.0,1.0,1.0
reference,direct,b4_n8_distinct,4,8,distinct,0.1,bitonic,5,largest,False,1000,1000,0,1.0,1.0,1.0,1.0,1.0,1.0
reference,direct,b4_n8_distinct,4,8,distinct,0.1,bitonic,8,largest,True,1000,1000,0,1.0,1.0,1.0,1.0,1.0,1.0
reference,direct,b4_n8_distinct,4,8,distinct,0.1,rank,1,largest,False,1000,1000,0,1.0,1.0,1.0,1.0,1.0,1.0
reference,direct,b4_n8_distinct,4,8,distinct,0.1,rank,5,largest,False,1000,1000,0,1.0,1.0,1.0,1.0,1.0,1.0
reference,direct,b4_n8_distinct,4,8,distinct,0.1,rank,8,largest,True,1000,1000,0,1.0,1.0,1.0,1.0,1.0,1.0
reference,direct,b4_n8_distinct,4,8,distinct,0.15,bitonic,1,largest,False,1000,1000,0,1.0,1.0,1.0,1.0,1.0,1.0
reference,direct,b4_n8_distinct,4,8,distinct,0.15,bitonic,5,largest,False,1000,1000,0,1.0,1.0,1.0,1.0,1.0,1.0
reference,direct,b4_n8_distinct,4,8,distinct,0.15,bitonic,8,largest,True,1000,1000,0,1.0,1.0,1.0,1.0,1.0,1.0
reference,direct,b4_n8_distinct,4,8,distinct,0.15,rank,1,largest,False,1000,1000,0,1.0,1.0,1.0,1.0,1.0,1.0
reference,direct,b4_n8_distinct,4,8,distinct,0.15,rank,5,largest,False,1000,1000,0,1.0,1.0,1.0,1.0,1.0,1.0
reference,direct,b4_n8_distinct,4,8,distinct,0.15,rank,8,largest,True,1000,1000,0,1.0,1.0,1.0,1.0,1.0,1.0
reference,direct,b4_n8_distinct,4,8,distinct,0.2,bitonic,1,largest,False,1000,1000,0,0.997,0.0,0.997,0.997,0.0,0.997
reference,direct,b4_n8_distinct,4,8,distinct,0.2,bitonic,5,largest,False,1000,1000,0,0.9997999999999999,0.8,0.9997999999999999,0.9997999999999999,0.8,0.9997999999999999
reference,direct,b4_n8_distinct,4,8,distinct,0.2,bitonic,8,largest,True,1000,1000,0,1.0,1.0,1.0,1.0,1.0,1.0
reference,direct,b4_n8_distinct,4,8,distinct,0.2,rank,1,largest,False,1000,1000,0,0.998,0.0,0.998,0.998,0.0,0.998
reference,direct,b4_n8_distinct,4,8,distinct,0.2,rank,5,largest,False,1000,1000,0,1.0,1.0,1.0,1.0,1.0,1.0
reference,direct,b4_n8_distinct,4,8,distinct,0.2,rank,8,largest,True,1000,1000,0,1.0,1.0,1.0,1.0,1.0,1.0
reference,direct,b4_n8_distinct,4,8,distinct,0.25,bitonic,1,largest,False,1000,1000,0,0.993,0.0,0.993,0.993,0.0,0.993
reference,direct,b4_n8_distinct,4,8,distinct,0.25,bitonic,5,largest,False,1000,1000,0,0.999,0.8,0.999,0.999,0.8,0.999
reference,direct,b4_n8_distinct,4,8,distinct,0.25,bitonic,8,largest,True,1000,1000,0,1.0,1.0,1.0,1.0,1.0,1.0
reference,direct,b4_n8_distinct,4,8,distinct,0.25,rank,1,largest,False,1000,1000,0,0.991,0.0,0.991,0.991,0.0,0.991
reference,direct,b4_n8_distinct,4,8,distinct,0.25,rank,5,largest,False,1000,1000,0,0.9994,0.8,0.9994,0.9994,0.8,0.9994
reference,direct,b4_n8_distinct,4,8,distinct,0.25,rank,8,largest,True,1000,1000,0,1.0,1.0,1.0,1.0,1.0,1.0
reference,direct,b4_n8_duplicates_allowed,4,8,duplicates_allowed,0.0,bitonic,1,largest,False,1000,1000,0,1.0,1.0,1.0,1.0,1.0,1.0
reference,direct,b4_n8_duplicates_allowed,4,8,duplicates_allowed,0.0,bitonic,5,largest,False,1000,1000,0,1.0,1.0,1.0,1.0,1.0,1.0
reference,direct,b4_n8_duplicates_allowed,4,8,duplicates_allowed,0.0,bitonic,8,largest,True,1000,1000,0,1.0,1.0,1.0,1.0,1.0,1.0
reference,direct,b4_n8_duplicates_allowed,4,8,duplicates_allowed,0.0,rank,1,largest,False,1000,1000,0,1.0,1.0,1.0,1.0,1.0,1.0
reference,direct,b4_n8_duplicates_allowed,4,8,duplicates_allowed,0.0,rank,5,largest,False,1000,1000,0,1.0,1.0,1.0,1.0,1.0,1.0
reference,direct,b4_n8_duplicates_allowed,4,8,duplicates_allowed,0.0,rank,8,largest,True,1000,1000,0,1.0,1.0,1.0,1.0,1.0,1.0
reference,direct,b4_n8_duplicates_allowed,4,8,duplicates_allowed,0.05,bitonic,1,largest,False,1000,1000,0,1.0,1.0,1.0,1.0,1.0,1.0
reference,direct,b4_n8_duplicates_allowed,4,8,duplicates_allowed,0.05,bitonic,5,largest,False,1000,1000,0,1.0,1.0,1.0,1.0,1.0,1.0
reference,direct,b4_n8_duplicates_allowed,4,8,duplicates_allowed,0.05,bitonic,8,largest,True,1000,1000,0,1.0,1.0,1.0,1.0,1.0,1.0
reference,direct,b4_n8_duplicates_allowed,4,8,duplicates_allowed,0.05,rank,1,largest,False,1000,1000,0,1.0,1.0,1.0,1.0,1.0,1.0
reference,direct,b4_n8_duplicates_allowed,4,8,duplicates_allowed,0.05,rank,5,largest,False,1000,1000,0,1.0,1.0,1.0,1.0,1.0,1.0
reference,direct,b4_n8_duplicates_allowed,4,8,duplicates_allowed,0.05,rank,8,largest,True,1000,1000,0,1.0,1.0,1.0,1.0,1.0,1.0
reference,direct,b4_n8_duplicates_allowed,4,8,duplicates_allowed,0.1,bitonic,1,largest,False,1000,1000,0,1.0,1.0,1.0,1.0,1.0,1.0
reference,direct,b4_n8_duplicates_allowed,4,8,duplicates_allowed,0.1,bitonic,5,largest,False,1000,1000,0,1.0,1.0,1.0,1.0,1.0,1.0
reference,direct,b4_n8_duplicates_allowed,4,8,duplicates_allowed,0.1,bitonic,8,largest,True,1000,1000,0,1.0,1.0,1.0,1.0,1.0,1.0
reference,direct,b4_n8_duplicates_allowed,4,8,duplicates_allowed,0.1,rank,1,largest,False,1000,1000,0,1.0,1.0,1.0,1.0,1.0,1.0
reference,direct,b4_n8_duplicates_allowed,4,8,duplicates_allowed,0.1,rank,5,largest,False,1000,1000,0,1.0,1.0,1.0,1.0,1.0,1.0
reference,direct,b4_n8_duplicates_allowed,4,8,duplicates_allowed,0.1,rank,8,largest,True,1000,1000,0,1.0,1.0,1.0,1.0,1.0,1.0
reference,direct,b4_n8_duplicates_allowed,4,8,duplicates_allowed,0.15,bitonic,1,largest,False,1000,1000,0,1.0,1.0,1.0,1.0,1.0,1.0
reference,direct,b4_n8_duplicates_allowed,4,8,duplicates_allowed,0.15,bitonic,5,largest,False,1000,1000,0,0.9997999999999999,0.8,0.9997999999999999,0.9997999999999999,0.8,0.9997999999999999
reference,direct,b4_n8_duplicates_allowed,4,8,duplicates_allowed,0.15,bitonic,8,largest,True,1000,1000,0,1.0,1.0,1.0,1.0,1.0,1.0
reference,direct,b4_n8_duplicates_allowed,4,8,duplicates_allowed,0.15,rank,1,largest,False,1000,1000,0,1.0,1.0,1.0,1.0,1.0,1.0
reference,direct,b4_n8_duplicates_allowed,4,8,duplicates_allowed,0.15,rank,5,largest,False,1000,1000,0,1.0,1.0,1.0,1.0,1.0,1.0
reference,direct,b4_n8_duplicates_allowed,4,8,duplicates_allowed,0.15,rank,8,largest,True,1000,1000,0,1.0,1.0,1.0,1.0,1.0,1.0
reference,direct,b4_n8_duplicates_allowed,4,8,duplicates_allowed,0.2,bitonic,1,largest,False,1000,1000,0,0.998,0.0,0.998,0.998,0.0,0.998
reference,direct,b4_n8_duplicates_allowed,4,8,duplicates_allowed,0.2,bitonic,5,largest,False,1000,1000,0,0.9987999999999999,0.8,0.9987999999999999,0.9992000000000001,0.8,0.9992000000000001
reference,direct,b4_n8_duplicates_allowed,4,8,duplicates_allowed,0.2,bitonic,8,largest,True,1000,1000,0,1.0,1.0,1.0,1.0,1.0,1.0
reference,direct,b4_n8_duplicates_allowed,4,8,duplicates_allowed,0.2,rank,1,largest,False,1000,997,3,1.0,1.0,0.997,1.0,1.0,0.997
reference,direct,b4_n8_duplicates_allowed,4,8,duplicates_allowed,0.2,rank,5,largest,False,1000,997,3,0.9995987963891675,0.8,0.9966,1.0,1.0,0.997
reference,direct,b4_n8_duplicates_allowed,4,8,duplicates_allowed,0.2,rank,8,largest,True,1000,997,3,1.0,1.0,0.997,1.0,1.0,0.997
reference,direct,b4_n8_duplicates_allowed,4,8,duplicates_allowed,0.25,bitonic,1,largest,False,1000,1000,0,0.988,0.0,0.988,0.995,0.0,0.995
reference,direct,b4_n8_duplicates_allowed,4,8,duplicates_allowed,0.25,bitonic,5,largest,False,1000,1000,0,0.998,0.8,0.998,0.9987999999999999,0.8,0.9987999999999999
reference,direct,b4_n8_duplicates_allowed,4,8,duplicates_allowed,0.25,bitonic,8,largest,True,1000,1000,0,1.0,1.0,1.0,1.0,1.0,1.0
reference,direct,b4_n8_duplicates_allowed,4,8,duplicates_allowed,0.25,rank,1,largest,False,1000,990,10,0.9929292929292929,0.0,0.983,0.998989898989899,0.0,0.989
reference,direct,b4_n8_duplicates_allowed,4,8,duplicates_allowed,0.25,rank,5,largest,False,1000,990,10,0.997979797979798,0.8,0.988,0.9991919191919192,0.8,0.9892000000000001
reference,direct,b4_n8_duplicates_allowed,4,8,duplicates_allowed,0.25,rank,8,largest,True,1000,990,10,1.0,1.0,0.99,1.0,1.0,0.99
reference,direct,b4_n16_distinct,4,16,distinct,0.0,bitonic,1,largest,False,1000,1000,0,1.0,1.0,1.0,1.0,1.0,1.0
reference,direct,b4_n16_distinct,4,16,distinct,0.0,bitonic,5,largest,False,1000,1000,0,1.0,1.0,1.0,1.0,1.0,1.0
reference,direct,b4_n16_distinct,4,16,distinct,0.0,bitonic,10,largest,False,1000,1000,0,1.0,1.0,1.0,1.0,1.0,1.0
reference,direct,b4_n16_distinct,4,16,distinct,0.0,bitonic,16,largest,True,1000,1000,0,1.0,1.0,1.0,1.0,1.0,1.0
reference,direct,b4_n16_distinct,4,16,distinct,0.0,rank,1,largest,False,1000,1000,0,1.0,1.0,1.0,1.0,1.0,1.0
reference,direct,b4_n16_distinct,4,16,distinct,0.0,rank,5,largest,False,1000,1000,0,1.0,1.0,1.0,1.0,1.0,1.0
reference,direct,b4_n16_distinct,4,16,distinct,0.0,rank,10,largest,False,1000,1000,0,1.0,1.0,1.0,1.0,1.0,1.0
reference,direct,b4_n16_distinct,4,16,distinct,0.0,rank,16,largest,True,1000,1000,0,1.0,1.0,1.0,1.0,1.0,1.0
reference,direct,b4_n16_distinct,4,16,distinct,0.05,bitonic,1,largest,False,1000,1000,0,1.0,1.0,1.0,1.0,1.0,1.0
reference,direct,b4_n16_distinct,4,16,distinct,0.05,bitonic,5,largest,False,1000,1000,0,1.0,1.0,1.0,1.0,1.0,1.0
reference,direct,b4_n16_distinct,4,16,distinct,0.05,bitonic,10,largest,False,1000,1000,0,1.0,1.0,1.0,1.0,1.0,1.0
reference,direct,b4_n16_distinct,4,16,distinct,0.05,bitonic,16,largest,True,1000,1000,0,1.0,1.0,1.0,1.0,1.0,1.0
reference,direct,b4_n16_distinct,4,16,distinct,0.05,rank,1,largest,False,1000,1000,0,1.0,1.0,1.0,1.0,1.0,1.0
reference,direct,b4_n16_distinct,4,16,distinct,0.05,rank,5,largest,False,1000,1000,0,1.0,1.0,1.0,1.0,1.0,1.0
reference,direct,b4_n16_distinct,4,16,distinct,0.05,rank,10,largest,False,1000,1000,0,1.0,1.0,1.0,1.0,1.0,1.0
reference,direct,b4_n16_distinct,4,16,distinct,0.05,rank,16,largest,True,1000,1000,0,1.0,1.0,1.0,1.0,1.0,1.0
reference,direct,b4_n16_distinct,4,16,distinct,0.1,bitonic,1,largest,False,1000,1000,0,1.0,1.0,1.0,1.0,1.0,1.0
reference,direct,b4_n16_distinct,4,16,distinct,0.1,bitonic,5,largest,False,1000,1000,0,1.0,1.0,1.0,1.0,1.0,1.0
reference,direct,b4_n16_distinct,4,16,distinct,0.1,bitonic,10,largest,False,1000,1000,0,1.0,1.0,1.0,1.0,1.0,1.0
reference,direct,b4_n16_distinct,4,16,distinct,0.1,bitonic,16,largest,True,1000,1000,0,1.0,1.0,1.0,1.0,1.0,1.0
reference,direct,b4_n16_distinct,4,16,distinct,0.1,rank,1,largest,False,1000,1000,0,1.0,1.0,1.0,1.0,1.0,1.0
reference,direct,b4_n16_distinct,4,16,distinct,0.1,rank,5,largest,False,1000,1000,0,1.0,1.0,1.0,1.0,1.0,1.0
reference,direct,b4_n16_distinct,4,16,distinct,0.1,rank,10,largest,False,1000,1000,0,1.0,1.0,1.0,1.0,1.0,1.0
reference,direct,b4_n16_distinct,4,16,distinct,0.1,rank,16,largest,True,1000,1000,0,1.0,1.0,1.0,1.0,1.0,1.0
reference,direct,b4_n16_distinct,4,16,distinct,0.15,bitonic,1,largest,False,1000,1000,0,1.0,1.0,1.0,1.0,1.0,1.0
reference,direct,b4_n16_distinct,4,16,distinct,0.15,bitonic,5,largest,False,1000,1000,0,1.0,1.0,1.0,1.0,1.0,1.0
reference,direct,b4_n16_distinct,4,16,distinct,0.15,bitonic,10,largest,False,1000,1000,0,0.9999,0.9,0.9999,0.9999,0.9,0.9999
reference,direct,b4_n16_distinct,4,16,distinct,0.15,bitonic,16,largest,True,1000,1000,0,1.0,1.0,1.0,1.0,1.0,1.0
reference,direct,b4_n16_distinct,4,16,distinct,0.15,rank,1,largest,False,1000,1000,0,1.0,1.0,1.0,1.0,1.0,1.0
reference,direct,b4_n16_distinct,4,16,distinct,0.15,rank,5,largest,False,1000,1000,0,1.0,1.0,1.0,1.0,1.0,1.0
reference,direct,b4_n16_distinct,4,16,distinct,0.15,rank,10,largest,False,1000,1000,0,1.0,1.0,1.0,1.0,1.0,1.0
reference,direct,b4_n16_distinct,4,16,distinct,0.15,rank,16,largest,True,1000,1000,0,1.0,1.0,1.0,1.0,1.0,1.0
reference,direct,b4_n16_distinct,4,16,distinct,0.2,bitonic,1,largest,False,1000,1000,0,0.999,0.0,0.999,0.999,0.0,0.999
reference,direct,b4_n16_distinct,4,16,distinct,0.2,bitonic,5,largest,False,1000,1000,0,0.9997999999999999,0.8,0.9997999999999999,0.9997999999999999,0.8,0.9997999999999999
reference,direct,b4_n16_distinct,4,16,distinct,0.2,bitonic,10,largest,False,1000,1000,0,0.9996,0.9,0.9996,0.9996,0.9,0.9996
reference,direct,b4_n16_distinct,4,16,distinct,0.2,bitonic,16,largest,True,1000,1000,0,1.0,1.0,1.0,1.0,1.0,1.0
reference,direct,b4_n16_distinct,4,16,distinct,0.2,rank,1,largest,False,1000,1000,0,0.995,0.0,0.995,0.995,0.0,0.995
reference,direct,b4_n16_distinct,4,16,distinct,0.2,rank,5,largest,False,1000,1000,0,0.9997999999999999,0.8,0.9997999999999999,0.9997999999999999,0.8,0.9997999999999999
reference,direct,b4_n16_distinct,4,16,distinct,0.2,rank,10,largest,False,1000,1000,0,0.9996,0.9,0.9996,0.9996,0.9,0.9996
reference,direct,b4_n16_distinct,4,16,distinct,0.2,rank,16,largest,True,1000,1000,0,1.0,1.0,1.0,1.0,1.0,1.0
reference,direct,b4_n16_distinct,4,16,distinct,0.25,bitonic,1,largest,False,1000,1000,0,0.99,0.0,0.99,0.99,0.0,0.99
reference,direct,b4_n16_distinct,4,16,distinct,0.25,bitonic,5,largest,False,1000,1000,0,0.9976,0.8,0.9976,0.9976,0.8,0.9976
reference,direct,b4_n16_distinct,4,16,distinct,0.25,bitonic,10,largest,False,1000,1000,0,0.9991,0.9,0.9991,0.9991,0.9,0.9991
reference,direct,b4_n16_distinct,4,16,distinct,0.25,bitonic,16,largest,True,1000,1000,0,1.0,1.0,1.0,1.0,1.0,1.0
reference,direct,b4_n16_distinct,4,16,distinct,0.25,rank,1,largest,False,1000,999,1,0.984984984984985,0.0,0.984,0.984984984984985,0.0,0.984
reference,direct,b4_n16_distinct,4,16,distinct,0.25,rank,5,largest,False,1000,999,1,0.9981981981981982,0.8,0.9972000000000001,0.9981981981981982,0.8,0.9972000000000001
reference,direct,b4_n16_distinct,4,16,distinct,0.25,rank,10,largest,False,1000,999,1,0.9988988988988988,0.9,0.9979,0.9988988988988988,0.9,0.9979
reference,direct,b4_n16_distinct,4,16,distinct,0.25,rank,16,largest,True,1000,999,1,1.0,1.0,0.999,1.0,1.0,0.999
reference,direct,b4_n16_duplicates_allowed,4,16,duplicates_allowed,0.0,bitonic,1,largest,False,1000,1000,0,1.0,1.0,1.0,1.0,1.0,1.0
reference,direct,b4_n16_duplicates_allowed,4,16,duplicates_allowed,0.0,bitonic,5,largest,False,1000,1000,0,1.0,1.0,1.0,1.0,1.0,1.0
reference,direct,b4_n16_duplicates_allowed,4,16,duplicates_allowed,0.0,bitonic,10,largest,False,1000,1000,0,1.0,1.0,1.0,1.0,1.0,1.0
reference,direct,b4_n16_duplicates_allowed,4,16,duplicates_allowed,0.0,bitonic,16,largest,True,1000,1000,0,1.0,1.0,1.0,1.0,1.0,1.0
reference,direct,b4_n16_duplicates_allowed,4,16,duplicates_allowed,0.0,rank,1,largest,False,1000,1000,0,1.0,1.0,1.0,1.0,1.0,1.0
reference,direct,b4_n16_duplicates_allowed,4,16,duplicates_allowed,0.0,rank,5,largest,False,1000,1000,0,1.0,1.0,1.0,1.0,1.0,1.0
reference,direct,b4_n16_duplicates_allowed,4,16,duplicates_allowed,0.0,rank,10,largest,False,1000,1000,0,1.0,1.0,1.0,1.0,1.0,1.0
reference,direct,b4_n16_duplicates_allowed,4,16,duplicates_allowed,0.0,rank,16,largest,True,1000,1000,0,1.0,1.0,1.0,1.0,1.0,1.0
reference,direct,b4_n16_duplicates_allowed,4,16,duplicates_allowed,0.05,bitonic,1,largest,False,1000,1000,0,1.0,1.0,1.0,1.0,1.0,1.0
reference,direct,b4_n16_duplicates_allowed,4,16,duplicates_allowed,0.05,bitonic,5,largest,False,1000,1000,0,1.0,1.0,1.0,1.0,1.0,1.0
reference,direct,b4_n16_duplicates_allowed,4,16,duplicates_allowed,0.05,bitonic,10,largest,False,1000,1000,0,1.0,1.0,1.0,1.0,1.0,1.0
reference,direct,b4_n16_duplicates_allowed,4,16,duplicates_allowed,0.05,bitonic,16,largest,True,1000,1000,0,1.0,1.0,1.0,1.0,1.0,1.0
reference,direct,b4_n16_duplicates_allowed,4,16,duplicates_allowed,0.05,rank,1,largest,False,1000,1000,0,1.0,1.0,1.0,1.0,1.0,1.0
reference,direct,b4_n16_duplicates_allowed,4,16,duplicates_allowed,0.05,rank,5,largest,False,1000,1000,0,1.0,1.0,1.0,1.0,1.0,1.0
reference,direct,b4_n16_duplicates_allowed,4,16,duplicates_allowed,0.05,rank,10,largest,False,1000,1000,0,1.0,1.0,1.0,1.0,1.0,1.0
reference,direct,b4_n16_duplicates_allowed,4,16,duplicates_allowed,0.05,rank,16,largest,True,1000,1000,0,1.0,1.0,1.0,1.0,1.0,1.0
reference,direct,b4_n16_duplicates_allowed,4,16,duplicates_allowed,0.1,bitonic,1,largest,False,1000,1000,0,1.0,1.0,1.0,1.0,1.0,1.0
reference,direct,b4_n16_duplicates_allowed,4,16,duplicates_allowed,0.1,bitonic,5,largest,False,1000,1000,0,1.0,1.0,1.0,1.0,1.0,1.0
reference,direct,b4_n16_duplicates_allowed,4,16,duplicates_allowed,0.1,bitonic,10,largest,False,1000,1000,0,1.0,1.0,1.0,1.0,1.0,1.0
reference,direct,b4_n16_duplicates_allowed,4,16,duplicates_allowed,0.1,bitonic,16,largest,True,1000,1000,0,1.0,1.0,1.0,1.0,1.0,1.0
reference,direct,b4_n16_duplicates_allowed,4,16,duplicates_allowed,0.1,rank,1,largest,False,1000,1000,0,1.0,1.0,1.0,1.0,1.0,1.0
reference,direct,b4_n16_duplicates_allowed,4,16,duplicates_allowed,0.1,rank,5,largest,False,1000,1000,0,1.0,1.0,1.0,1.0,1.0,1.0
reference,direct,b4_n16_duplicates_allowed,4,16,duplicates_allowed,0.1,rank,10,largest,False,1000,1000,0,1.0,1.0,1.0,1.0,1.0,1.0
reference,direct,b4_n16_duplicates_allowed,4,16,duplicates_allowed,0.1,rank,16,largest,True,1000,1000,0,1.0,1.0,1.0,1.0,1.0,1.0
reference,direct,b4_n16_duplicates_allowed,4,16,duplicates_allowed,0.15,bitonic,1,largest,False,1000,1000,0,1.0,1.0,1.0,1.0,1.0,1.0
reference,direct,b4_n16_duplicates_allowed,4,16,duplicates_allowed,0.15,bitonic,5,largest,False,1000,1000,0,1.0,1.0,1.0,1.0,1.0,1.0
reference,direct,b4_n16_duplicates_allowed,4,16,duplicates_allowed,0.15,bitonic,10,largest,False,1000,1000,0,1.0,1.0,1.0,1.0,1.0,1.0
reference,direct,b4_n16_duplicates_allowed,4,16,duplicates_allowed,0.15,bitonic,16,largest,True,1000,1000,0,1.0,1.0,1.0,1.0,1.0,1.0
reference,direct,b4_n16_duplicates_allowed,4,16,duplicates_allowed,0.15,rank,1,largest,False,1000,998,2,1.0,1.0,0.998,1.0,1.0,0.998
reference,direct,b4_n16_duplicates_allowed,4,16,duplicates_allowed,0.15,rank,5,largest,False,1000,998,2,0.9997995991983968,0.8,0.9977999999999999,0.9997995991983968,0.8,0.9977999999999999
reference,direct,b4_n16_duplicates_allowed,4,16,duplicates_allowed,0.15,rank,10,largest,False,1000,998,2,1.0,1.0,0.998,1.0,1.0,0.998
reference,direct,b4_n16_duplicates_allowed,4,16,duplicates_allowed,0.15,rank,16,largest,True,1000,998,2,1.0,1.0,0.998,1.0,1.0,0.998
reference,direct,b4_n16_duplicates_allowed,4,16,duplicates_allowed,0.2,bitonic,1,largest,False,1000,1000,0,0.996,0.0,0.996,0.999,0.0,0.999
reference,direct,b4_n16_duplicates_allowed,4,16,duplicates_allowed,0.2,bitonic,5,largest,False,1000,1000,0,0.999,0.8,0.999,0.9996,0.8,0.9996
reference,direct,b4_n16_duplicates_allowed,4,16,duplicates_allowed,0.2,bitonic,10,largest,False,1000,1000,0,0.9995,0.9,0.9995,0.9997,0.9,0.9997
reference,direct,b4_n16_duplicates_allowed,4,16,duplicates_allowed,0.2,bitonic,16,largest,True,1000,1000,0,1.0,1.0,1.0,1.0,1.0,1.0
reference,direct,b4_n16_duplicates_allowed,4,16,duplicates_allowed,0.2,rank,1,largest,False,1000,976,24,0.9948770491803278,0.0,0.971,0.9989754098360656,0.0,0.975
reference,direct,b4_n16_duplicates_allowed,4,16,duplicates_allowed,0.2,rank,5,largest,False,1000,976,24,0.9989754098360656,0.8,0.975,0.9991803278688525,0.8,0.9752000000000001
reference,direct,b4_n16_duplicates_allowed,4,16,duplicates_allowed,0.2,rank,10,largest,False,1000,976,24,0.9998975409836065,0.9,0.9759,1.0,1.0,0.976
reference,direct,b4_n16_duplicates_allowed,4,16,duplicates_allowed,0.2,rank,16,largest,True,1000,976,24,1.0,1.0,0.976,1.0,1.0,0.976
reference,direct,b4_n16_duplicates_allowed,4,16,duplicates_allowed,0.25,bitonic,1,largest,False,1000,1000,0,0.982,0.0,0.982,0.995,0.0,0.995
reference,direct,b4_n16_duplicates_allowed,4,16,duplicates_allowed,0.25,bitonic,5,largest,False,1000,1000,0,0.9956,0.8,0.9956,0.9984,0.8,0.9984
reference,direct,b4_n16_duplicates_allowed,4,16,duplicates_allowed,0.25,bitonic,10,largest,False,1000,1000,0,0.9972000000000001,0.9,0.9972000000000001,0.9989,0.9,0.9989
reference,direct,b4_n16_duplicates_allowed,4,16,duplicates_allowed,0.25,bitonic,16,largest,True,1000,1000,0,1.0,1.0,1.0,1.0,1.0,1.0
reference,direct,b4_n16_duplicates_allowed,4,16,duplicates_allowed,0.25,rank,1,largest,False,1000,890,110,0.9786516853932584,0.0,0.871,0.9932584269662922,0.0,0.884
reference,direct,b4_n16_duplicates_allowed,4,16,duplicates_allowed,0.25,rank,5,largest,False,1000,890,110,0.9970786516853932,0.8,0.8874,0.9984269662921347,0.8,0.8886
reference,direct,b4_n16_duplicates_allowed,4,16,duplicates_allowed,0.25,rank,10,largest,False,1000,890,110,0.9987640449438202,0.9,0.8889,0.9995505617977528,0.9,0.8896000000000001
reference,direct,b4_n16_duplicates_allowed,4,16,duplicates_allowed,0.25,rank,16,largest,True,1000,890,110,1.0,1.0,0.89,1.0,1.0,0.89
reference,direct,b8_n2_distinct,8,2,distinct,0.0,bitonic,1,largest,False,1000,1000,0,1.0,1.0,1.0,1.0,1.0,1.0
reference,direct,b8_n2_distinct,8,2,distinct,0.0,bitonic,2,largest,True,1000,1000,0,1.0,1.0,1.0,1.0,1.0,1.0
reference,direct,b8_n2_distinct,8,2,distinct,0.0,rank,1,largest,False,1000,1000,0,1.0,1.0,1.0,1.0,1.0,1.0
reference,direct,b8_n2_distinct,8,2,distinct,0.0,rank,2,largest,True,1000,1000,0,1.0,1.0,1.0,1.0,1.0,1.0
reference,direct,b8_n2_distinct,8,2,distinct,0.05,bitonic,1,largest,False,1000,1000,0,1.0,1.0,1.0,1.0,1.0,1.0
reference,direct,b8_n2_distinct,8,2,distinct,0.05,bitonic,2,largest,True,1000,1000,0,1.0,1.0,1.0,1.0,1.0,1.0
reference,direct,b8_n2_distinct,8,2,distinct,0.05,rank,1,largest,False,1000,1000,0,1.0,1.0,1.0,1.0,1.0,1.0
reference,direct,b8_n2_distinct,8,2,distinct,0.05,rank,2,largest,True,1000,1000,0,1.0,1.0,1.0,1.0,1.0,1.0
reference,direct,b8_n2_distinct,8,2,distinct,0.1,bitonic,1,largest,False,1000,1000,0,1.0,1.0,1.0,1.0,1.0,1.0
reference,direct,b8_n2_distinct,8,2,distinct,0.1,bitonic,2,largest,True,1000,1000,0,1.0,1.0,1.0,1.0,1.0,1.0
reference,direct,b8_n2_distinct,8,2,distinct,0.1,rank,1,largest,False,1000,1000,0,1.0,1.0,1.0,1.0,1.0,1.0
reference,direct,b8_n2_distinct,8,2,distinct,0.1,rank,2,largest,True,1000,1000,0,1.0,1.0,1.0,1.0,1.0,1.0
reference,direct,b8_n2_distinct,8,2,distinct,0.15,bitonic,1,largest,False,1000,1000,0,1.0,1.0,1.0,1.0,1.0,1.0
reference,direct,b8_n2_distinct,8,2,distinct,0.15,bitonic,2,largest,True,1000,1000,0,1.0,1.0,1.0,1.0,1.0,1.0
reference,direct,b8_n2_distinct,8,2,distinct,0.15,rank,1,largest,False,1000,1000,0,1.0,1.0,1.0,1.0,1.0,1.0
reference,direct,b8_n2_distinct,8,2,distinct,0.15,rank,2,largest,True,1000,1000,0,1.0,1.0,1.0,1.0,1.0,1.0
reference,direct,b8_n2_distinct,8,2,distinct,0.2,bitonic,1,largest,False,1000,1000,0,1.0,1.0,1.0,1.0,1.0,1.0
reference,direct,b8_n2_distinct,8,2,distinct,0.2,bitonic,2,largest,True,1000,1000,0,1.0,1.0,1.0,1.0,1.0,1.0
reference,direct,b8_n2_distinct,8,2,distinct,0.2,rank,1,largest,False,1000,1000,0,1.0,1.0,1.0,1.0,1.0,1.0
reference,direct,b8_n2_distinct,8,2,distinct,0.2,rank,2,largest,True,1000,1000,0,1.0,1.0,1.0,1.0,1.0,1.0
reference,direct,b8_n2_distinct,8,2,distinct,0.25,bitonic,1,largest,False,1000,1000,0,1.0,1.0,1.0,1.0,1.0,1.0
reference,direct,b8_n2_distinct,8,2,distinct,0.25,bitonic,2,largest,True,1000,1000,0,1.0,1.0,1.0,1.0,1.0,1.0
reference,direct,b8_n2_distinct,8,2,distinct,0.25,rank,1,largest,False,1000,1000,0,1.0,1.0,1.0,1.0,1.0,1.0
reference,direct,b8_n2_distinct,8,2,distinct,0.25,rank,2,largest,True,1000,1000,0,1.0,1.0,1.0,1.0,1.0,1.0
reference,direct,b8_n2_duplicates_allowed,8,2,duplicates_allowed,0.0,bitonic,1,largest,False,1000,1000,0,1.0,1.0,1.0,1.0,1.0,1.0
reference,direct,b8_n2_duplicates_allowed,8,2,duplicates_allowed,0.0,bitonic,2,largest,True,1000,1000,0,1.0,1.0,1.0,1.0,1.0,1.0
reference,direct,b8_n2_duplicates_allowed,8,2,duplicates_allowed,0.0,rank,1,largest,False,1000,1000,0,1.0,1.0,1.0,1.0,1.0,1.0
reference,direct,b8_n2_duplicates_allowed,8,2,duplicates_allowed,0.0,rank,2,largest,True,1000,1000,0,1.0,1.0,1.0,1.0,1.0,1.0
reference,direct,b8_n2_duplicates_allowed,8,2,duplicates_allowed,0.05,bitonic,1,largest,False,1000,1000,0,1.0,1.0,1.0,1.0,1.0,1.0
reference,direct,b8_n2_duplicates_allowed,8,2,duplicates_allowed,0.05,bitonic,2,largest,True,1000,1000,0,1.0,1.0,1.0,1.0,1.0,1.0
reference,direct,b8_n2_duplicates_allowed,8,2,duplicates_allowed,0.05,rank,1,largest,False,1000,1000,0,1.0,1.0,1.0,1.0,1.0,1.0
reference,direct,b8_n2_duplicates_allowed,8,2,duplicates_allowed,0.05,rank,2,largest,True,1000,1000,0,1.0,1.0,1.0,1.0,1.0,1.0
reference,direct,b8_n2_duplicates_allowed,8,2,duplicates_allowed,0.1,bitonic,1,largest,False,1000,1000,0,1.0,1.0,1.0,1.0,1.0,1.0
reference,direct,b8_n2_duplicates_allowed,8,2,duplicates_allowed,0.1,bitonic,2,largest,True,1000,1000,0,1.0,1.0,1.0,1.0,1.0,1.0
reference,direct,b8_n2_duplicates_allowed,8,2,duplicates_allowed,0.1,rank,1,largest,False,1000,1000,0,1.0,1.0,1.0,1.0,1.0,1.0
reference,direct,b8_n2_duplicates_allowed,8,2,duplicates_allowed,0.1,rank,2,largest,True,1000,1000,0,1.0,1.0,1.0,1.0,1.0,1.0
reference,direct,b8_n2_duplicates_allowed,8,2,duplicates_allowed,0.15,bitonic,1,largest,False,1000,1000,0,1.0,1.0,1.0,1.0,1.0,1.0
reference,direct,b8_n2_duplicates_allowed,8,2,duplicates_allowed,0.15,bitonic,2,largest,True,1000,1000,0,1.0,1.0,1.0,1.0,1.0,1.0
reference,direct,b8_n2_duplicates_allowed,8,2,duplicates_allowed,0.15,rank,1,largest,False,1000,1000,0,1.0,1.0,1.0,1.0,1.0,1.0
reference,direct,b8_n2_duplicates_allowed,8,2,duplicates_allowed,0.15,rank,2,largest,True,1000,1000,0,1.0,1.0,1.0,1.0,1.0,1.0
reference,direct,b8_n2_duplicates_allowed,8,2,duplicates_allowed,0.2,bitonic,1,largest,False,1000,1000,0,1.0,1.0,1.0,1.0,1.0,1.0
reference,direct,b8_n2_duplicates_allowed,8,2,duplicates_allowed,0.2,bitonic,2,largest,True,1000,1000,0,1.0,1.0,1.0,1.0,1.0,1.0
reference,direct,b8_n2_duplicates_allowed,8,2,duplicates_allowed,0.2,rank,1,largest,False,1000,1000,0,1.0,1.0,1.0,1.0,1.0,1.0
reference,direct,b8_n2_duplicates_allowed,8,2,duplicates_allowed,0.2,rank,2,largest,True,1000,1000,0,1.0,1.0,1.0,1.0,1.0,1.0
reference,direct,b8_n2_duplicates_allowed,8,2,duplicates_allowed,0.25,bitonic,1,largest,False,1000,1000,0,1.0,1.0,1.0,1.0,1.0,1.0
reference,direct,b8_n2_duplicates_allowed,8,2,duplicates_allowed,0.25,bitonic,2,largest,True,1000,1000,0,1.0,1.0,1.0,1.0,1.0,1.0
reference,direct,b8_n2_duplicates_allowed,8,2,duplicates_allowed,0.25,rank,1,largest,False,1000,1000,0,1.0,1.0,1.0,1.0,1.0,1.0
reference,direct,b8_n2_duplicates_allowed,8,2,duplicates_allowed,0.25,rank,2,largest,True,1000,1000,0,1.0,1.0,1.0,1.0,1.0,1.0
reference,direct,b8_n4_distinct,8,4,distinct,0.0,bitonic,1,largest,False,1000,1000,0,1.0,1.0,1.0,1.0,1.0,1.0
reference,direct,b8_n4_distinct,8,4,distinct,0.0,bitonic,4,largest,True,1000,1000,0,1.0,1.0,1.0,1.0,1.0,1.0
reference,direct,b8_n4_distinct,8,4,distinct,0.0,rank,1,largest,False,1000,1000,0,1.0,1.0,1.0,1.0,1.0,1.0
reference,direct,b8_n4_distinct,8,4,distinct,0.0,rank,4,largest,True,1000,1000,0,1.0,1.0,1.0,1.0,1.0,1.0
reference,direct,b8_n4_distinct,8,4,distinct,0.05,bitonic,1,largest,False,1000,1000,0,1.0,1.0,1.0,1.0,1.0,1.0
reference,direct,b8_n4_distinct,8,4,distinct,0.05,bitonic,4,largest,True,1000,1000,0,1.0,1.0,1.0,1.0,1.0,1.0
reference,direct,b8_n4_distinct,8,4,distinct,0.05,rank,1,largest,False,1000,1000,0,1.0,1.0,1.0,1.0,1.0,1.0
reference,direct,b8_n4_distinct,8,4,distinct,0.05,rank,4,largest,True,1000,1000,0,1.0,1.0,1.0,1.0,1.0,1.0
reference,direct,b8_n4_distinct,8,4,distinct,0.1,bitonic,1,largest,False,1000,1000,0,1.0,1.0,1.0,1.0,1.0,1.0
reference,direct,b8_n4_distinct,8,4,distinct,0.1,bitonic,4,largest,True,1000,1000,0,1.0,1.0,1.0,1.0,1.0,1.0
reference,direct,b8_n4_distinct,8,4,distinct,0.1,rank,1,largest,False,1000,1000,0,1.0,1.0,1.0,1.0,1.0,1.0
reference,direct,b8_n4_distinct,8,4,distinct,0.1,rank,4,largest,True,1000,1000,0,1.0,1.0,1.0,1.0,1.0,1.0
reference,direct,b8_n4_distinct,8,4,distinct,0.15,bitonic,1,largest,False,1000,1000,0,1.0,1.0,1.0,1.0,1.0,1.0
reference,direct,b8_n4_distinct,8,4,distinct,0.15,bitonic,4,largest,True,1000,1000,0,1.0,1.0,1.0,1.0,1.0,1.0
reference,direct,b8_n4_distinct,8,4,distinct,0.15,rank,1,largest,False,1000,1000,0,1.0,1.0,1.0,1.0,1.0,1.0
reference,direct,b8_n4_distinct,8,4,distinct,0.15,rank,4,largest,True,1000,1000,0,1.0,1.0,1.0,1.0,1.0,1.0
reference,direct,b8_n4_distinct,8,4,distinct,0.2,bitonic,1,largest,False,1000,1000,0,1.0,1.0,1.0,1.0,1.0,1.0
reference,direct,b8_n4_distinct,8,4,distinct,0.2,bitonic,4,largest,True,1000,1000,0,1.0,1.0,1.0,1.0,1.0,1.0
reference,direct,b8_n4_distinct,8,4,distinct,0.2,rank,1,largest,False,1000,1000,0,1.0,1.0,1.0,1.0,1.0,1.0
reference,direct,b8_n4_distinct,8,4,distinct,0.2,rank,4,largest,True,1000,1000,0,1.0,1.0,1.0,1.0,1.0,1.0
reference,direct,b8_n4_distinct,8,4,distinct,0.25,bitonic,1,largest,False,1000,1000,0,1.0,1.0,1.0,1.0,1.0,1.0
reference,direct,b8_n4_distinct,8,4,distinct,0.25,bitonic,4,largest,True,1000,1000,0,1.0,1.0,1.0,1.0,1.0,1.0
reference,direct,b8_n4_distinct,8,4,distinct,0.25,rank,1,largest,False,1000,1000,0,1.0,1.0,1.0,1.0,1.0,1.0
reference,direct,b8_n4_distinct,8,4,distinct,0.25,rank,4,largest,True,1000,1000,0,1.0,1.0,1.0,1.0,1.0,1.0
reference,direct,b8_n4_duplicates_allowed,8,4,duplicates_allowed,0.0,bitonic,1,largest,False,1000,1000,0,1.0,1.0,1.0,1.0,1.0,1.0
reference,direct,b8_n4_duplicates_allowed,8,4,duplicates_allowed,0.0,bitonic,4,largest,True,1000,1000,0,1.0,1.0,1.0,1.0,1.0,1.0
reference,direct,b8_n4_duplicates_allowed,8,4,duplicates_allowed,0.0,rank,1,largest,False,1000,1000,0,1.0,1.0,1.0,1.0,1.0,1.0
reference,direct,b8_n4_duplicates_allowed,8,4,duplicates_allowed,0.0,rank,4,largest,True,1000,1000,0,1.0,1.0,1.0,1.0,1.0,1.0
reference,direct,b8_n4_duplicates_allowed,8,4,duplicates_allowed,0.05,bitonic,1,largest,False,1000,1000,0,1.0,1.0,1.0,1.0,1.0,1.0
reference,direct,b8_n4_duplicates_allowed,8,4,duplicates_allowed,0.05,bitonic,4,largest,True,1000,1000,0,1.0,1.0,1.0,1.0,1.0,1.0
reference,direct,b8_n4_duplicates_allowed,8,4,duplicates_allowed,0.05,rank,1,largest,False,1000,1000,0,1.0,1.0,1.0,1.0,1.0,1.0
reference,direct,b8_n4_duplicates_allowed,8,4,duplicates_allowed,0.05,rank,4,largest,True,1000,1000,0,1.0,1.0,1.0,1.0,1.0,1.0
reference,direct,b8_n4_duplicates_allowed,8,4,duplicates_allowed,0.1,bitonic,1,largest,False,1000,1000,0,1.0,1.0,1.0,1.0,1.0,1.0
reference,direct,b8_n4_duplicates_allowed,8,4,duplicates_allowed,0.1,bitonic,4,largest,True,1000,1000,0,1.0,1.0,1.0,1.0,1.0,1.0
reference,direct,b8_n4_duplicates_allowed,8,4,duplicates_allowed,0.1,rank,1,largest,False,1000,1000,0,1.0,1.0,1.0,1.0,1.0,1.0
reference,direct,b8_n4_duplicates_allowed,8,4,duplicates_allowed,0.1,rank,4,largest,True,1000,1000,0,1.0,1.0,1.0,1.0,1.0,1.0
reference,direct,b8_n4_duplicates_allowed,8,4,duplicates_allowed,0.15,bitonic,1,largest,False,1000,1000,0,1.0,1.0,1.0,1.0,1.0,1.0
reference,direct,b8_n4_duplicates_allowed,8,4,duplicates_allowed,0.15,bitonic,4,largest,True,1000,1000,0,1.0,1.0,1.0,1.0,1.0,1.0
reference,direct,b8_n4_duplicates_allowed,8,4,duplicates_allowed,0.15,rank,1,largest,False,1000,1000,0,1.0,1.0,1.0,1.0,1.0,1.0
reference,direct,b8_n4_duplicates_allowed,8,4,duplicates_allowed,0.15,rank,4,largest,True,1000,1000,0,1.0,1.0,1.0,1.0,1.0,1.0
reference,direct,b8_n4_duplicates_allowed,8,4,duplicates_allowed,0.2,bitonic,1,largest,False,1000,1000,0,0.998,0.0,0.998,1.0,1.0,1.0
reference,direct,b8_n4_duplicates_allowed,8,4,duplicates_allowed,0.2,bitonic,4,largest,True,1000,1000,0,1.0,1.0,1.0,1.0,1.0,1.0
reference,direct,b8_n4_duplicates_allowed,8,4,duplicates_allowed,0.2,rank,1,largest,False,1000,1000,0,1.0,1.0,1.0,1.0,1.0,1.0
reference,direct,b8_n4_duplicates_allowed,8,4,duplicates_allowed,0.2,rank,4,largest,True,1000,1000,0,1.0,1.0,1.0,1.0,1.0,1.0
reference,direct,b8_n4_duplicates_allowed,8,4,duplicates_allowed,0.25,bitonic,1,largest,False,1000,1000,0,0.998,0.0,0.998,1.0,1.0,1.0
reference,direct,b8_n4_duplicates_allowed,8,4,duplicates_allowed,0.25,bitonic,4,largest,True,1000,1000,0,1.0,1.0,1.0,1.0,1.0,1.0
reference,direct,b8_n4_duplicates_allowed,8,4,duplicates_allowed,0.25,rank,1,largest,False,1000,1000,0,1.0,1.0,1.0,1.0,1.0,1.0
reference,direct,b8_n4_duplicates_allowed,8,4,duplicates_allowed,0.25,rank,4,largest,True,1000,1000,0,1.0,1.0,1.0,1.0,1.0,1.0
reference,direct,b8_n8_distinct,8,8,distinct,0.0,bitonic,1,largest,False,1000,1000,0,1.0,1.0,1.0,1.0,1.0,1.0
reference,direct,b8_n8_distinct,8,8,distinct,0.0,bitonic,5,largest,False,1000,1000,0,1.0,1.0,1.0,1.0,1.0,1.0
reference,direct,b8_n8_distinct,8,8,distinct,0.0,bitonic,8,largest,True,1000,1000,0,1.0,1.0,1.0,1.0,1.0,1.0
reference,direct,b8_n8_distinct,8,8,distinct,0.0,rank,1,largest,False,1000,1000,0,1.0,1.0,1.0,1.0,1.0,1.0
reference,direct,b8_n8_distinct,8,8,distinct,0.0,rank,5,largest,False,1000,1000,0,1.0,1.0,1.0,1.0,1.0,1.0
reference,direct,b8_n8_distinct,8,8,distinct,0.0,rank,8,largest,True,1000,1000,0,1.0,1.0,1.0,1.0,1.0,1.0
reference,direct,b8_n8_distinct,8,8,distinct,0.05,bitonic,1,largest,False,1000,1000,0,1.0,1.0,1.0,1.0,1.0,1.0
reference,direct,b8_n8_distinct,8,8,distinct,0.05,bitonic,5,largest,False,1000,1000,0,1.0,1.0,1.0,1.0,1.0,1.0
reference,direct,b8_n8_distinct,8,8,distinct,0.05,bitonic,8,largest,True,1000,1000,0,1.0,1.0,1.0,1.0,1.0,1.0
reference,direct,b8_n8_distinct,8,8,distinct,0.05,rank,1,largest,False,1000,1000,0,1.0,1.0,1.0,1.0,1.0,1.0
reference,direct,b8_n8_distinct,8,8,distinct,0.05,rank,5,largest,False,1000,1000,0,1.0,1.0,1.0,1.0,1.0,1.0
reference,direct,b8_n8_distinct,8,8,distinct,0.05,rank,8,largest,True,1000,1000,0,1.0,1.0,1.0,1.0,1.0,1.0
reference,direct,b8_n8_distinct,8,8,distinct,0.1,bitonic,1,largest,False,1000,1000,0,1.0,1.0,1.0,1.0,1.0,1.0
reference,direct,b8_n8_distinct,8,8,distinct,0.1,bitonic,5,largest,False,1000,1000,0,1.0,1.0,1.0,1.0,1.0,1.0
reference,direct,b8_n8_distinct,8,8,distinct,0.1,bitonic,8,largest,True,1000,1000,0,1.0,1.0,1.0,1.0,1.0,1.0
reference,direct,b8_n8_distinct,8,8,distinct,0.1,rank,1,largest,False,1000,1000,0,1.0,1.0,1.0,1.0,1.0,1.0
reference,direct,b8_n8_distinct,8,8,distinct,0.1,rank,5,largest,False,1000,1000,0,1.0,1.0,1.0,1.0,1.0,1.0
reference,direct,b8_n8_distinct,8,8,distinct,0.1,rank,8,largest,True,1000,1000,0,1.0,1.0,1.0,1.0,1.0,1.0
reference,direct,b8_n8_distinct,8,8,distinct,0.15,bitonic,1,largest,False,1000,1000,0,1.0,1.0,1.0,1.0,1.0,1.0
reference,direct,b8_n8_distinct,8,8,distinct,0.15,bitonic,5,largest,False,1000,1000,0,1.0,1.0,1.0,1.0,1.0,1.0
reference,direct,b8_n8_distinct,8,8,distinct,0.15,bitonic,8,largest,True,1000,1000,0,1.0,1.0,1.0,1.0,1.0,1.0
reference,direct,b8_n8_distinct,8,8,distinct,0.15,rank,1,largest,False,1000,1000,0,1.0,1.0,1.0,1.0,1.0,1.0
reference,direct,b8_n8_distinct,8,8,distinct,0.15,rank,5,largest,False,1000,1000,0,1.0,1.0,1.0,1.0,1.0,1.0
reference,direct,b8_n8_distinct,8,8,distinct,0.15,rank,8,largest,True,1000,1000,0,1.0,1.0,1.0,1.0,1.0,1.0
reference,direct,b8_n8_distinct,8,8,distinct,0.2,bitonic,1,largest,False,1000,1000,0,1.0,1.0,1.0,1.0,1.0,1.0
reference,direct,b8_n8_distinct,8,8,distinct,0.2,bitonic,5,largest,False,1000,1000,0,1.0,1.0,1.0,1.0,1.0,1.0
reference,direct,b8_n8_distinct,8,8,distinct,0.2,bitonic,8,largest,True,1000,1000,0,1.0,1.0,1.0,1.0,1.0,1.0
reference,direct,b8_n8_distinct,8,8,distinct,0.2,rank,1,largest,False,1000,1000,0,1.0,1.0,1.0,1.0,1.0,1.0
reference,direct,b8_n8_distinct,8,8,distinct,0.2,rank,5,largest,False,1000,1000,0,1.0,1.0,1.0,1.0,1.0,1.0
reference,direct,b8_n8_distinct,8,8,distinct,0.2,rank,8,largest,True,1000,1000,0,1.0,1.0,1.0,1.0,1.0,1.0
reference,direct,b8_n8_distinct,8,8,distinct,0.25,bitonic,1,largest,False,1000,1000,0,0.999,0.0,0.999,0.999,0.0,0.999
reference,direct,b8_n8_distinct,8,8,distinct,0.25,bitonic,5,largest,False,1000,1000,0,1.0,1.0,1.0,1.0,1.0,1.0
reference,direct,b8_n8_distinct,8,8,distinct,0.25,bitonic,8,largest,True,1000,1000,0,1.0,1.0,1.0,1.0,1.0,1.0
reference,direct,b8_n8_distinct,8,8,distinct,0.25,rank,1,largest,False,1000,1000,0,0.999,0.0,0.999,0.999,0.0,0.999
reference,direct,b8_n8_distinct,8,8,distinct,0.25,rank,5,largest,False,1000,1000,0,1.0,1.0,1.0,1.0,1.0,1.0
reference,direct,b8_n8_distinct,8,8,distinct,0.25,rank,8,largest,True,1000,1000,0,1.0,1.0,1.0,1.0,1.0,1.0
reference,direct,b8_n8_duplicates_allowed,8,8,duplicates_allowed,0.0,bitonic,1,largest,False,1000,1000,0,1.0,1.0,1.0,1.0,1.0,1.0
reference,direct,b8_n8_duplicates_allowed,8,8,duplicates_allowed,0.0,bitonic,5,largest,False,1000,1000,0,1.0,1.0,1.0,1.0,1.0,1.0
reference,direct,b8_n8_duplicates_allowed,8,8,duplicates_allowed,0.0,bitonic,8,largest,True,1000,1000,0,1.0,1.0,1.0,1.0,1.0,1.0
reference,direct,b8_n8_duplicates_allowed,8,8,duplicates_allowed,0.0,rank,1,largest,False,1000,1000,0,1.0,1.0,1.0,1.0,1.0,1.0
reference,direct,b8_n8_duplicates_allowed,8,8,duplicates_allowed,0.0,rank,5,largest,False,1000,1000,0,1.0,1.0,1.0,1.0,1.0,1.0
reference,direct,b8_n8_duplicates_allowed,8,8,duplicates_allowed,0.0,rank,8,largest,True,1000,1000,0,1.0,1.0,1.0,1.0,1.0,1.0
reference,direct,b8_n8_duplicates_allowed,8,8,duplicates_allowed,0.05,bitonic,1,largest,False,1000,1000,0,1.0,1.0,1.0,1.0,1.0,1.0
reference,direct,b8_n8_duplicates_allowed,8,8,duplicates_allowed,0.05,bitonic,5,largest,False,1000,1000,0,1.0,1.0,1.0,1.0,1.0,1.0
reference,direct,b8_n8_duplicates_allowed,8,8,duplicates_allowed,0.05,bitonic,8,largest,True,1000,1000,0,1.0,1.0,1.0,1.0,1.0,1.0
reference,direct,b8_n8_duplicates_allowed,8,8,duplicates_allowed,0.05,rank,1,largest,False,1000,1000,0,1.0,1.0,1.0,1.0,1.0,1.0
reference,direct,b8_n8_duplicates_allowed,8,8,duplicates_allowed,0.05,rank,5,largest,False,1000,1000,0,1.0,1.0,1.0,1.0,1.0,1.0
reference,direct,b8_n8_duplicates_allowed,8,8,duplicates_allowed,0.05,rank,8,largest,True,1000,1000,0,1.0,1.0,1.0,1.0,1.0,1.0
reference,direct,b8_n8_duplicates_allowed,8,8,duplicates_allowed,0.1,bitonic,1,largest,False,1000,1000,0,1.0,1.0,1.0,1.0,1.0,1.0
reference,direct,b8_n8_duplicates_allowed,8,8,duplicates_allowed,0.1,bitonic,5,largest,False,1000,1000,0,1.0,1.0,1.0,1.0,1.0,1.0
reference,direct,b8_n8_duplicates_allowed,8,8,duplicates_allowed,0.1,bitonic,8,largest,True,1000,1000,0,1.0,1.0,1.0,1.0,1.0,1.0
reference,direct,b8_n8_duplicates_allowed,8,8,duplicates_allowed,0.1,rank,1,largest,False,1000,1000,0,1.0,1.0,1.0,1.0,1.0,1.0
reference,direct,b8_n8_duplicates_allowed,8,8,duplicates_allowed,0.1,rank,5,largest,False,1000,1000,0,1.0,1.0,1.0,1.0,1.0,1.0
reference,direct,b8_n8_duplicates_allowed,8,8,duplicates_allowed,0.1,rank,8,largest,True,1000,1000,0,1.0,1.0,1.0,1.0,1.0,1.0
reference,direct,b8_n8_duplicates_allowed,8,8,duplicates_allowed,0.15,bitonic,1,largest,False,1000,1000,0,1.0,1.0,1.0,1.0,1.0,1.0
reference,direct,b8_n8_duplicates_allowed,8,8,duplicates_allowed,0.15,bitonic,5,largest,False,1000,1000,0,1.0,1.0,1.0,1.0,1.0,1.0
reference,direct,b8_n8_duplicates_allowed,8,8,duplicates_allowed,0.15,bitonic,8,largest,True,1000,1000,0,1.0,1.0,1.0,1.0,1.0,1.0
reference,direct,b8_n8_duplicates_allowed,8,8,duplicates_allowed,0.15,rank,1,largest,False,1000,1000,0,0.999,0.0,0.999,0.999,0.0,0.999
reference,direct,b8_n8_duplicates_allowed,8,8,duplicates_allowed,0.15,rank,5,largest,False,1000,1000,0,1.0,1.0,1.0,1.0,1.0,1.0
reference,direct,b8_n8_duplicates_allowed,8,8,duplicates_allowed,0.15,rank,8,largest,True,1000,1000,0,1.0,1.0,1.0,1.0,1.0,1.0
reference,direct,b8_n8_duplicates_allowed,8,8,duplicates_allowed,0.2,bitonic,1,largest,False,1000,1000,0,0.998,0.0,0.998,1.0,1.0,1.0
reference,direct,b8_n8_duplicates_allowed,8,8,duplicates_allowed,0.2,bitonic,5,largest,False,1000,1000,0,1.0,1.0,1.0,1.0,1.0,1.0
reference,direct,b8_n8_duplicates_allowed,8,8,duplicates_allowed,0.2,bitonic,8,largest,True,1000,1000,0,1.0,1.0,1.0,1.0,1.0,1.0
reference,direct,b8_n8_duplicates_allowed,8,8,duplicates_allowed,0.2,rank,1,largest,False,1000,1000,0,0.999,0.0,0.999,0.999,0.0,0.999
reference,direct,b8_n8_duplicates_allowed,8,8,duplicates_allowed,0.2,rank,5,largest,False,1000,1000,0,1.0,1.0,1.0,1.0,1.0,1.0
reference,direct,b8_n8_duplicates_allowed,8,8,duplicates_allowed,0.2,rank,8,largest,True,1000,1000,0,1.0,1.0,1.0,1.0,1.0,1.0
reference,direct,b8_n8_duplicates_allowed,8,8,duplicates_allowed,0.25,bitonic,1,largest,False,1000,1000,0,0.998,0.0,0.998,1.0,1.0,1.0
reference,direct,b8_n8_duplicates_allowed,8,8,duplicates_allowed,0.25,bitonic,5,largest,False,1000,1000,0,1.0,1.0,1.0,1.0,1.0,1.0
reference,direct,b8_n8_duplicates_allowed,8,8,duplicates_allowed,0.25,bitonic,8,largest,True,1000,1000,0,1.0,1.0,1.0,1.0,1.0,1.0
reference,direct,b8_n8_duplicates_allowed,8,8,duplicates_allowed,0.25,rank,1,largest,False,1000,1000,0,0.999,0.0,0.999,0.999,0.0,0.999
reference,direct,b8_n8_duplicates_allowed,8,8,duplicates_allowed,0.25,rank,5,largest,False,1000,1000,0,0.9996,0.8,0.9996,0.9997999999999999,0.8,0.9997999999999999
reference,direct,b8_n8_duplicates_allowed,8,8,duplicates_allowed,0.25,rank,8,largest,True,1000,1000,0,1.0,1.0,1.0,1.0,1.0,1.0
reference,direct,b8_n16_distinct,8,16,distinct,0.0,bitonic,1,largest,False,1000,1000,0,1.0,1.0,1.0,1.0,1.0,1.0
reference,direct,b8_n16_distinct,8,16,distinct,0.0,bitonic,5,largest,False,1000,1000,0,1.0,1.0,1.0,1.0,1.0,1.0
reference,direct,b8_n16_distinct,8,16,distinct,0.0,bitonic,10,largest,False,1000,1000,0,1.0,1.0,1.0,1.0,1.0,1.0
reference,direct,b8_n16_distinct,8,16,distinct,0.0,bitonic,16,largest,True,1000,1000,0,1.0,1.0,1.0,1.0,1.0,1.0
reference,direct,b8_n16_distinct,8,16,distinct,0.0,rank,1,largest,False,1000,1000,0,1.0,1.0,1.0,1.0,1.0,1.0
reference,direct,b8_n16_distinct,8,16,distinct,0.0,rank,5,largest,False,1000,1000,0,1.0,1.0,1.0,1.0,1.0,1.0
reference,direct,b8_n16_distinct,8,16,distinct,0.0,rank,10,largest,False,1000,1000,0,1.0,1.0,1.0,1.0,1.0,1.0
reference,direct,b8_n16_distinct,8,16,distinct,0.0,rank,16,largest,True,1000,1000,0,1.0,1.0,1.0,1.0,1.0,1.0
reference,direct,b8_n16_distinct,8,16,distinct,0.05,bitonic,1,largest,False,1000,1000,0,1.0,1.0,1.0,1.0,1.0,1.0
reference,direct,b8_n16_distinct,8,16,distinct,0.05,bitonic,5,largest,False,1000,1000,0,1.0,1.0,1.0,1.0,1.0,1.0
reference,direct,b8_n16_distinct,8,16,distinct,0.05,bitonic,10,largest,False,1000,1000,0,1.0,1.0,1.0,1.0,1.0,1.0
reference,direct,b8_n16_distinct,8,16,distinct,0.05,bitonic,16,largest,True,1000,1000,0,1.0,1.0,1.0,1.0,1.0,1.0
reference,direct,b8_n16_distinct,8,16,distinct,0.05,rank,1,largest,False,1000,1000,0,1.0,1.0,1.0,1.0,1.0,1.0
reference,direct,b8_n16_distinct,8,16,distinct,0.05,rank,5,largest,False,1000,1000,0,1.0,1.0,1.0,1.0,1.0,1.0
reference,direct,b8_n16_distinct,8,16,distinct,0.05,rank,10,largest,False,1000,1000,0,1.0,1.0,1.0,1.0,1.0,1.0
reference,direct,b8_n16_distinct,8,16,distinct,0.05,rank,16,largest,True,1000,1000,0,1.0,1.0,1.0,1.0,1.0,1.0
reference,direct,b8_n16_distinct,8,16,distinct,0.1,bitonic,1,largest,False,1000,1000,0,1.0,1.0,1.0,1.0,1.0,1.0
reference,direct,b8_n16_distinct,8,16,distinct,0.1,bitonic,5,largest,False,1000,1000,0,1.0,1.0,1.0,1.0,1.0,1.0
reference,direct,b8_n16_distinct,8,16,distinct,0.1,bitonic,10,largest,False,1000,1000,0,1.0,1.0,1.0,1.0,1.0,1.0
reference,direct,b8_n16_distinct,8,16,distinct,0.1,bitonic,16,largest,True,1000,1000,0,1.0,1.0,1.0,1.0,1.0,1.0
reference,direct,b8_n16_distinct,8,16,distinct,0.1,rank,1,largest,False,1000,1000,0,1.0,1.0,1.0,1.0,1.0,1.0
reference,direct,b8_n16_distinct,8,16,distinct,0.1,rank,5,largest,False,1000,1000,0,1.0,1.0,1.0,1.0,1.0,1.0
reference,direct,b8_n16_distinct,8,16,distinct,0.1,rank,10,largest,False,1000,1000,0,1.0,1.0,1.0,1.0,1.0,1.0
reference,direct,b8_n16_distinct,8,16,distinct,0.1,rank,16,largest,True,1000,1000,0,1.0,1.0,1.0,1.0,1.0,1.0
reference,direct,b8_n16_distinct,8,16,distinct,0.15,bitonic,1,largest,False,1000,1000,0,1.0,1.0,1.0,1.0,1.0,1.0
reference,direct,b8_n16_distinct,8,16,distinct,0.15,bitonic,5,largest,False,1000,1000,0,1.0,1.0,1.0,1.0,1.0,1.0
reference,direct,b8_n16_distinct,8,16,distinct,0.15,bitonic,10,largest,False,1000,1000,0,1.0,1.0,1.0,1.0,1.0,1.0
reference,direct,b8_n16_distinct,8,16,distinct,0.15,bitonic,16,largest,True,1000,1000,0,1.0,1.0,1.0,1.0,1.0,1.0
reference,direct,b8_n16_distinct,8,16,distinct,0.15,rank,1,largest,False,1000,1000,0,1.0,1.0,1.0,1.0,1.0,1.0
reference,direct,b8_n16_distinct,8,16,distinct,0.15,rank,5,largest,False,1000,1000,0,1.0,1.0,1.0,1.0,1.0,1.0
reference,direct,b8_n16_distinct,8,16,distinct,0.15,rank,10,largest,False,1000,1000,0,1.0,1.0,1.0,1.0,1.0,1.0
reference,direct,b8_n16_distinct,8,16,distinct,0.15,rank,16,largest,True,1000,1000,0,1.0,1.0,1.0,1.0,1.0,1.0
reference,direct,b8_n16_distinct,8,16,distinct,0.2,bitonic,1,largest,False,1000,1000,0,1.0,1.0,1.0,1.0,1.0,1.0
reference,direct,b8_n16_distinct,8,16,distinct,0.2,bitonic,5,largest,False,1000,1000,0,1.0,1.0,1.0,1.0,1.0,1.0
reference,direct,b8_n16_distinct,8,16,distinct,0.2,bitonic,10,largest,False,1000,1000,0,1.0,1.0,1.0,1.0,1.0,1.0
reference,direct,b8_n16_distinct,8,16,distinct,0.2,bitonic,16,largest,True,1000,1000,0,1.0,1.0,1.0,1.0,1.0,1.0
reference,direct,b8_n16_distinct,8,16,distinct,0.2,rank,1,largest,False,1000,1000,0,0.999,0.0,0.999,0.999,0.0,0.999
reference,direct,b8_n16_distinct,8,16,distinct,0.2,rank,5,largest,False,1000,1000,0,1.0,1.0,1.0,1.0,1.0,1.0
reference,direct,b8_n16_distinct,8,16,distinct,0.2,rank,10,largest,False,1000,1000,0,1.0,1.0,1.0,1.0,1.0,1.0
reference,direct,b8_n16_distinct,8,16,distinct,0.2,rank,16,largest,True,1000,1000,0,1.0,1.0,1.0,1.0,1.0,1.0
reference,direct,b8_n16_distinct,8,16,distinct,0.25,bitonic,1,largest,False,1000,1000,0,1.0,1.0,1.0,1.0,1.0,1.0
reference,direct,b8_n16_distinct,8,16,distinct,0.25,bitonic,5,largest,False,1000,1000,0,1.0,1.0,1.0,1.0,1.0,1.0
reference,direct,b8_n16_distinct,8,16,distinct,0.25,bitonic,10,largest,False,1000,1000,0,1.0,1.0,1.0,1.0,1.0,1.0
reference,direct,b8_n16_distinct,8,16,distinct,0.25,bitonic,16,largest,True,1000,1000,0,1.0,1.0,1.0,1.0,1.0,1.0
reference,direct,b8_n16_distinct,8,16,distinct,0.25,rank,1,largest,False,1000,1000,0,0.999,0.0,0.999,0.999,0.0,0.999
reference,direct,b8_n16_distinct,8,16,distinct,0.25,rank,5,largest,False,1000,1000,0,0.9997999999999999,0.8,0.9997999999999999,0.9997999999999999,0.8,0.9997999999999999
reference,direct,b8_n16_distinct,8,16,distinct,0.25,rank,10,largest,False,1000,1000,0,1.0,1.0,1.0,1.0,1.0,1.0
reference,direct,b8_n16_distinct,8,16,distinct,0.25,rank,16,largest,True,1000,1000,0,1.0,1.0,1.0,1.0,1.0,1.0
reference,direct,b8_n16_duplicates_allowed,8,16,duplicates_allowed,0.0,bitonic,1,largest,False,1000,1000,0,1.0,1.0,1.0,1.0,1.0,1.0
reference,direct,b8_n16_duplicates_allowed,8,16,duplicates_allowed,0.0,bitonic,5,largest,False,1000,1000,0,1.0,1.0,1.0,1.0,1.0,1.0
reference,direct,b8_n16_duplicates_allowed,8,16,duplicates_allowed,0.0,bitonic,10,largest,False,1000,1000,0,1.0,1.0,1.0,1.0,1.0,1.0
reference,direct,b8_n16_duplicates_allowed,8,16,duplicates_allowed,0.0,bitonic,16,largest,True,1000,1000,0,1.0,1.0,1.0,1.0,1.0,1.0
reference,direct,b8_n16_duplicates_allowed,8,16,duplicates_allowed,0.0,rank,1,largest,False,1000,1000,0,1.0,1.0,1.0,1.0,1.0,1.0
reference,direct,b8_n16_duplicates_allowed,8,16,duplicates_allowed,0.0,rank,5,largest,False,1000,1000,0,1.0,1.0,1.0,1.0,1.0,1.0
reference,direct,b8_n16_duplicates_allowed,8,16,duplicates_allowed,0.0,rank,10,largest,False,1000,1000,0,1.0,1.0,1.0,1.0,1.0,1.0
reference,direct,b8_n16_duplicates_allowed,8,16,duplicates_allowed,0.0,rank,16,largest,True,1000,1000,0,1.0,1.0,1.0,1.0,1.0,1.0
reference,direct,b8_n16_duplicates_allowed,8,16,duplicates_allowed,0.05,bitonic,1,largest,False,1000,1000,0,1.0,1.0,1.0,1.0,1.0,1.0
reference,direct,b8_n16_duplicates_allowed,8,16,duplicates_allowed,0.05,bitonic,5,largest,False,1000,1000,0,1.0,1.0,1.0,1.0,1.0,1.0
reference,direct,b8_n16_duplicates_allowed,8,16,duplicates_allowed,0.05,bitonic,10,largest,False,1000,1000,0,1.0,1.0,1.0,1.0,1.0,1.0
reference,direct,b8_n16_duplicates_allowed,8,16,duplicates_allowed,0.05,bitonic,16,largest,True,1000,1000,0,1.0,1.0,1.0,1.0,1.0,1.0
reference,direct,b8_n16_duplicates_allowed,8,16,duplicates_allowed,0.05,rank,1,largest,False,1000,1000,0,1.0,1.0,1.0,1.0,1.0,1.0
reference,direct,b8_n16_duplicates_allowed,8,16,duplicates_allowed,0.05,rank,5,largest,False,1000,1000,0,1.0,1.0,1.0,1.0,1.0,1.0
reference,direct,b8_n16_duplicates_allowed,8,16,duplicates_allowed,0.05,rank,10,largest,False,1000,1000,0,1.0,1.0,1.0,1.0,1.0,1.0
reference,direct,b8_n16_duplicates_allowed,8,16,duplicates_allowed,0.05,rank,16,largest,True,1000,1000,0,1.0,1.0,1.0,1.0,1.0,1.0
reference,direct,b8_n16_duplicates_allowed,8,16,duplicates_allowed,0.1,bitonic,1,largest,False,1000,1000,0,1.0,1.0,1.0,1.0,1.0,1.0
reference,direct,b8_n16_duplicates_allowed,8,16,duplicates_allowed,0.1,bitonic,5,largest,False,1000,1000,0,1.0,1.0,1.0,1.0,1.0,1.0
reference,direct,b8_n16_duplicates_allowed,8,16,duplicates_allowed,0.1,bitonic,10,largest,False,1000,1000,0,1.0,1.0,1.0,1.0,1.0,1.0
reference,direct,b8_n16_duplicates_allowed,8,16,duplicates_allowed,0.1,bitonic,16,largest,True,1000,1000,0,1.0,1.0,1.0,1.0,1.0,1.0
reference,direct,b8_n16_duplicates_allowed,8,16,duplicates_allowed,0.1,rank,1,largest,False,1000,1000,0,1.0,1.0,1.0,1.0,1.0,1.0
reference,direct,b8_n16_duplicates_allowed,8,16,duplicates_allowed,0.1,rank,5,largest,False,1000,1000,0,1.0,1.0,1.0,1.0,1.0,1.0
reference,direct,b8_n16_duplicates_allowed,8,16,duplicates_allowed,0.1,rank,10,largest,False,1000,1000,0,1.0,1.0,1.0,1.0,1.0,1.0
reference,direct,b8_n16_duplicates_allowed,8,16,duplicates_allowed,0.1,rank,16,largest,True,1000,1000,0,1.0,1.0,1.0,1.0,1.0,1.0
reference,direct,b8_n16_duplicates_allowed,8,16,duplicates_allowed,0.15,bitonic,1,largest,False,1000,1000,0,1.0,1.0,1.0,1.0,1.0,1.0
reference,direct,b8_n16_duplicates_allowed,8,16,duplicates_allowed,0.15,bitonic,5,largest,False,1000,1000,0,0.9997999999999999,0.8,0.9997999999999999,0.9997999999999999,0.8,0.9997999999999999
reference,direct,b8_n16_duplicates_allowed,8,16,duplicates_allowed,0.15,bitonic,10,largest,False,1000,1000,0,1.0,1.0,1.0,1.0,1.0,1.0
reference,direct,b8_n16_duplicates_allowed,8,16,duplicates_allowed,0.15,bitonic,16,largest,True,1000,1000,0,1.0,1.0,1.0,1.0,1.0,1.0
reference,direct,b8_n16_duplicates_allowed,8,16,duplicates_allowed,0.15,rank,1,largest,False,1000,1000,0,1.0,1.0,1.0,1.0,1.0,1.0
reference,direct,b8_n16_duplicates_allowed,8,16,duplicates_allowed,0.15,rank,5,largest,False,1000,1000,0,1.0,1.0,1.0,1.0,1.0,1.0
reference,direct,b8_n16_duplicates_allowed,8,16,duplicates_allowed,0.15,rank,10,largest,False,1000,1000,0,1.0,1.0,1.0,1.0,1.0,1.0
reference,direct,b8_n16_duplicates_allowed,8,16,duplicates_allowed,0.15,rank,16,largest,True,1000,1000,0,1.0,1.0,1.0,1.0,1.0,1.0
reference,direct,b8_n16_duplicates_allowed,8,16,duplicates_allowed,0.2,bitonic,1,largest,False,1000,1000,0,1.0,1.0,1.0,1.0,1.0,1.0
reference,direct,b8_n16_duplicates_allowed,8,16,duplicates_allowed,0.2,bitonic,5,largest,False,1000,1000,0,0.9994,0.8,0.9994,0.9996,0.8,0.9996
reference,direct,b8_n16_duplicates_allowed,8,16,duplicates_allowed,0.2,bitonic,10,largest,False,1000,1000,0,1.0,1.0,1.0,1.0,1.0,1.0
reference,direct,b8_n16_duplicates_allowed,8,16,duplicates_allowed,0.2,bitonic,16,largest,True,1000,1000,0,1.0,1.0,1.0,1.0,1.0,1.0
reference,direct,b8_n16_duplicates_allowed,8,16,duplicates_allowed,0.2,rank,1,largest,False,1000,1000,0,1.0,1.0,1.0,1.0,1.0,1.0
reference,direct,b8_n16_duplicates_allowed,8,16,duplicates_allowed,0.2,rank,5,largest,False,1000,1000,0,1.0,1.0,1.0,1.0,1.0,1.0
reference,direct,b8_n16_duplicates_allowed,8,16,duplicates_allowed,0.2,rank,10,largest,False,1000,1000,0,1.0,1.0,1.0,1.0,1.0,1.0
reference,direct,b8_n16_duplicates_allowed,8,16,duplicates_allowed,0.2,rank,16,largest,True,1000,1000,0,1.0,1.0,1.0,1.0,1.0,1.0
reference,direct,b8_n16_duplicates_allowed,8,16,duplicates_allowed,0.25,bitonic,1,largest,False,1000,1000,0,0.999,0.0,0.999,0.999,0.0,0.999
reference,direct,b8_n16_duplicates_allowed,8,16,duplicates_allowed,0.25,bitonic,5,largest,False,1000,1000,0,0.9992000000000001,0.8,0.9992000000000001,0.9996,0.8,0.9996
reference,direct,b8_n16_duplicates_allowed,8,16,duplicates_allowed,0.25,bitonic,10,largest,False,1000,1000,0,1.0,1.0,1.0,1.0,1.0,1.0
reference,direct,b8_n16_duplicates_allowed,8,16,duplicates_allowed,0.25,bitonic,16,largest,True,1000,1000,0,1.0,1.0,1.0,1.0,1.0,1.0
reference,direct,b8_n16_duplicates_allowed,8,16,duplicates_allowed,0.25,rank,1,largest,False,1000,1000,0,0.998,0.0,0.998,0.998,0.0,0.998
reference,direct,b8_n16_duplicates_allowed,8,16,duplicates_allowed,0.25,rank,5,largest,False,1000,1000,0,0.9994000000000001,0.8,0.9994000000000001,1.0,1.0,1.0
reference,direct,b8_n16_duplicates_allowed,8,16,duplicates_allowed,0.25,rank,10,largest,False,1000,1000,0,1.0,1.0,1.0,1.0,1.0,1.0
reference,direct,b8_n16_duplicates_allowed,8,16,duplicates_allowed,0.25,rank,16,largest,True,1000,1000,0,1.0,1.0,1.0,1.0,1.0,1.0
reference,direct,b8_n32_distinct,8,32,distinct,0.0,bitonic,1,largest,False,1000,1000,0,1.0,1.0,1.0,1.0,1.0,1.0
reference,direct,b8_n32_distinct,8,32,distinct,0.0,bitonic,5,largest,False,1000,1000,0,1.0,1.0,1.0,1.0,1.0,1.0
reference,direct,b8_n32_distinct,8,32,distinct,0.0,bitonic,10,largest,False,1000,1000,0,1.0,1.0,1.0,1.0,1.0,1.0
reference,direct,b8_n32_distinct,8,32,distinct,0.0,bitonic,32,largest,True,1000,1000,0,1.0,1.0,1.0,1.0,1.0,1.0
reference,direct,b8_n32_distinct,8,32,distinct,0.0,rank,1,largest,False,1000,1000,0,1.0,1.0,1.0,1.0,1.0,1.0
reference,direct,b8_n32_distinct,8,32,distinct,0.0,rank,5,largest,False,1000,1000,0,1.0,1.0,1.0,1.0,1.0,1.0
reference,direct,b8_n32_distinct,8,32,distinct,0.0,rank,10,largest,False,1000,1000,0,1.0,1.0,1.0,1.0,1.0,1.0
reference,direct,b8_n32_distinct,8,32,distinct,0.0,rank,32,largest,True,1000,1000,0,1.0,1.0,1.0,1.0,1.0,1.0
reference,direct,b8_n32_distinct,8,32,distinct,0.05,bitonic,1,largest,False,1000,1000,0,1.0,1.0,1.0,1.0,1.0,1.0
reference,direct,b8_n32_distinct,8,32,distinct,0.05,bitonic,5,largest,False,1000,1000,0,1.0,1.0,1.0,1.0,1.0,1.0
reference,direct,b8_n32_distinct,8,32,distinct,0.05,bitonic,10,largest,False,1000,1000,0,1.0,1.0,1.0,1.0,1.0,1.0
reference,direct,b8_n32_distinct,8,32,distinct,0.05,bitonic,32,largest,True,1000,1000,0,1.0,1.0,1.0,1.0,1.0,1.0
reference,direct,b8_n32_distinct,8,32,distinct,0.05,rank,1,largest,False,1000,1000,0,1.0,1.0,1.0,1.0,1.0,1.0
reference,direct,b8_n32_distinct,8,32,distinct,0.05,rank,5,largest,False,1000,1000,0,1.0,1.0,1.0,1.0,1.0,1.0
reference,direct,b8_n32_distinct,8,32,distinct,0.05,rank,10,largest,False,1000,1000,0,1.0,1.0,1.0,1.0,1.0,1.0
reference,direct,b8_n32_distinct,8,32,distinct,0.05,rank,32,largest,True,1000,1000,0,1.0,1.0,1.0,1.0,1.0,1.0
reference,direct,b8_n32_distinct,8,32,distinct,0.1,bitonic,1,largest,False,1000,1000,0,1.0,1.0,1.0,1.0,1.0,1.0
reference,direct,b8_n32_distinct,8,32,distinct,0.1,bitonic,5,largest,False,1000,1000,0,1.0,1.0,1.0,1.0,1.0,1.0
reference,direct,b8_n32_distinct,8,32,distinct,0.1,bitonic,10,largest,False,1000,1000,0,1.0,1.0,1.0,1.0,1.0,1.0
reference,direct,b8_n32_distinct,8,32,distinct,0.1,bitonic,32,largest,True,1000,1000,0,1.0,1.0,1.0,1.0,1.0,1.0
reference,direct,b8_n32_distinct,8,32,distinct,0.1,rank,1,largest,False,1000,1000,0,1.0,1.0,1.0,1.0,1.0,1.0
reference,direct,b8_n32_distinct,8,32,distinct,0.1,rank,5,largest,False,1000,1000,0,1.0,1.0,1.0,1.0,1.0,1.0
reference,direct,b8_n32_distinct,8,32,distinct,0.1,rank,10,largest,False,1000,1000,0,1.0,1.0,1.0,1.0,1.0,1.0
reference,direct,b8_n32_distinct,8,32,distinct,0.1,rank,32,largest,True,1000,1000,0,1.0,1.0,1.0,1.0,1.0,1.0
reference,direct,b8_n32_distinct,8,32,distinct,0.15,bitonic,1,largest,False,1000,1000,0,1.0,1.0,1.0,1.0,1.0,1.0
reference,direct,b8_n32_distinct,8,32,distinct,0.15,bitonic,5,largest,False,1000,1000,0,1.0,1.0,1.0,1.0,1.0,1.0
reference,direct,b8_n32_distinct,8,32,distinct,0.15,bitonic,10,largest,False,1000,1000,0,1.0,1.0,1.0,1.0,1.0,1.0
reference,direct,b8_n32_distinct,8,32,distinct,0.15,bitonic,32,largest,True,1000,1000,0,1.0,1.0,1.0,1.0,1.0,1.0
reference,direct,b8_n32_distinct,8,32,distinct,0.15,rank,1,largest,False,1000,1000,0,1.0,1.0,1.0,1.0,1.0,1.0
reference,direct,b8_n32_distinct,8,32,distinct,0.15,rank,5,largest,False,1000,1000,0,1.0,1.0,1.0,1.0,1.0,1.0
reference,direct,b8_n32_distinct,8,32,distinct,0.15,rank,10,largest,False,1000,1000,0,1.0,1.0,1.0,1.0,1.0,1.0
reference,direct,b8_n32_distinct,8,32,distinct,0.15,rank,32,largest,True,1000,1000,0,1.0,1.0,1.0,1.0,1.0,1.0
reference,direct,b8_n32_distinct,8,32,distinct,0.2,bitonic,1,largest,False,1000,1000,0,1.0,1.0,1.0,1.0,1.0,1.0
reference,direct,b8_n32_distinct,8,32,distinct,0.2,bitonic,5,largest,False,1000,1000,0,1.0,1.0,1.0,1.0,1.0,1.0
reference,direct,b8_n32_distinct,8,32,distinct,0.2,bitonic,10,largest,False,1000,1000,0,1.0,1.0,1.0,1.0,1.0,1.0
reference,direct,b8_n32_distinct,8,32,distinct,0.2,bitonic,32,largest,True,1000,1000,0,1.0,1.0,1.0,1.0,1.0,1.0
reference,direct,b8_n32_distinct,8,32,distinct,0.2,rank,1,largest,False,1000,1000,0,1.0,1.0,1.0,1.0,1.0,1.0
reference,direct,b8_n32_distinct,8,32,distinct,0.2,rank,5,largest,False,1000,1000,0,0.9997999999999999,0.8,0.9997999999999999,0.9997999999999999,0.8,0.9997999999999999
reference,direct,b8_n32_distinct,8,32,distinct,0.2,rank,10,largest,False,1000,1000,0,1.0,1.0,1.0,1.0,1.0,1.0
reference,direct,b8_n32_distinct,8,32,distinct,0.2,rank,32,largest,True,1000,1000,0,1.0,1.0,1.0,1.0,1.0,1.0
reference,direct,b8_n32_distinct,8,32,distinct,0.25,bitonic,1,largest,False,1000,1000,0,0.999,0.0,0.999,0.999,0.0,0.999
reference,direct,b8_n32_distinct,8,32,distinct,0.25,bitonic,5,largest,False,1000,1000,0,0.9997999999999999,0.8,0.9997999999999999,0.9997999999999999,0.8,0.9997999999999999
reference,direct,b8_n32_distinct,8,32,distinct,0.25,bitonic,10,largest,False,1000,1000,0,0.9999,0.9,0.9999,0.9999,0.9,0.9999
reference,direct,b8_n32_distinct,8,32,distinct,0.25,bitonic,32,largest,True,1000,1000,0,1.0,1.0,1.0,1.0,1.0,1.0
reference,direct,b8_n32_distinct,8,32,distinct,0.25,rank,1,largest,False,1000,1000,0,0.997,0.0,0.997,0.997,0.0,0.997
reference,direct,b8_n32_distinct,8,32,distinct,0.25,rank,5,largest,False,1000,1000,0,0.9994000000000001,0.8,0.9994000000000001,0.9994000000000001,0.8,0.9994000000000001
reference,direct,b8_n32_distinct,8,32,distinct,0.25,rank,10,largest,False,1000,1000,0,1.0,1.0,1.0,1.0,1.0,1.0
reference,direct,b8_n32_distinct,8,32,distinct,0.25,rank,32,largest,True,1000,1000,0,1.0,1.0,1.0,1.0,1.0,1.0
reference,direct,b8_n32_duplicates_allowed,8,32,duplicates_allowed,0.0,bitonic,1,largest,False,1000,1000,0,1.0,1.0,1.0,1.0,1.0,1.0
reference,direct,b8_n32_duplicates_allowed,8,32,duplicates_allowed,0.0,bitonic,5,largest,False,1000,1000,0,1.0,1.0,1.0,1.0,1.0,1.0
reference,direct,b8_n32_duplicates_allowed,8,32,duplicates_allowed,0.0,bitonic,10,largest,False,1000,1000,0,1.0,1.0,1.0,1.0,1.0,1.0
reference,direct,b8_n32_duplicates_allowed,8,32,duplicates_allowed,0.0,bitonic,32,largest,True,1000,1000,0,1.0,1.0,1.0,1.0,1.0,1.0
reference,direct,b8_n32_duplicates_allowed,8,32,duplicates_allowed,0.0,rank,1,largest,False,1000,1000,0,1.0,1.0,1.0,1.0,1.0,1.0
reference,direct,b8_n32_duplicates_allowed,8,32,duplicates_allowed,0.0,rank,5,largest,False,1000,1000,0,1.0,1.0,1.0,1.0,1.0,1.0
reference,direct,b8_n32_duplicates_allowed,8,32,duplicates_allowed,0.0,rank,10,largest,False,1000,1000,0,1.0,1.0,1.0,1.0,1.0,1.0
reference,direct,b8_n32_duplicates_allowed,8,32,duplicates_allowed,0.0,rank,32,largest,True,1000,1000,0,1.0,1.0,1.0,1.0,1.0,1.0
reference,direct,b8_n32_duplicates_allowed,8,32,duplicates_allowed,0.05,bitonic,1,largest,False,1000,1000,0,1.0,1.0,1.0,1.0,1.0,1.0
reference,direct,b8_n32_duplicates_allowed,8,32,duplicates_allowed,0.05,bitonic,5,largest,False,1000,1000,0,1.0,1.0,1.0,1.0,1.0,1.0
reference,direct,b8_n32_duplicates_allowed,8,32,duplicates_allowed,0.05,bitonic,10,largest,False,1000,1000,0,1.0,1.0,1.0,1.0,1.0,1.0
reference,direct,b8_n32_duplicates_allowed,8,32,duplicates_allowed,0.05,bitonic,32,largest,True,1000,1000,0,1.0,1.0,1.0,1.0,1.0,1.0
reference,direct,b8_n32_duplicates_allowed,8,32,duplicates_allowed,0.05,rank,1,largest,False,1000,1000,0,1.0,1.0,1.0,1.0,1.0,1.0
reference,direct,b8_n32_duplicates_allowed,8,32,duplicates_allowed,0.05,rank,5,largest,False,1000,1000,0,1.0,1.0,1.0,1.0,1.0,1.0
reference,direct,b8_n32_duplicates_allowed,8,32,duplicates_allowed,0.05,rank,10,largest,False,1000,1000,0,1.0,1.0,1.0,1.0,1.0,1.0
reference,direct,b8_n32_duplicates_allowed,8,32,duplicates_allowed,0.05,rank,32,largest,True,1000,1000,0,1.0,1.0,1.0,1.0,1.0,1.0
reference,direct,b8_n32_duplicates_allowed,8,32,duplicates_allowed,0.1,bitonic,1,largest,False,1000,1000,0,1.0,1.0,1.0,1.0,1.0,1.0
reference,direct,b8_n32_duplicates_allowed,8,32,duplicates_allowed,0.1,bitonic,5,largest,False,1000,1000,0,1.0,1.0,1.0,1.0,1.0,1.0
reference,direct,b8_n32_duplicates_allowed,8,32,duplicates_allowed,0.1,bitonic,10,largest,False,1000,1000,0,1.0,1.0,1.0,1.0,1.0,1.0
reference,direct,b8_n32_duplicates_allowed,8,32,duplicates_allowed,0.1,bitonic,32,largest,True,1000,1000,0,1.0,1.0,1.0,1.0,1.0,1.0
reference,direct,b8_n32_duplicates_allowed,8,32,duplicates_allowed,0.1,rank,1,largest,False,1000,1000,0,1.0,1.0,1.0,1.0,1.0,1.0
reference,direct,b8_n32_duplicates_allowed,8,32,duplicates_allowed,0.1,rank,5,largest,False,1000,1000,0,1.0,1.0,1.0,1.0,1.0,1.0
reference,direct,b8_n32_duplicates_allowed,8,32,duplicates_allowed,0.1,rank,10,largest,False,1000,1000,0,1.0,1.0,1.0,1.0,1.0,1.0
reference,direct,b8_n32_duplicates_allowed,8,32,duplicates_allowed,0.1,rank,32,largest,True,1000,1000,0,1.0,1.0,1.0,1.0,1.0,1.0
reference,direct,b8_n32_duplicates_allowed,8,32,duplicates_allowed,0.15,bitonic,1,largest,False,1000,1000,0,1.0,1.0,1.0,1.0,1.0,1.0
reference,direct,b8_n32_duplicates_allowed,8,32,duplicates_allowed,0.15,bitonic,5,largest,False,1000,1000,0,1.0,1.0,1.0,1.0,1.0,1.0
reference,direct,b8_n32_duplicates_allowed,8,32,duplicates_allowed,0.15,bitonic,10,largest,False,1000,1000,0,1.0,1.0,1.0,1.0,1.0,1.0
reference,direct,b8_n32_duplicates_allowed,8,32,duplicates_allowed,0.15,bitonic,32,largest,True,1000,1000,0,1.0,1.0,1.0,1.0,1.0,1.0
reference,direct,b8_n32_duplicates_allowed,8,32,duplicates_allowed,0.15,rank,1,largest,False,1000,1000,0,1.0,1.0,1.0,1.0,1.0,1.0
reference,direct,b8_n32_duplicates_allowed,8,32,duplicates_allowed,0.15,rank,5,largest,False,1000,1000,0,1.0,1.0,1.0,1.0,1.0,1.0
reference,direct,b8_n32_duplicates_allowed,8,32,duplicates_allowed,0.15,rank,10,largest,False,1000,1000,0,1.0,1.0,1.0,1.0,1.0,1.0
reference,direct,b8_n32_duplicates_allowed,8,32,duplicates_allowed,0.15,rank,32,largest,True,1000,1000,0,1.0,1.0,1.0,1.0,1.0,1.0
reference,direct,b8_n32_duplicates_allowed,8,32,duplicates_allowed,0.2,bitonic,1,largest,False,1000,1000,0,0.999,0.0,0.999,0.999,0.0,0.999
reference,direct,b8_n32_duplicates_allowed,8,32,duplicates_allowed,0.2,bitonic,5,largest,False,1000,1000,0,0.9997999999999999,0.8,0.9997999999999999,0.9997999999999999,0.8,0.9997999999999999
reference,direct,b8_n32_duplicates_allowed,8,32,duplicates_allowed,0.2,bitonic,10,largest,False,1000,1000,0,1.0,1.0,1.0,1.0,1.0,1.0
reference,direct,b8_n32_duplicates_allowed,8,32,duplicates_allowed,0.2,bitonic,32,largest,True,1000,1000,0,1.0,1.0,1.0,1.0,1.0,1.0
reference,direct,b8_n32_duplicates_allowed,8,32,duplicates_allowed,0.2,rank,1,largest,False,1000,998,2,0.998997995991984,0.0,0.997,1.0,1.0,0.998
reference,direct,b8_n32_duplicates_allowed,8,32,duplicates_allowed,0.2,rank,5,largest,False,1000,998,2,1.0,1.0,0.998,1.0,1.0,0.998
reference,direct,b8_n32_duplicates_allowed,8,32,duplicates_allowed,0.2,rank,10,largest,False,1000,998,2,0.9998997995991984,0.9,0.9979,0.9998997995991984,0.9,0.9979
reference,direct,b8_n32_duplicates_allowed,8,32,duplicates_allowed,0.2,rank,32,largest,True,1000,998,2,1.0,1.0,0.998,1.0,1.0,0.998
reference,direct,b8_n32_duplicates_allowed,8,32,duplicates_allowed,0.25,bitonic,1,largest,False,1000,1000,0,0.997,0.0,0.997,0.997,0.0,0.997
reference,direct,b8_n32_duplicates_allowed,8,32,duplicates_allowed,0.25,bitonic,5,largest,False,1000,1000,0,0.9996,0.8,0.9996,0.9997999999999999,0.8,0.9997999999999999
reference,direct,b8_n32_duplicates_allowed,8,32,duplicates_allowed,0.25,bitonic,10,largest,False,1000,1000,0,0.9997,0.9,0.9997,0.9999,0.9,0.9999
reference,direct,b8_n32_duplicates_allowed,8,32,duplicates_allowed,0.25,bitonic,32,largest,True,1000,1000,0,1.0,1.0,1.0,1.0,1.0,1.0
reference,direct,b8_n32_duplicates_allowed,8,32,duplicates_allowed,0.25,rank,1,largest,False,1000,993,7,0.9949647532729103,0.0,0.988,0.9969788519637462,0.0,0.99
reference,direct,b8_n32_duplicates_allowed,8,32,duplicates_allowed,0.25,rank,5,largest,False,1000,993,7,1.0,1.0,0.993,1.0,1.0,0.993
reference,direct,b8_n32_duplicates_allowed,8,32,duplicates_allowed,0.25,rank,10,largest,False,1000,993,7,0.9996978851963747,0.9,0.9927,0.9997985901309163,0.9,0.9927999999999999
reference,direct,b8_n32_duplicates_allowed,8,32,duplicates_allowed,0.25,rank,32,largest,True,1000,993,7,1.0,1.0,0.993,1.0,1.0,0.993
reference,direct,b8_n64_distinct,8,64,distinct,0.0,bitonic,1,largest,False,1000,1000,0,1.0,1.0,1.0,1.0,1.0,1.0
reference,direct,b8_n64_distinct,8,64,distinct,0.0,bitonic,5,largest,False,1000,1000,0,1.0,1.0,1.0,1.0,1.0,1.0
reference,direct,b8_n64_distinct,8,64,distinct,0.0,bitonic,10,largest,False,1000,1000,0,1.0,1.0,1.0,1.0,1.0,1.0
reference,direct,b8_n64_distinct,8,64,distinct,0.0,bitonic,32,largest,False,1000,1000,0,1.0,1.0,1.0,1.0,1.0,1.0
reference,direct,b8_n64_distinct,8,64,distinct,0.0,bitonic,64,largest,True,1000,1000,0,1.0,1.0,1.0,1.0,1.0,1.0
reference,direct,b8_n64_distinct,8,64,distinct,0.0,rank,1,largest,False,1000,1000,0,1.0,1.0,1.0,1.0,1.0,1.0
reference,direct,b8_n64_distinct,8,64,distinct,0.0,rank,5,largest,False,1000,1000,0,1.0,1.0,1.0,1.0,1.0,1.0
reference,direct,b8_n64_distinct,8,64,distinct,0.0,rank,10,largest,False,1000,1000,0,1.0,1.0,1.0,1.0,1.0,1.0
reference,direct,b8_n64_distinct,8,64,distinct,0.0,rank,32,largest,False,1000,1000,0,1.0,1.0,1.0,1.0,1.0,1.0
reference,direct,b8_n64_distinct,8,64,distinct,0.0,rank,64,largest,True,1000,1000,0,1.0,1.0,1.0,1.0,1.0,1.0
reference,direct,b8_n64_distinct,8,64,distinct,0.05,bitonic,1,largest,False,1000,1000,0,1.0,1.0,1.0,1.0,1.0,1.0
reference,direct,b8_n64_distinct,8,64,distinct,0.05,bitonic,5,largest,False,1000,1000,0,1.0,1.0,1.0,1.0,1.0,1.0
reference,direct,b8_n64_distinct,8,64,distinct,0.05,bitonic,10,largest,False,1000,1000,0,1.0,1.0,1.0,1.0,1.0,1.0
reference,direct,b8_n64_distinct,8,64,distinct,0.05,bitonic,32,largest,False,1000,1000,0,1.0,1.0,1.0,1.0,1.0,1.0
reference,direct,b8_n64_distinct,8,64,distinct,0.05,bitonic,64,largest,True,1000,1000,0,1.0,1.0,1.0,1.0,1.0,1.0
reference,direct,b8_n64_distinct,8,64,distinct,0.05,rank,1,largest,False,1000,1000,0,1.0,1.0,1.0,1.0,1.0,1.0
reference,direct,b8_n64_distinct,8,64,distinct,0.05,rank,5,largest,False,1000,1000,0,1.0,1.0,1.0,1.0,1.0,1.0
reference,direct,b8_n64_distinct,8,64,distinct,0.05,rank,10,largest,False,1000,1000,0,1.0,1.0,1.0,1.0,1.0,1.0
reference,direct,b8_n64_distinct,8,64,distinct,0.05,rank,32,largest,False,1000,1000,0,1.0,1.0,1.0,1.0,1.0,1.0
reference,direct,b8_n64_distinct,8,64,distinct,0.05,rank,64,largest,True,1000,1000,0,1.0,1.0,1.0,1.0,1.0,1.0
reference,direct,b8_n64_distinct,8,64,distinct,0.1,bitonic,1,largest,False,1000,1000,0,1.0,1.0,1.0,1.0,1.0,1.0
reference,direct,b8_n64_distinct,8,64,distinct,0.1,bitonic,5,largest,False,1000,1000,0,1.0,1.0,1.0,1.0,1.0,1.0
reference,direct,b8_n64_distinct,8,64,distinct,0.1,bitonic,10,largest,False,1000,1000,0,1.0,1.0,1.0,1.0,1.0,1.0
reference,direct,b8_n64_distinct,8,64,distinct,0.1,bitonic,32,largest,False,1000,1000,0,1.0,1.0,1.0,1.0,1.0,1.0
reference,direct,b8_n64_distinct,8,64,distinct,0.1,bitonic,64,largest,True,1000,1000,0,1.0,1.0,1.0,1.0,1.0,1.0
reference,direct,b8_n64_distinct,8,64,distinct,0.1,rank,1,largest,False,1000,1000,0,1.0,1.0,1.0,1.0,1.0,1.0
reference,direct,b8_n64_distinct,8,64,distinct,0.1,rank,5,largest,False,1000,1000,0,1.0,1.0,1.0,1.0,1.0,1.0
reference,direct,b8_n64_distinct,8,64,distinct,0.1,rank,10,largest,False,1000,1000,0,1.0,1.0,1.0,1.0,1.0,1.0
reference,direct,b8_n64_distinct,8,64,distinct,0.1,rank,32,largest,False,1000,1000,0,1.0,1.0,1.0,1.0,1.0,1.0
reference,direct,b8_n64_distinct,8,64,distinct,0.1,rank,64,largest,True,1000,1000,0,1.0,1.0,1.0,1.0,1.0,1.0
reference,direct,b8_n64_distinct,8,64,distinct,0.15,bitonic,1,largest,False,1000,1000,0,1.0,1.0,1.0,1.0,1.0,1.0
reference,direct,b8_n64_distinct,8,64,distinct,0.15,bitonic,5,largest,False,1000,1000,0,1.0,1.0,1.0,1.0,1.0,1.0
reference,direct,b8_n64_distinct,8,64,distinct,0.15,bitonic,10,largest,False,1000,1000,0,1.0,1.0,1.0,1.0,1.0,1.0
reference,direct,b8_n64_distinct,8,64,distinct,0.15,bitonic,32,largest,False,1000,1000,0,1.0,1.0,1.0,1.0,1.0,1.0
reference,direct,b8_n64_distinct,8,64,distinct,0.15,bitonic,64,largest,True,1000,1000,0,1.0,1.0,1.0,1.0,1.0,1.0
reference,direct,b8_n64_distinct,8,64,distinct,0.15,rank,1,largest,False,1000,1000,0,1.0,1.0,1.0,1.0,1.0,1.0
reference,direct,b8_n64_distinct,8,64,distinct,0.15,rank,5,largest,False,1000,1000,0,1.0,1.0,1.0,1.0,1.0,1.0
reference,direct,b8_n64_distinct,8,64,distinct,0.15,rank,10,largest,False,1000,1000,0,0.9999,0.9,0.9999,0.9999,0.9,0.9999
reference,direct,b8_n64_distinct,8,64,distinct,0.15,rank,32,largest,False,1000,1000,0,1.0,1.0,1.0,1.0,1.0,1.0
reference,direct,b8_n64_distinct,8,64,distinct,0.15,rank,64,largest,True,1000,1000,0,1.0,1.0,1.0,1.0,1.0,1.0
reference,direct,b8_n64_distinct,8,64,distinct,0.2,bitonic,1,largest,False,1000,1000,0,0.999,0.0,0.999,0.999,0.0,0.999
reference,direct,b8_n64_distinct,8,64,distinct,0.2,bitonic,5,largest,False,1000,1000,0,0.9997999999999999,0.8,0.9997999999999999,0.9997999999999999,0.8,0.9997999999999999
reference,direct,b8_n64_distinct,8,64,distinct,0.2,bitonic,10,largest,False,1000,1000,0,1.0,1.0,1.0,1.0,1.0,1.0
reference,direct,b8_n64_distinct,8,64,distinct,0.2,bitonic,32,largest,False,1000,1000,0,1.0,1.0,1.0,1.0,1.0,1.0
reference,direct,b8_n64_distinct,8,64,distinct,0.2,bitonic,64,largest,True,1000,1000,0,1.0,1.0,1.0,1.0,1.0,1.0
reference,direct,b8_n64_distinct,8,64,distinct,0.2,rank,1,largest,False,1000,1000,0,0.999,0.0,0.999,0.999,0.0,0.999
reference,direct,b8_n64_distinct,8,64,distinct,0.2,rank,5,largest,False,1000,1000,0,1.0,1.0,1.0,1.0,1.0,1.0
reference,direct,b8_n64_distinct,8,64,distinct,0.2,rank,10,largest,False,1000,1000,0,0.9997999999999999,0.9,0.9997999999999999,0.9997999999999999,0.9,0.9997999999999999
reference,direct,b8_n64_distinct,8,64,distinct,0.2,rank,32,largest,False,1000,1000,0,0.99996875,0.96875,0.99996875,0.99996875,0.96875,0.99996875
reference,direct,b8_n64_distinct,8,64,distinct,0.2,rank,64,largest,True,1000,1000,0,1.0,1.0,1.0,1.0,1.0,1.0
reference,direct,b8_n64_distinct,8,64,distinct,0.25,bitonic,1,largest,False,1000,1000,0,0.997,0.0,0.997,0.997,0.0,0.997
reference,direct,b8_n64_distinct,8,64,distinct,0.25,bitonic,5,largest,False,1000,1000,0,0.999,0.8,0.999,0.999,0.8,0.999
reference,direct,b8_n64_distinct,8,64,distinct,0.25,bitonic,10,largest,False,1000,1000,0,1.0,1.0,1.0,1.0,1.0,1.0
reference,direct,b8_n64_distinct,8,64,distinct,0.25,bitonic,32,largest,False,1000,1000,0,0.99996875,0.96875,0.99996875,0.99996875,0.96875,0.99996875
reference,direct,b8_n64_distinct,8,64,distinct,0.25,bitonic,64,largest,True,1000,1000,0,1.0,1.0,1.0,1.0,1.0,1.0
reference,direct,b8_n64_distinct,8,64,distinct,0.25,rank,1,largest,False,1000,999,1,0.997997997997998,0.0,0.997,0.997997997997998,0.0,0.997
reference,direct,b8_n64_distinct,8,64,distinct,0.25,rank,5,largest,False,1000,999,1,1.0,1.0,0.999,1.0,1.0,0.999
reference,direct,b8_n64_distinct,8,64,distinct,0.25,rank,10,largest,False,1000,999,1,0.9996996996996997,0.9,0.9987,0.9996996996996997,0.9,0.9987
reference,direct,b8_n64_distinct,8,64,distinct,0.25,rank,32,largest,False,1000,999,1,0.9999374374374375,0.96875,0.9989375,0.9999374374374375,0.96875,0.9989375
reference,direct,b8_n64_distinct,8,64,distinct,0.25,rank,64,largest,True,1000,999,1,1.0,1.0,0.999,1.0,1.0,0.999
reference,direct,b8_n64_duplicates_allowed,8,64,duplicates_allowed,0.0,bitonic,1,largest,False,1000,1000,0,1.0,1.0,1.0,1.0,1.0,1.0
reference,direct,b8_n64_duplicates_allowed,8,64,duplicates_allowed,0.0,bitonic,5,largest,False,1000,1000,0,1.0,1.0,1.0,1.0,1.0,1.0
reference,direct,b8_n64_duplicates_allowed,8,64,duplicates_allowed,0.0,bitonic,10,largest,False,1000,1000,0,1.0,1.0,1.0,1.0,1.0,1.0
reference,direct,b8_n64_duplicates_allowed,8,64,duplicates_allowed,0.0,bitonic,32,largest,False,1000,1000,0,1.0,1.0,1.0,1.0,1.0,1.0
reference,direct,b8_n64_duplicates_allowed,8,64,duplicates_allowed,0.0,bitonic,64,largest,True,1000,1000,0,1.0,1.0,1.0,1.0,1.0,1.0
reference,direct,b8_n64_duplicates_allowed,8,64,duplicates_allowed,0.0,rank,1,largest,False,1000,1000,0,1.0,1.0,1.0,1.0,1.0,1.0
reference,direct,b8_n64_duplicates_allowed,8,64,duplicates_allowed,0.0,rank,5,largest,False,1000,1000,0,1.0,1.0,1.0,1.0,1.0,1.0
reference,direct,b8_n64_duplicates_allowed,8,64,duplicates_allowed,0.0,rank,10,largest,False,1000,1000,0,1.0,1.0,1.0,1.0,1.0,1.0
reference,direct,b8_n64_duplicates_allowed,8,64,duplicates_allowed,0.0,rank,32,largest,False,1000,1000,0,1.0,1.0,1.0,1.0,1.0,1.0
reference,direct,b8_n64_duplicates_allowed,8,64,duplicates_allowed,0.0,rank,64,largest,True,1000,1000,0,1.0,1.0,1.0,1.0,1.0,1.0
reference,direct,b8_n64_duplicates_allowed,8,64,duplicates_allowed,0.05,bitonic,1,largest,False,1000,1000,0,1.0,1.0,1.0,1.0,1.0,1.0
reference,direct,b8_n64_duplicates_allowed,8,64,duplicates_allowed,0.05,bitonic,5,largest,False,1000,1000,0,1.0,1.0,1.0,1.0,1.0,1.0
reference,direct,b8_n64_duplicates_allowed,8,64,duplicates_allowed,0.05,bitonic,10,largest,False,1000,1000,0,1.0,1.0,1.0,1.0,1.0,1.0
reference,direct,b8_n64_duplicates_allowed,8,64,duplicates_allowed,0.05,bitonic,32,largest,False,1000,1000,0,1.0,1.0,1.0,1.0,1.0,1.0
reference,direct,b8_n64_duplicates_allowed,8,64,duplicates_allowed,0.05,bitonic,64,largest,True,1000,1000,0,1.0,1.0,1.0,1.0,1.0,1.0
reference,direct,b8_n64_duplicates_allowed,8,64,duplicates_allowed,0.05,rank,1,largest,False,1000,1000,0,1.0,1.0,1.0,1.0,1.0,1.0
reference,direct,b8_n64_duplicates_allowed,8,64,duplicates_allowed,0.05,rank,5,largest,False,1000,1000,0,1.0,1.0,1.0,1.0,1.0,1.0
reference,direct,b8_n64_duplicates_allowed,8,64,duplicates_allowed,0.05,rank,10,largest,False,1000,1000,0,1.0,1.0,1.0,1.0,1.0,1.0
reference,direct,b8_n64_duplicates_allowed,8,64,duplicates_allowed,0.05,rank,32,largest,False,1000,1000,0,1.0,1.0,1.0,1.0,1.0,1.0
reference,direct,b8_n64_duplicates_allowed,8,64,duplicates_allowed,0.05,rank,64,largest,True,1000,1000,0,1.0,1.0,1.0,1.0,1.0,1.0
reference,direct,b8_n64_duplicates_allowed,8,64,duplicates_allowed,0.1,bitonic,1,largest,False,1000,1000,0,1.0,1.0,1.0,1.0,1.0,1.0
reference,direct,b8_n64_duplicates_allowed,8,64,duplicates_allowed,0.1,bitonic,5,largest,False,1000,1000,0,1.0,1.0,1.0,1.0,1.0,1.0
reference,direct,b8_n64_duplicates_allowed,8,64,duplicates_allowed,0.1,bitonic,10,largest,False,1000,1000,0,1.0,1.0,1.0,1.0,1.0,1.0
reference,direct,b8_n64_duplicates_allowed,8,64,duplicates_allowed,0.1,bitonic,32,largest,False,1000,1000,0,1.0,1.0,1.0,1.0,1.0,1.0
reference,direct,b8_n64_duplicates_allowed,8,64,duplicates_allowed,0.1,bitonic,64,largest,True,1000,1000,0,1.0,1.0,1.0,1.0,1.0,1.0
reference,direct,b8_n64_duplicates_allowed,8,64,duplicates_allowed,0.1,rank,1,largest,False,1000,1000,0,1.0,1.0,1.0,1.0,1.0,1.0
reference,direct,b8_n64_duplicates_allowed,8,64,duplicates_allowed,0.1,rank,5,largest,False,1000,1000,0,1.0,1.0,1.0,1.0,1.0,1.0
reference,direct,b8_n64_duplicates_allowed,8,64,duplicates_allowed,0.1,rank,10,largest,False,1000,1000,0,1.0,1.0,1.0,1.0,1.0,1.0
reference,direct,b8_n64_duplicates_allowed,8,64,duplicates_allowed,0.1,rank,32,largest,False,1000,1000,0,1.0,1.0,1.0,1.0,1.0,1.0
reference,direct,b8_n64_duplicates_allowed,8,64,duplicates_allowed,0.1,rank,64,largest,True,1000,1000,0,1.0,1.0,1.0,1.0,1.0,1.0
reference,direct,b8_n64_duplicates_allowed,8,64,duplicates_allowed,0.15,bitonic,1,largest,False,1000,1000,0,1.0,1.0,1.0,1.0,1.0,1.0
reference,direct,b8_n64_duplicates_allowed,8,64,duplicates_allowed,0.15,bitonic,5,largest,False,1000,1000,0,1.0,1.0,1.0,1.0,1.0,1.0
reference,direct,b8_n64_duplicates_allowed,8,64,duplicates_allowed,0.15,bitonic,10,largest,False,1000,1000,0,1.0,1.0,1.0,1.0,1.0,1.0
reference,direct,b8_n64_duplicates_allowed,8,64,duplicates_allowed,0.15,bitonic,32,largest,False,1000,1000,0,1.0,1.0,1.0,1.0,1.0,1.0
reference,direct,b8_n64_duplicates_allowed,8,64,duplicates_allowed,0.15,bitonic,64,largest,True,1000,1000,0,1.0,1.0,1.0,1.0,1.0,1.0
reference,direct,b8_n64_duplicates_allowed,8,64,duplicates_allowed,0.15,rank,1,largest,False,1000,998,2,1.0,1.0,0.998,1.0,1.0,0.998
reference,direct,b8_n64_duplicates_allowed,8,64,duplicates_allowed,0.15,rank,5,largest,False,1000,998,2,0.9997995991983968,0.8,0.9977999999999999,0.9997995991983968,0.8,0.9977999999999999
reference,direct,b8_n64_duplicates_allowed,8,64,duplicates_allowed,0.15,rank,10,largest,False,1000,998,2,1.0,1.0,0.998,1.0,1.0,0.998
reference,direct,b8_n64_duplicates_allowed,8,64,duplicates_allowed,0.15,rank,32,largest,False,1000,998,2,1.0,1.0,0.998,1.0,1.0,0.998
reference,direct,b8_n64_duplicates_allowed,8,64,duplicates_allowed,0.15,rank,64,largest,True,1000,998,2,1.0,1.0,0.998,1.0,1.0,0.998
reference,direct,b8_n64_duplicates_allowed,8,64,duplicates_allowed,0.2,bitonic,1,largest,False,1000,1000,0,0.999,0.0,0.999,1.0,1.0,1.0
reference,direct,b8_n64_duplicates_allowed,8,64,duplicates_allowed,0.2,bitonic,5,largest,False,1000,1000,0,0.9994000000000001,0.8,0.9994000000000001,0.9997999999999999,0.8,0.9997999999999999
reference,direct,b8_n64_duplicates_allowed,8,64,duplicates_allowed,0.2,bitonic,10,largest,False,1000,1000,0,0.9997,0.9,0.9997,0.9997999999999999,0.9,0.9997999999999999
reference,direct,b8_n64_duplicates_allowed,8,64,duplicates_allowed,0.2,bitonic,32,largest,False,1000,1000,0,0.9999375,0.96875,0.9999375,0.99996875,0.96875,0.99996875
reference,direct,b8_n64_duplicates_allowed,8,64,duplicates_allowed,0.2,bitonic,64,largest,True,1000,1000,0,1.0,1.0,1.0,1.0,1.0,1.0
reference,direct,b8_n64_duplicates_allowed,8,64,duplicates_allowed,0.2,rank,1,largest,False,1000,990,10,0.996969696969697,0.0,0.987,0.997979797979798,0.0,0.988
reference,direct,b8_n64_duplicates_allowed,8,64,duplicates_allowed,0.2,rank,5,largest,False,1000,990,10,0.9993939393939395,0.8,0.9894000000000001,0.9993939393939395,0.8,0.9894000000000001
reference,direct,b8_n64_duplicates_allowed,8,64,duplicates_allowed,0.2,rank,10,largest,False,1000,990,10,0.9998989898989898,0.9,0.9899,0.9998989898989898,0.9,0.9899
reference,direct,b8_n64_duplicates_allowed,8,64,duplicates_allowed,0.2,rank,32,largest,False,1000,990,10,0.9999684343434343,0.96875,0.98996875,0.9999684343434343,0.96875,0.98996875
reference,direct,b8_n64_duplicates_allowed,8,64,duplicates_allowed,0.2,rank,64,largest,True,1000,990,10,1.0,1.0,0.99,1.0,1.0,0.99
reference,direct,b8_n64_duplicates_allowed,8,64,duplicates_allowed,0.25,bitonic,1,largest,False,1000,1000,0,0.997,0.0,0.997,0.999,0.0,0.999
reference,direct,b8_n64_duplicates_allowed,8,64,duplicates_allowed,0.25,bitonic,5,largest,False,1000,1000,0,0.9987999999999999,0.8,0.9987999999999999,0.9994,0.8,0.9994
reference,direct,b8_n64_duplicates_allowed,8,64,duplicates_allowed,0.25,bitonic,10,largest,False,1000,1000,0,0.9991,0.9,0.9991,0.9994000000000001,0.9,0.9994000000000001
reference,direct,b8_n64_duplicates_allowed,8,64,duplicates_allowed,0.25,bitonic,32,largest,False,1000,1000,0,0.999875,0.96875,0.999875,0.9999375,0.96875,0.9999375
reference,direct,b8_n64_duplicates_allowed,8,64,duplicates_allowed,0.25,bitonic,64,largest,True,1000,1000,0,1.0,1.0,1.0,1.0,1.0,1.0
reference,direct,b8_n64_duplicates_allowed,8,64,duplicates_allowed,0.25,rank,1,largest,False,1000,961,39,0.9895941727367326,0.0,0.951,0.9927159209157128,0.0,0.954
reference,direct,b8_n64_duplicates_allowed,8,64,duplicates_allowed,0.25,rank,5,largest,False,1000,961,39,0.9989594172736732,0.8,0.96,0.9991675338189386,0.8,0.9602
reference,direct,b8_n64_duplicates_allowed,8,64,duplicates_allowed,0.25,rank,10,largest,False,1000,961,39,0.9994797086368367,0.9,0.9605,0.9997918834547346,0.9,0.9608
reference,direct,b8_n64_duplicates_allowed,8,64,duplicates_allowed,0.25,rank,32,largest,False,1000,961,39,0.9998374089490114,0.96875,0.96084375,0.9999024453694069,0.96875,0.96090625
reference,direct,b8_n64_duplicates_allowed,8,64,duplicates_allowed,0.25,rank,64,largest,True,1000,961,39,1.0,1.0,0.961,1.0,1.0,0.961
reference,direct,b8_n128_distinct,8,128,distinct,0.0,bitonic,1,largest,False,1000,1000,0,1.0,1.0,1.0,1.0,1.0,1.0
reference,direct,b8_n128_distinct,8,128,distinct,0.0,bitonic,5,largest,False,1000,1000,0,1.0,1.0,1.0,1.0,1.0,1.0
reference,direct,b8_n128_distinct,8,128,distinct,0.0,bitonic,10,largest,False,1000,1000,0,1.0,1.0,1.0,1.0,1.0,1.0
reference,direct,b8_n128_distinct,8,128,distinct,0.0,bitonic,32,largest,False,1000,1000,0,1.0,1.0,1.0,1.0,1.0,1.0
reference,direct,b8_n128_distinct,8,128,distinct,0.0,bitonic,128,largest,True,1000,1000,0,1.0,1.0,1.0,1.0,1.0,1.0
reference,direct,b8_n128_distinct,8,128,distinct,0.0,rank,1,largest,False,1000,1000,0,1.0,1.0,1.0,1.0,1.0,1.0
reference,direct,b8_n128_distinct,8,128,distinct,0.0,rank,5,largest,False,1000,1000,0,1.0,1.0,1.0,1.0,1.0,1.0
reference,direct,b8_n128_distinct,8,128,distinct,0.0,rank,10,largest,False,1000,1000,0,1.0,1.0,1.0,1.0,1.0,1.0
reference,direct,b8_n128_distinct,8,128,distinct,0.0,rank,32,largest,False,1000,1000,0,1.0,1.0,1.0,1.0,1.0,1.0
reference,direct,b8_n128_distinct,8,128,distinct,0.0,rank,128,largest,True,1000,1000,0,1.0,1.0,1.0,1.0,1.0,1.0
reference,direct,b8_n128_distinct,8,128,distinct,0.05,bitonic,1,largest,False,1000,1000,0,1.0,1.0,1.0,1.0,1.0,1.0
reference,direct,b8_n128_distinct,8,128,distinct,0.05,bitonic,5,largest,False,1000,1000,0,1.0,1.0,1.0,1.0,1.0,1.0
reference,direct,b8_n128_distinct,8,128,distinct,0.05,bitonic,10,largest,False,1000,1000,0,1.0,1.0,1.0,1.0,1.0,1.0
reference,direct,b8_n128_distinct,8,128,distinct,0.05,bitonic,32,largest,False,1000,1000,0,1.0,1.0,1.0,1.0,1.0,1.0
reference,direct,b8_n128_distinct,8,128,distinct,0.05,bitonic,128,largest,True,1000,1000,0,1.0,1.0,1.0,1.0,1.0,1.0
reference,direct,b8_n128_distinct,8,128,distinct,0.05,rank,1,largest,False,1000,1000,0,1.0,1.0,1.0,1.0,1.0,1.0
reference,direct,b8_n128_distinct,8,128,distinct,0.05,rank,5,largest,False,1000,1000,0,1.0,1.0,1.0,1.0,1.0,1.0
reference,direct,b8_n128_distinct,8,128,distinct,0.05,rank,10,largest,False,1000,1000,0,1.0,1.0,1.0,1.0,1.0,1.0
reference,direct,b8_n128_distinct,8,128,distinct,0.05,rank,32,largest,False,1000,1000,0,1.0,1.0,1.0,1.0,1.0,1.0
reference,direct,b8_n128_distinct,8,128,distinct,0.05,rank,128,largest,True,1000,1000,0,1.0,1.0,1.0,1.0,1.0,1.0
reference,direct,b8_n128_distinct,8,128,distinct,0.1,bitonic,1,largest,False,1000,1000,0,1.0,1.0,1.0,1.0,1.0,1.0
reference,direct,b8_n128_distinct,8,128,distinct,0.1,bitonic,5,largest,False,1000,1000,0,1.0,1.0,1.0,1.0,1.0,1.0
reference,direct,b8_n128_distinct,8,128,distinct,0.1,bitonic,10,largest,False,1000,1000,0,1.0,1.0,1.0,1.0,1.0,1.0
reference,direct,b8_n128_distinct,8,128,distinct,0.1,bitonic,32,largest,False,1000,1000,0,1.0,1.0,1.0,1.0,1.0,1.0
reference,direct,b8_n128_distinct,8,128,distinct,0.1,bitonic,128,largest,True,1000,1000,0,1.0,1.0,1.0,1.0,1.0,1.0
reference,direct,b8_n128_distinct,8,128,distinct,0.1,rank,1,largest,False,1000,1000,0,1.0,1.0,1.0,1.0,1.0,1.0
reference,direct,b8_n128_distinct,8,128,distinct,0.1,rank,5,largest,False,1000,1000,0,1.0,1.0,1.0,1.0,1.0,1.0
reference,direct,b8_n128_distinct,8,128,distinct,0.1,rank,10,largest,False,1000,1000,0,1.0,1.0,1.0,1.0,1.0,1.0
reference,direct,b8_n128_distinct,8,128,distinct,0.1,rank,32,largest,False,1000,1000,0,1.0,1.0,1.0,1.0,1.0,1.0
reference,direct,b8_n128_distinct,8,128,distinct,0.1,rank,128,largest,True,1000,1000,0,1.0,1.0,1.0,1.0,1.0,1.0
reference,direct,b8_n128_distinct,8,128,distinct,0.15,bitonic,1,largest,False,1000,1000,0,1.0,1.0,1.0,1.0,1.0,1.0
reference,direct,b8_n128_distinct,8,128,distinct,0.15,bitonic,5,largest,False,1000,1000,0,1.0,1.0,1.0,1.0,1.0,1.0
reference,direct,b8_n128_distinct,8,128,distinct,0.15,bitonic,10,largest,False,1000,1000,0,1.0,1.0,1.0,1.0,1.0,1.0
reference,direct,b8_n128_distinct,8,128,distinct,0.15,bitonic,32,largest,False,1000,1000,0,1.0,1.0,1.0,1.0,1.0,1.0
reference,direct,b8_n128_distinct,8,128,distinct,0.15,bitonic,128,largest,True,1000,1000,0,1.0,1.0,1.0,1.0,1.0,1.0
reference,direct,b8_n128_distinct,8,128,distinct,0.15,rank,1,largest,False,1000,1000,0,1.0,1.0,1.0,1.0,1.0,1.0
reference,direct,b8_n128_distinct,8,128,distinct,0.15,rank,5,largest,False,1000,1000,0,1.0,1.0,1.0,1.0,1.0,1.0
reference,direct,b8_n128_distinct,8,128,distinct,0.15,rank,10,largest,False,1000,1000,0,1.0,1.0,1.0,1.0,1.0,1.0
reference,direct,b8_n128_distinct,8,128,distinct,0.15,rank,32,largest,False,1000,1000,0,1.0,1.0,1.0,1.0,1.0,1.0
reference,direct,b8_n128_distinct,8,128,distinct,0.15,rank,128,largest,True,1000,1000,0,1.0,1.0,1.0,1.0,1.0,1.0
reference,direct,b8_n128_distinct,8,128,distinct,0.2,bitonic,1,largest,False,1000,1000,0,0.997,0.0,0.997,0.997,0.0,0.997
reference,direct,b8_n128_distinct,8,128,distinct,0.2,bitonic,5,largest,False,1000,1000,0,0.9997999999999999,0.8,0.9997999999999999,0.9997999999999999,0.8,0.9997999999999999
reference,direct,b8_n128_distinct,8,128,distinct,0.2,bitonic,10,largest,False,1000,1000,0,0.9995,0.9,0.9995,0.9995,0.9,0.9995
reference,direct,b8_n128_distinct,8,128,distinct,0.2,bitonic,32,largest,False,1000,1000,0,0.9999375,0.96875,0.9999375,0.9999375,0.96875,0.9999375
reference,direct,b8_n128_distinct,8,128,distinct,0.2,bitonic,128,largest,True,1000,1000,0,1.0,1.0,1.0,1.0,1.0,1.0
reference,direct,b8_n128_distinct,8,128,distinct,0.2,rank,1,largest,False,1000,1000,0,0.999,0.0,0.999,0.999,0.0,0.999
reference,direct,b8_n128_distinct,8,128,distinct,0.2,rank,5,largest,False,1000,1000,0,1.0,1.0,1.0,1.0,1.0,1.0
reference,direct,b8_n128_distinct,8,128,distinct,0.2,rank,10,largest,False,1000,1000,0,0.9999,0.9,0.9999,0.9999,0.9,0.9999
reference,direct,b8_n128_distinct,8,128,distinct,0.2,rank,32,largest,False,1000,1000,0,0.9999375,0.96875,0.9999375,0.9999375,0.96875,0.9999375
reference,direct,b8_n128_distinct,8,128,distinct,0.2,rank,128,largest,True,1000,1000,0,1.0,1.0,1.0,1.0,1.0,1.0
reference,direct,b8_n128_distinct,8,128,distinct,0.25,bitonic,1,largest,False,1000,1000,0,0.993,0.0,0.993,0.993,0.0,0.993
reference,direct,b8_n128_distinct,8,128,distinct,0.25,bitonic,5,largest,False,1000,1000,0,0.999,0.8,0.999,0.999,0.8,0.999
reference,direct,b8_n128_distinct,8,128,distinct,0.25,bitonic,10,largest,False,1000,1000,0,0.9992000000000001,0.9,0.9992000000000001,0.9992000000000001,0.9,0.9992000000000001
reference,direct,b8_n128_distinct,8,128,distinct,0.25,bitonic,32,largest,False,1000,1000,0,0.9996875,0.96875,0.9996875,0.9996875,0.96875,0.9996875
reference,direct,b8_n128_distinct,8,128,distinct,0.25,bitonic,128,largest,True,1000,1000,0,1.0,1.0,1.0,1.0,1.0,1.0
reference,direct,b8_n128_distinct,8,128,distinct,0.25,rank,1,largest,False,1000,996,4,0.9959839357429718,0.0,0.992,0.9959839357429718,0.0,0.992
reference,direct,b8_n128_distinct,8,128,distinct,0.25,rank,5,largest,False,1000,996,4,0.9983935742971889,0.8,0.9944000000000001,0.9983935742971889,0.8,0.9944000000000001
reference,direct,b8_n128_distinct,8,128,distinct,0.25,rank,10,largest,False,1000,996,4,0.9993975903614458,0.9,0.9954000000000001,0.9993975903614458,0.9,0.9954000000000001
reference,direct,b8_n128_distinct,8,128,distinct,0.25,rank,32,largest,False,1000,996,4,0.9998431224899599,0.96875,0.99584375,0.9998431224899599,0.96875,0.99584375
reference,direct,b8_n128_distinct,8,128,distinct,0.25,rank,128,largest,True,1000,996,4,1.0,1.0,0.996,1.0,1.0,0.996
reference,direct,b8_n128_duplicates_allowed,8,128,duplicates_allowed,0.0,bitonic,1,largest,False,1000,1000,0,1.0,1.0,1.0,1.0,1.0,1.0
reference,direct,b8_n128_duplicates_allowed,8,128,duplicates_allowed,0.0,bitonic,5,largest,False,1000,1000,0,1.0,1.0,1.0,1.0,1.0,1.0
reference,direct,b8_n128_duplicates_allowed,8,128,duplicates_allowed,0.0,bitonic,10,largest,False,1000,1000,0,1.0,1.0,1.0,1.0,1.0,1.0
reference,direct,b8_n128_duplicates_allowed,8,128,duplicates_allowed,0.0,bitonic,32,largest,False,1000,1000,0,1.0,1.0,1.0,1.0,1.0,1.0
reference,direct,b8_n128_duplicates_allowed,8,128,duplicates_allowed,0.0,bitonic,128,largest,True,1000,1000,0,1.0,1.0,1.0,1.0,1.0,1.0
reference,direct,b8_n128_duplicates_allowed,8,128,duplicates_allowed,0.0,rank,1,largest,False,1000,1000,0,1.0,1.0,1.0,1.0,1.0,1.0
reference,direct,b8_n128_duplicates_allowed,8,128,duplicates_allowed,0.0,rank,5,largest,False,1000,1000,0,1.0,1.0,1.0,1.0,1.0,1.0
reference,direct,b8_n128_duplicates_allowed,8,128,duplicates_allowed,0.0,rank,10,largest,False,1000,1000,0,1.0,1.0,1.0,1.0,1.0,1.0
reference,direct,b8_n128_duplicates_allowed,8,128,duplicates_allowed,0.0,rank,32,largest,False,1000,1000,0,1.0,1.0,1.0,1.0,1.0,1.0
reference,direct,b8_n128_duplicates_allowed,8,128,duplicates_allowed,0.0,rank,128,largest,True,1000,1000,0,1.0,1.0,1.0,1.0,1.0,1.0
reference,direct,b8_n128_duplicates_allowed,8,128,duplicates_allowed,0.05,bitonic,1,largest,False,1000,1000,0,1.0,1.0,1.0,1.0,1.0,1.0
reference,direct,b8_n128_duplicates_allowed,8,128,duplicates_allowed,0.05,bitonic,5,largest,False,1000,1000,0,1.0,1.0,1.0,1.0,1.0,1.0
reference,direct,b8_n128_duplicates_allowed,8,128,duplicates_allowed,0.05,bitonic,10,largest,False,1000,1000,0,1.0,1.0,1.0,1.0,1.0,1.0
reference,direct,b8_n128_duplicates_allowed,8,128,duplicates_allowed,0.05,bitonic,32,largest,False,1000,1000,0,1.0,1.0,1.0,1.0,1.0,1.0
reference,direct,b8_n128_duplicates_allowed,8,128,duplicates_allowed,0.05,bitonic,128,largest,True,1000,1000,0,1.0,1.0,1.0,1.0,1.0,1.0
reference,direct,b8_n128_duplicates_allowed,8,128,duplicates_allowed,0.05,rank,1,largest,False,1000,1000,0,1.0,1.0,1.0,1.0,1.0,1.0
reference,direct,b8_n128_duplicates_allowed,8,128,duplicates_allowed,0.05,rank,5,largest,False,1000,1000,0,1.0,1.0,1.0,1.0,1.0,1.0
reference,direct,b8_n128_duplicates_allowed,8,128,duplicates_allowed,0.05,rank,10,largest,False,1000,1000,0,1.0,1.0,1.0,1.0,1.0,1.0
reference,direct,b8_n128_duplicates_allowed,8,128,duplicates_allowed,0.05,rank,32,largest,False,1000,1000,0,1.0,1.0,1.0,1.0,1.0,1.0
reference,direct,b8_n128_duplicates_allowed,8,128,duplicates_allowed,0.05,rank,128,largest,True,1000,1000,0,1.0,1.0,1.0,1.0,1.0,1.0
reference,direct,b8_n128_duplicates_allowed,8,128,duplicates_allowed,0.1,bitonic,1,largest,False,1000,1000,0,1.0,1.0,1.0,1.0,1.0,1.0
reference,direct,b8_n128_duplicates_allowed,8,128,duplicates_allowed,0.1,bitonic,5,largest,False,1000,1000,0,1.0,1.0,1.0,1.0,1.0,1.0
reference,direct,b8_n128_duplicates_allowed,8,128,duplicates_allowed,0.1,bitonic,10,largest,False,1000,1000,0,1.0,1.0,1.0,1.0,1.0,1.0
reference,direct,b8_n128_duplicates_allowed,8,128,duplicates_allowed,0.1,bitonic,32,largest,False,1000,1000,0,1.0,1.0,1.0,1.0,1.0,1.0
reference,direct,b8_n128_duplicates_allowed,8,128,duplicates_allowed,0.1,bitonic,128,largest,True,1000,1000,0,1.0,1.0,1.0,1.0,1.0,1.0
reference,direct,b8_n128_duplicates_allowed,8,128,duplicates_allowed,0.1,rank,1,largest,False,1000,1000,0,1.0,1.0,1.0,1.0,1.0,1.0
reference,direct,b8_n128_duplicates_allowed,8,128,duplicates_allowed,0.1,rank,5,largest,False,1000,1000,0,1.0,1.0,1.0,1.0,1.0,1.0
reference,direct,b8_n128_duplicates_allowed,8,128,duplicates_allowed,0.1,rank,10,largest,False,1000,1000,0,1.0,1.0,1.0,1.0,1.0,1.0
reference,direct,b8_n128_duplicates_allowed,8,128,duplicates_allowed,0.1,rank,32,largest,False,1000,1000,0,1.0,1.0,1.0,1.0,1.0,1.0
reference,direct,b8_n128_duplicates_allowed,8,128,duplicates_allowed,0.1,rank,128,largest,True,1000,1000,0,1.0,1.0,1.0,1.0,1.0,1.0
reference,direct,b8_n128_duplicates_allowed,8,128,duplicates_allowed,0.15,bitonic,1,largest,False,1000,1000,0,1.0,1.0,1.0,1.0,1.0,1.0
reference,direct,b8_n128_duplicates_allowed,8,128,duplicates_allowed,0.15,bitonic,5,largest,False,1000,1000,0,1.0,1.0,1.0,1.0,1.0,1.0
reference,direct,b8_n128_duplicates_allowed,8,128,duplicates_allowed,0.15,bitonic,10,largest,False,1000,1000,0,1.0,1.0,1.0,1.0,1.0,1.0
reference,direct,b8_n128_duplicates_allowed,8,128,duplicates_allowed,0.15,bitonic,32,largest,False,1000,1000,0,1.0,1.0,1.0,1.0,1.0,1.0
reference,direct,b8_n128_duplicates_allowed,8,128,duplicates_allowed,0.15,bitonic,128,largest,True,1000,1000,0,1.0,1.0,1.0,1.0,1.0,1.0
reference,direct,b8_n128_duplicates_allowed,8,128,duplicates_allowed,0.15,rank,1,largest,False,1000,995,5,1.0,1.0,0.995,1.0,1.0,0.995
reference,direct,b8_n128_duplicates_allowed,8,128,duplicates_allowed,0.15,rank,5,largest,False,1000,995,5,1.0,1.0,0.995,1.0,1.0,0.995
reference,direct,b8_n128_duplicates_allowed,8,128,duplicates_allowed,0.15,rank,10,largest,False,1000,995,5,1.0,1.0,0.995,1.0,1.0,0.995
reference,direct,b8_n128_duplicates_allowed,8,128,duplicates_allowed,0.15,rank,32,largest,False,1000,995,5,1.0,1.0,0.995,1.0,1.0,0.995
reference,direct,b8_n128_duplicates_allowed,8,128,duplicates_allowed,0.15,rank,128,largest,True,1000,995,5,1.0,1.0,0.995,1.0,1.0,0.995
reference,direct,b8_n128_duplicates_allowed,8,128,duplicates_allowed,0.2,bitonic,1,largest,False,1000,1000,0,1.0,1.0,1.0,1.0,1.0,1.0
reference,direct,b8_n128_duplicates_allowed,8,128,duplicates_allowed,0.2,bitonic,5,largest,False,1000,1000,0,0.9997999999999999,0.8,0.9997999999999999,1.0,1.0,1.0
reference,direct,b8_n128_duplicates_allowed,8,128,duplicates_allowed,0.2,bitonic,10,largest,False,1000,1000,0,0.9999,0.9,0.9999,0.9999,0.9,0.9999
reference,direct,b8_n128_duplicates_allowed,8,128,duplicates_allowed,0.2,bitonic,32,largest,False,1000,1000,0,0.99996875,0.96875,0.99996875,0.99996875,0.96875,0.99996875
reference,direct,b8_n128_duplicates_allowed,8,128,duplicates_allowed,0.2,bitonic,128,largest,True,1000,1000,0,1.0,1.0,1.0,1.0,1.0,1.0
reference,direct,b8_n128_duplicates_allowed,8,128,duplicates_allowed,0.2,rank,1,largest,False,1000,923,77,1.0,1.0,0.923,1.0,1.0,0.923
reference,direct,b8_n128_duplicates_allowed,8,128,duplicates_allowed,0.2,rank,5,largest,False,1000,923,77,0.999566630552546,0.8,0.9226,0.999566630552546,0.8,0.9226
reference,direct,b8_n128_duplicates_allowed,8,128,duplicates_allowed,0.2,rank,10,largest,False,1000,923,77,0.9998916576381365,0.9,0.9228999999999999,1.0,1.0,0.923
reference,direct,b8_n128_duplicates_allowed,8,128,duplicates_allowed,0.2,rank,32,largest,False,1000,923,77,0.9999322860238353,0.96875,0.9229375,1.0,1.0,0.923
reference,direct,b8_n128_duplicates_allowed,8,128,duplicates_allowed,0.2,rank,128,largest,True,1000,923,77,1.0,1.0,0.923,1.0,1.0,0.923
reference,direct,b8_n128_duplicates_allowed,8,128,duplicates_allowed,0.25,bitonic,1,largest,False,1000,1000,0,0.991,0.0,0.991,0.998,0.0,0.998
reference,direct,b8_n128_duplicates_allowed,8,128,duplicates_allowed,0.25,bitonic,5,largest,False,1000,1000,0,0.9976,0.8,0.9976,0.9992000000000001,0.8,0.9992000000000001
reference,direct,b8_n128_duplicates_allowed,8,128,duplicates_allowed,0.25,bitonic,10,largest,False,1000,1000,0,0.9991,0.9,0.9991,0.9995999999999999,0.9,0.9995999999999999
reference,direct,b8_n128_duplicates_allowed,8,128,duplicates_allowed,0.25,bitonic,32,largest,False,1000,1000,0,0.99965625,0.96875,0.99965625,0.9998125,0.96875,0.9998125
reference,direct,b8_n128_duplicates_allowed,8,128,duplicates_allowed,0.25,bitonic,128,largest,True,1000,1000,0,1.0,1.0,1.0,1.0,1.0,1.0
reference,direct,b8_n128_duplicates_allowed,8,128,duplicates_allowed,0.25,rank,1,largest,False,1000,753,247,0.9920318725099602,0.0,0.747,0.99867197875166,0.0,0.752
reference,direct,b8_n128_duplicates_allowed,8,128,duplicates_allowed,0.25,rank,5,largest,False,1000,753,247,0.9992031872509961,0.8,0.7524000000000001,0.999468791500664,0.8,0.7526
reference,direct,b8_n128_duplicates_allowed,8,128,duplicates_allowed,0.25,rank,10,largest,False,1000,753,247,0.9989375830013281,0.9,0.7522000000000001,0.99933598937583,0.9,0.7525
reference,direct,b8_n128_duplicates_allowed,8,128,duplicates_allowed,0.25,rank,32,largest,False,1000,753,247,0.9995849933598937,0.96875,0.7526875,0.9998339973439575,0.96875,0.752875
reference,direct,b8_n128_duplicates_allowed,8,128,duplicates_allowed,0.25,rank,128,largest,True,1000,753,247,1.0,1.0,0.753,1.0,1.0,0.753
reference,direct,b8_n256_distinct,8,256,distinct,0.0,bitonic,1,largest,False,1000,1000,0,1.0,1.0,1.0,1.0,1.0,1.0
reference,direct,b8_n256_distinct,8,256,distinct,0.0,bitonic,5,largest,False,1000,1000,0,1.0,1.0,1.0,1.0,1.0,1.0
reference,direct,b8_n256_distinct,8,256,distinct,0.0,bitonic,10,largest,False,1000,1000,0,1.0,1.0,1.0,1.0,1.0,1.0
reference,direct,b8_n256_distinct,8,256,distinct,0.0,bitonic,32,largest,False,1000,1000,0,1.0,1.0,1.0,1.0,1.0,1.0
reference,direct,b8_n256_distinct,8,256,distinct,0.0,bitonic,256,largest,True,1000,1000,0,1.0,1.0,1.0,1.0,1.0,1.0
reference,direct,b8_n256_distinct,8,256,distinct,0.0,rank,1,largest,False,1000,1000,0,1.0,1.0,1.0,1.0,1.0,1.0
reference,direct,b8_n256_distinct,8,256,distinct,0.0,rank,5,largest,False,1000,1000,0,1.0,1.0,1.0,1.0,1.0,1.0
reference,direct,b8_n256_distinct,8,256,distinct,0.0,rank,10,largest,False,1000,1000,0,1.0,1.0,1.0,1.0,1.0,1.0
reference,direct,b8_n256_distinct,8,256,distinct,0.0,rank,32,largest,False,1000,1000,0,1.0,1.0,1.0,1.0,1.0,1.0
reference,direct,b8_n256_distinct,8,256,distinct,0.0,rank,256,largest,True,1000,1000,0,1.0,1.0,1.0,1.0,1.0,1.0
reference,direct,b8_n256_distinct,8,256,distinct,0.05,bitonic,1,largest,False,1000,1000,0,1.0,1.0,1.0,1.0,1.0,1.0
reference,direct,b8_n256_distinct,8,256,distinct,0.05,bitonic,5,largest,False,1000,1000,0,1.0,1.0,1.0,1.0,1.0,1.0
reference,direct,b8_n256_distinct,8,256,distinct,0.05,bitonic,10,largest,False,1000,1000,0,1.0,1.0,1.0,1.0,1.0,1.0
reference,direct,b8_n256_distinct,8,256,distinct,0.05,bitonic,32,largest,False,1000,1000,0,1.0,1.0,1.0,1.0,1.0,1.0
reference,direct,b8_n256_distinct,8,256,distinct,0.05,bitonic,256,largest,True,1000,1000,0,1.0,1.0,1.0,1.0,1.0,1.0
reference,direct,b8_n256_distinct,8,256,distinct,0.05,rank,1,largest,False,1000,1000,0,1.0,1.0,1.0,1.0,1.0,1.0
reference,direct,b8_n256_distinct,8,256,distinct,0.05,rank,5,largest,False,1000,1000,0,1.0,1.0,1.0,1.0,1.0,1.0
reference,direct,b8_n256_distinct,8,256,distinct,0.05,rank,10,largest,False,1000,1000,0,1.0,1.0,1.0,1.0,1.0,1.0
reference,direct,b8_n256_distinct,8,256,distinct,0.05,rank,32,largest,False,1000,1000,0,1.0,1.0,1.0,1.0,1.0,1.0
reference,direct,b8_n256_distinct,8,256,distinct,0.05,rank,256,largest,True,1000,1000,0,1.0,1.0,1.0,1.0,1.0,1.0
reference,direct,b8_n256_distinct,8,256,distinct,0.1,bitonic,1,largest,False,1000,1000,0,1.0,1.0,1.0,1.0,1.0,1.0
reference,direct,b8_n256_distinct,8,256,distinct,0.1,bitonic,5,largest,False,1000,1000,0,1.0,1.0,1.0,1.0,1.0,1.0
reference,direct,b8_n256_distinct,8,256,distinct,0.1,bitonic,10,largest,False,1000,1000,0,1.0,1.0,1.0,1.0,1.0,1.0
reference,direct,b8_n256_distinct,8,256,distinct,0.1,bitonic,32,largest,False,1000,1000,0,1.0,1.0,1.0,1.0,1.0,1.0
reference,direct,b8_n256_distinct,8,256,distinct,0.1,bitonic,256,largest,True,1000,1000,0,1.0,1.0,1.0,1.0,1.0,1.0
reference,direct,b8_n256_distinct,8,256,distinct,0.1,rank,1,largest,False,1000,1000,0,1.0,1.0,1.0,1.0,1.0,1.0
reference,direct,b8_n256_distinct,8,256,distinct,0.1,rank,5,largest,False,1000,1000,0,1.0,1.0,1.0,1.0,1.0,1.0
reference,direct,b8_n256_distinct,8,256,distinct,0.1,rank,10,largest,False,1000,1000,0,1.0,1.0,1.0,1.0,1.0,1.0
reference,direct,b8_n256_distinct,8,256,distinct,0.1,rank,32,largest,False,1000,1000,0,1.0,1.0,1.0,1.0,1.0,1.0
reference,direct,b8_n256_distinct,8,256,distinct,0.1,rank,256,largest,True,1000,1000,0,1.0,1.0,1.0,1.0,1.0,1.0
reference,direct,b8_n256_distinct,8,256,distinct,0.15,bitonic,1,largest,False,1000,1000,0,1.0,1.0,1.0,1.0,1.0,1.0
reference,direct,b8_n256_distinct,8,256,distinct,0.15,bitonic,5,largest,False,1000,1000,0,1.0,1.0,1.0,1.0,1.0,1.0
reference,direct,b8_n256_distinct,8,256,distinct,0.15,bitonic,10,largest,False,1000,1000,0,1.0,1.0,1.0,1.0,1.0,1.0
reference,direct,b8_n256_distinct,8,256,distinct,0.15,bitonic,32,largest,False,1000,1000,0,1.0,1.0,1.0,1.0,1.0,1.0
reference,direct,b8_n256_distinct,8,256,distinct,0.15,bitonic,256,largest,True,1000,1000,0,1.0,1.0,1.0,1.0,1.0,1.0
reference,direct,b8_n256_distinct,8,256,distinct,0.15,rank,1,largest,False,1000,1000,0,1.0,1.0,1.0,1.0,1.0,1.0
reference,direct,b8_n256_distinct,8,256,distinct,0.15,rank,5,largest,False,1000,1000,0,1.0,1.0,1.0,1.0,1.0,1.0
reference,direct,b8_n256_distinct,8,256,distinct,0.15,rank,10,largest,False,1000,1000,0,1.0,1.0,1.0,1.0,1.0,1.0
reference,direct,b8_n256_distinct,8,256,distinct,0.15,rank,32,largest,False,1000,1000,0,1.0,1.0,1.0,1.0,1.0,1.0
reference,direct,b8_n256_distinct,8,256,distinct,0.15,rank,256,largest,True,1000,1000,0,1.0,1.0,1.0,1.0,1.0,1.0
reference,direct,b8_n256_distinct,8,256,distinct,0.2,bitonic,1,largest,False,1000,1000,0,0.998,0.0,0.998,0.998,0.0,0.998
reference,direct,b8_n256_distinct,8,256,distinct,0.2,bitonic,5,largest,False,1000,1000,0,0.9996,0.8,0.9996,0.9996,0.8,0.9996
reference,direct,b8_n256_distinct,8,256,distinct,0.2,bitonic,10,largest,False,1000,1000,0,1.0,1.0,1.0,1.0,1.0,1.0
reference,direct,b8_n256_distinct,8,256,distinct,0.2,bitonic,32,largest,False,1000,1000,0,0.99996875,0.96875,0.99996875,0.99996875,0.96875,0.99996875
reference,direct,b8_n256_distinct,8,256,distinct,0.2,bitonic,256,largest,True,1000,1000,0,1.0,1.0,1.0,1.0,1.0,1.0
reference,direct,b8_n256_distinct,8,256,distinct,0.2,rank,1,largest,False,1000,999,1,0.994994994994995,0.0,0.994,0.994994994994995,0.0,0.994
reference,direct,b8_n256_distinct,8,256,distinct,0.2,rank,5,largest,False,1000,999,1,0.998998998998999,0.8,0.998,0.998998998998999,0.8,0.998
reference,direct,b8_n256_distinct,8,256,distinct,0.2,rank,10,largest,False,1000,999,1,0.9994994994994995,0.9,0.9985,0.9994994994994995,0.9,0.9985
reference,direct,b8_n256_distinct,8,256,distinct,0.2,rank,32,largest,False,1000,999,1,0.9999374374374375,0.96875,0.9989375,0.9999374374374375,0.96875,0.9989375
reference,direct,b8_n256_distinct,8,256,distinct,0.2,rank,256,largest,True,1000,999,1,1.0,1.0,0.999,1.0,1.0,0.999
reference,direct,b8_n256_distinct,8,256,distinct,0.25,bitonic,1,largest,False,1000,1000,0,0.988,0.0,0.988,0.988,0.0,0.988
reference,direct,b8_n256_distinct,8,256,distinct,0.25,bitonic,5,largest,False,1000,1000,0,0.9966,0.8,0.9966,0.9966,0.8,0.9966
reference,direct,b8_n256_distinct,8,256,distinct,0.25,bitonic,10,largest,False,1000,1000,0,0.9987999999999999,0.9,0.9987999999999999,0.9987999999999999,0.9,0.9987999999999999
reference,direct,b8_n256_distinct,8,256,distinct,0.25,bitonic,32,largest,False,1000,1000,0,0.9998125,0.96875,0.9998125,0.9998125,0.96875,0.9998125
reference,direct,b8_n256_distinct,8,256,distinct,0.25,bitonic,256,largest,True,1000,1000,0,1.0,1.0,1.0,1.0,1.0,1.0
reference,direct,b8_n256_distinct,8,256,distinct,0.25,rank,1,largest,False,1000,984,16,0.9867886178861789,0.0,0.971,0.9867886178861789,0.0,0.971
reference,direct,b8_n256_distinct,8,256,distinct,0.25,rank,5,largest,False,1000,984,16,0.9969512195121951,0.8,0.981,0.9969512195121951,0.8,0.981
reference,direct,b8_n256_distinct,8,256,distinct,0.25,rank,10,largest,False,1000,984,16,0.998780487804878,0.9,0.9828,0.998780487804878,0.9,0.9828
reference,direct,b8_n256_distinct,8,256,distinct,0.25,rank,32,largest,False,1000,984,16,0.999682418699187,0.96875,0.9836875,0.999682418699187,0.96875,0.9836875
reference,direct,b8_n256_distinct,8,256,distinct,0.25,rank,256,largest,True,1000,984,16,1.0,1.0,0.984,1.0,1.0,0.984
reference,direct,b8_n256_duplicates_allowed,8,256,duplicates_allowed,0.0,bitonic,1,largest,False,1000,1000,0,1.0,1.0,1.0,1.0,1.0,1.0
reference,direct,b8_n256_duplicates_allowed,8,256,duplicates_allowed,0.0,bitonic,5,largest,False,1000,1000,0,1.0,1.0,1.0,1.0,1.0,1.0
reference,direct,b8_n256_duplicates_allowed,8,256,duplicates_allowed,0.0,bitonic,10,largest,False,1000,1000,0,1.0,1.0,1.0,1.0,1.0,1.0
reference,direct,b8_n256_duplicates_allowed,8,256,duplicates_allowed,0.0,bitonic,32,largest,False,1000,1000,0,1.0,1.0,1.0,1.0,1.0,1.0
reference,direct,b8_n256_duplicates_allowed,8,256,duplicates_allowed,0.0,bitonic,256,largest,True,1000,1000,0,1.0,1.0,1.0,1.0,1.0,1.0
reference,direct,b8_n256_duplicates_allowed,8,256,duplicates_allowed,0.0,rank,1,largest,False,1000,1000,0,1.0,1.0,1.0,1.0,1.0,1.0
reference,direct,b8_n256_duplicates_allowed,8,256,duplicates_allowed,0.0,rank,5,largest,False,1000,1000,0,1.0,1.0,1.0,1.0,1.0,1.0
reference,direct,b8_n256_duplicates_allowed,8,256,duplicates_allowed,0.0,rank,10,largest,False,1000,1000,0,1.0,1.0,1.0,1.0,1.0,1.0
reference,direct,b8_n256_duplicates_allowed,8,256,duplicates_allowed,0.0,rank,32,largest,False,1000,1000,0,1.0,1.0,1.0,1.0,1.0,1.0
reference,direct,b8_n256_duplicates_allowed,8,256,duplicates_allowed,0.0,rank,256,largest,True,1000,1000,0,1.0,1.0,1.0,1.0,1.0,1.0
reference,direct,b8_n256_duplicates_allowed,8,256,duplicates_allowed,0.05,bitonic,1,largest,False,1000,1000,0,1.0,1.0,1.0,1.0,1.0,1.0
reference,direct,b8_n256_duplicates_allowed,8,256,duplicates_allowed,0.05,bitonic,5,largest,False,1000,1000,0,1.0,1.0,1.0,1.0,1.0,1.0
reference,direct,b8_n256_duplicates_allowed,8,256,duplicates_allowed,0.05,bitonic,10,largest,False,1000,1000,0,1.0,1.0,1.0,1.0,1.0,1.0
reference,direct,b8_n256_duplicates_allowed,8,256,duplicates_allowed,0.05,bitonic,32,largest,False,1000,1000,0,1.0,1.0,1.0,1.0,1.0,1.0
reference,direct,b8_n256_duplicates_allowed,8,256,duplicates_allowed,0.05,bitonic,256,largest,True,1000,1000,0,1.0,1.0,1.0,1.0,1.0,1.0
reference,direct,b8_n256_duplicates_allowed,8,256,duplicates_allowed,0.05,rank,1,largest,False,1000,1000,0,1.0,1.0,1.0,1.0,1.0,1.0
reference,direct,b8_n256_duplicates_allowed,8,256,duplicates_allowed,0.05,rank,5,largest,False,1000,1000,0,1.0,1.0,1.0,1.0,1.0,1.0
reference,direct,b8_n256_duplicates_allowed,8,256,duplicates_allowed,0.05,rank,10,largest,False,1000,1000,0,1.0,1.0,1.0,1.0,1.0,1.0
reference,direct,b8_n256_duplicates_allowed,8,256,duplicates_allowed,0.05,rank,32,largest,False,1000,1000,0,1.0,1.0,1.0,1.0,1.0,1.0
reference,direct,b8_n256_duplicates_allowed,8,256,duplicates_allowed,0.05,rank,256,largest,True,1000,1000,0,1.0,1.0,1.0,1.0,1.0,1.0
reference,direct,b8_n256_duplicates_allowed,8,256,duplicates_allowed,0.1,bitonic,1,largest,False,1000,1000,0,1.0,1.0,1.0,1.0,1.0,1.0
reference,direct,b8_n256_duplicates_allowed,8,256,duplicates_allowed,0.1,bitonic,5,largest,False,1000,1000,0,1.0,1.0,1.0,1.0,1.0,1.0
reference,direct,b8_n256_duplicates_allowed,8,256,duplicates_allowed,0.1,bitonic,10,largest,False,1000,1000,0,1.0,1.0,1.0,1.0,1.0,1.0
reference,direct,b8_n256_duplicates_allowed,8,256,duplicates_allowed,0.1,bitonic,32,largest,False,1000,1000,0,1.0,1.0,1.0,1.0,1.0,1.0
reference,direct,b8_n256_duplicates_allowed,8,256,duplicates_allowed,0.1,bitonic,256,largest,True,1000,1000,0,1.0,1.0,1.0,1.0,1.0,1.0
reference,direct,b8_n256_duplicates_allowed,8,256,duplicates_allowed,0.1,rank,1,largest,False,1000,1000,0,1.0,1.0,1.0,1.0,1.0,1.0
reference,direct,b8_n256_duplicates_allowed,8,256,duplicates_allowed,0.1,rank,5,largest,False,1000,1000,0,1.0,1.0,1.0,1.0,1.0,1.0
reference,direct,b8_n256_duplicates_allowed,8,256,duplicates_allowed,0.1,rank,10,largest,False,1000,1000,0,1.0,1.0,1.0,1.0,1.0,1.0
reference,direct,b8_n256_duplicates_allowed,8,256,duplicates_allowed,0.1,rank,32,largest,False,1000,1000,0,1.0,1.0,1.0,1.0,1.0,1.0
reference,direct,b8_n256_duplicates_allowed,8,256,duplicates_allowed,0.1,rank,256,largest,True,1000,1000,0,1.0,1.0,1.0,1.0,1.0,1.0
reference,direct,b8_n256_duplicates_allowed,8,256,duplicates_allowed,0.15,bitonic,1,largest,False,1000,1000,0,1.0,1.0,1.0,1.0,1.0,1.0
reference,direct,b8_n256_duplicates_allowed,8,256,duplicates_allowed,0.15,bitonic,5,largest,False,1000,1000,0,1.0,1.0,1.0,1.0,1.0,1.0
reference,direct,b8_n256_duplicates_allowed,8,256,duplicates_allowed,0.15,bitonic,10,largest,False,1000,1000,0,0.9996,0.9,0.9996,0.9997999999999999,0.9,0.9997999999999999
reference,direct,b8_n256_duplicates_allowed,8,256,duplicates_allowed,0.15,bitonic,32,largest,False,1000,1000,0,0.99996875,0.96875,0.99996875,0.99996875,0.96875,0.99996875
reference,direct,b8_n256_duplicates_allowed,8,256,duplicates_allowed,0.15,bitonic,256,largest,True,1000,1000,0,1.0,1.0,1.0,1.0,1.0,1.0
reference,direct,b8_n256_duplicates_allowed,8,256,duplicates_allowed,0.15,rank,1,largest,False,1000,976,24,1.0,1.0,0.976,1.0,1.0,0.976
reference,direct,b8_n256_duplicates_allowed,8,256,duplicates_allowed,0.15,rank,5,largest,False,1000,976,24,1.0,1.0,0.976,1.0,1.0,0.976
reference,direct,b8_n256_duplicates_allowed,8,256,duplicates_allowed,0.15,rank,10,largest,False,1000,976,24,0.9998975409836065,0.9,0.9759,1.0,1.0,0.976
reference,direct,b8_n256_duplicates_allowed,8,256,duplicates_allowed,0.15,rank,32,largest,False,1000,976,24,1.0,1.0,0.976,1.0,1.0,0.976
reference,direct,b8_n256_duplicates_allowed,8,256,duplicates_allowed,0.15,rank,256,largest,True,1000,976,24,1.0,1.0,0.976,1.0,1.0,0.976
reference,direct,b8_n256_duplicates_allowed,8,256,duplicates_allowed,0.2,bitonic,1,largest,False,1000,1000,0,0.996,0.0,0.996,0.998,0.0,0.998
reference,direct,b8_n256_duplicates_allowed,8,256,duplicates_allowed,0.2,bitonic,5,largest,False,1000,1000,0,0.9987999999999999,0.8,0.9987999999999999,0.9992000000000001,0.8,0.9992000000000001
reference,direct,b8_n256_duplicates_allowed,8,256,duplicates_allowed,0.2,bitonic,10,largest,False,1000,1000,0,0.9993000000000001,0.9,0.9993000000000001,0.9995999999999999,0.9,0.9995999999999999
reference,direct,b8_n256_duplicates_allowed,8,256,duplicates_allowed,0.2,bitonic,32,largest,False,1000,1000,0,0.99965625,0.96875,0.99965625,0.99990625,0.96875,0.99990625
reference,direct,b8_n256_duplicates_allowed,8,256,duplicates_allowed,0.2,bitonic,256,largest,True,1000,1000,0,1.0,1.0,1.0,1.0,1.0,1.0
reference,direct,b8_n256_duplicates_allowed,8,256,duplicates_allowed,0.2,rank,1,largest,False,1000,580,420,1.0,1.0,0.58,1.0,1.0,0.58
reference,direct,b8_n256_duplicates_allowed,8,256,duplicates_allowed,0.2,rank,5,largest,False,1000,580,420,0.9993103448275863,0.8,0.5796,0.9993103448275863,0.8,0.5796
reference,direct,b8_n256_duplicates_allowed,8,256,duplicates_allowed,0.2,rank,10,largest,False,1000,580,420,0.999655172413793,0.9,0.5798,0.9998275862068965,0.9,0.5799
reference,direct,b8_n256_duplicates_allowed,8,256,duplicates_allowed,0.2,rank,32,largest,False,1000,580,420,1.0,1.0,0.58,1.0,1.0,0.58
reference,direct,b8_n256_duplicates_allowed,8,256,duplicates_allowed,0.2,rank,256,largest,True,1000,580,420,1.0,1.0,0.58,1.0,1.0,0.58
reference,direct,b8_n256_duplicates_allowed,8,256,duplicates_allowed,0.25,bitonic,1,largest,False,1000,1000,0,0.983,0.0,0.983,0.993,0.0,0.993
reference,direct,b8_n256_duplicates_allowed,8,256,duplicates_allowed,0.25,bitonic,5,largest,False,1000,1000,0,0.9957999999999999,0.8,0.9957999999999999,0.9977999999999999,0.8,0.9977999999999999
reference,direct,b8_n256_duplicates_allowed,8,256,duplicates_allowed,0.25,bitonic,10,largest,False,1000,1000,0,0.9977999999999999,0.9,0.9977999999999999,0.9985,0.9,0.9985
reference,direct,b8_n256_duplicates_allowed,8,256,duplicates_allowed,0.25,bitonic,32,largest,False,1000,1000,0,0.9990625,0.96875,0.9990625,0.99975,0.96875,0.99975
reference,direct,b8_n256_duplicates_allowed,8,256,duplicates_allowed,0.25,bitonic,256,largest,True,1000,1000,0,1.0,1.0,1.0,1.0,1.0,1.0
reference,direct,b8_n256_duplicates_allowed,8,256,duplicates_allowed,0.25,rank,1,largest,False,1000,137,863,0.9927007299270073,0.0,0.136,1.0,1.0,0.137
reference,direct,b8_n256_duplicates_allowed,8,256,duplicates_allowed,0.25,rank,5,largest,False,1000,137,863,0.9985401459854015,0.8,0.1368,1.0,1.0,0.137
reference,direct,b8_n256_duplicates_allowed,8,256,duplicates_allowed,0.25,rank,10,largest,False,1000,137,863,0.9992700729927008,0.9,0.1369,0.9992700729927008,0.9,0.1369
reference,direct,b8_n256_duplicates_allowed,8,256,duplicates_allowed,0.25,rank,32,largest,False,1000,137,863,0.9995437956204379,0.96875,0.1369375,0.9995437956204379,0.96875,0.1369375
reference,direct,b8_n256_duplicates_allowed,8,256,duplicates_allowed,0.25,rank,256,largest,True,1000,137,863,1.0,1.0,0.137,1.0,1.0,0.137
periodic,upstream,b4_n2_distinct,4,2,distinct,0.0,bitonic,1,largest,False,1000,1000,0,1.0,1.0,1.0,1.0,1.0,1.0
periodic,upstream,b4_n2_distinct,4,2,distinct,0.0,bitonic,2,largest,True,1000,1000,0,1.0,1.0,1.0,1.0,1.0,1.0
periodic,upstream,b4_n2_distinct,4,2,distinct,0.0,rank,1,largest,False,1000,1000,0,1.0,1.0,1.0,1.0,1.0,1.0
periodic,upstream,b4_n2_distinct,4,2,distinct,0.0,rank,2,largest,True,1000,1000,0,1.0,1.0,1.0,1.0,1.0,1.0
periodic,upstream,b4_n2_distinct,4,2,distinct,0.05,bitonic,1,largest,False,1000,1000,0,1.0,1.0,1.0,1.0,1.0,1.0
periodic,upstream,b4_n2_distinct,4,2,distinct,0.05,bitonic,2,largest,True,1000,1000,0,1.0,1.0,1.0,1.0,1.0,1.0
periodic,upstream,b4_n2_distinct,4,2,distinct,0.05,rank,1,largest,False,1000,1000,0,1.0,1.0,1.0,1.0,1.0,1.0
periodic,upstream,b4_n2_distinct,4,2,distinct,0.05,rank,2,largest,True,1000,1000,0,1.0,1.0,1.0,1.0,1.0,1.0
periodic,upstream,b4_n2_distinct,4,2,distinct,0.1,bitonic,1,largest,False,1000,1000,0,1.0,1.0,1.0,1.0,1.0,1.0
periodic,upstream,b4_n2_distinct,4,2,distinct,0.1,bitonic,2,largest,True,1000,1000,0,1.0,1.0,1.0,1.0,1.0,1.0
periodic,upstream,b4_n2_distinct,4,2,distinct,0.1,rank,1,largest,False,1000,1000,0,1.0,1.0,1.0,1.0,1.0,1.0
periodic,upstream,b4_n2_distinct,4,2,distinct,0.1,rank,2,largest,True,1000,1000,0,1.0,1.0,1.0,1.0,1.0,1.0
periodic,upstream,b4_n2_distinct,4,2,distinct,0.15,bitonic,1,largest,False,1000,1000,0,1.0,1.0,1.0,1.0,1.0,1.0
periodic,upstream,b4_n2_distinct,4,2,distinct,0.15,bitonic,2,largest,True,1000,1000,0,1.0,1.0,1.0,1.0,1.0,1.0
periodic,upstream,b4_n2_distinct,4,2,distinct,0.15,rank,1,largest,False,1000,1000,0,1.0,1.0,1.0,1.0,1.0,1.0
periodic,upstream,b4_n2_distinct,4,2,distinct,0.15,rank,2,largest,True,1000,1000,0,1.0,1.0,1.0,1.0,1.0,1.0
periodic,upstream,b4_n2_distinct,4,2,distinct,0.2,bitonic,1,largest,False,1000,1000,0,1.0,1.0,1.0,1.0,1.0,1.0
periodic,upstream,b4_n2_distinct,4,2,distinct,0.2,bitonic,2,largest,True,1000,1000,0,1.0,1.0,1.0,1.0,1.0,1.0
periodic,upstream,b4_n2_distinct,4,2,distinct,0.2,rank,1,largest,False,1000,1000,0,1.0,1.0,1.0,1.0,1.0,1.0
periodic,upstream,b4_n2_distinct,4,2,distinct,0.2,rank,2,largest,True,1000,1000,0,1.0,1.0,1.0,1.0,1.0,1.0
periodic,upstream,b4_n2_distinct,4,2,distinct,0.25,bitonic,1,largest,False,1000,1000,0,1.0,1.0,1.0,1.0,1.0,1.0
periodic,upstream,b4_n2_distinct,4,2,distinct,0.25,bitonic,2,largest,True,1000,1000,0,1.0,1.0,1.0,1.0,1.0,1.0
periodic,upstream,b4_n2_distinct,4,2,distinct,0.25,rank,1,largest,False,1000,1000,0,0.998,0.0,0.998,0.998,0.0,0.998
periodic,upstream,b4_n2_distinct,4,2,distinct,0.25,rank,2,largest,True,1000,1000,0,1.0,1.0,1.0,1.0,1.0,1.0
periodic,output,b4_n2_distinct,4,2,distinct,0.0,bitonic,1,largest,False,1000,1000,0,1.0,1.0,1.0,1.0,1.0,1.0
periodic,output,b4_n2_distinct,4,2,distinct,0.0,bitonic,2,largest,True,1000,1000,0,1.0,1.0,1.0,1.0,1.0,1.0
periodic,output,b4_n2_distinct,4,2,distinct,0.0,rank,1,largest,False,1000,1000,0,1.0,1.0,1.0,1.0,1.0,1.0
periodic,output,b4_n2_distinct,4,2,distinct,0.0,rank,2,largest,True,1000,1000,0,1.0,1.0,1.0,1.0,1.0,1.0
periodic,output,b4_n2_distinct,4,2,distinct,0.05,bitonic,1,largest,False,1000,1000,0,1.0,1.0,1.0,1.0,1.0,1.0
periodic,output,b4_n2_distinct,4,2,distinct,0.05,bitonic,2,largest,True,1000,1000,0,1.0,1.0,1.0,1.0,1.0,1.0
periodic,output,b4_n2_distinct,4,2,distinct,0.05,rank,1,largest,False,1000,1000,0,1.0,1.0,1.0,1.0,1.0,1.0
periodic,output,b4_n2_distinct,4,2,distinct,0.05,rank,2,largest,True,1000,1000,0,1.0,1.0,1.0,1.0,1.0,1.0
periodic,output,b4_n2_distinct,4,2,distinct,0.1,bitonic,1,largest,False,1000,1000,0,1.0,1.0,1.0,1.0,1.0,1.0
periodic,output,b4_n2_distinct,4,2,distinct,0.1,bitonic,2,largest,True,1000,1000,0,1.0,1.0,1.0,1.0,1.0,1.0
periodic,output,b4_n2_distinct,4,2,distinct,0.1,rank,1,largest,False,1000,1000,0,1.0,1.0,1.0,1.0,1.0,1.0
periodic,output,b4_n2_distinct,4,2,distinct,0.1,rank,2,largest,True,1000,1000,0,1.0,1.0,1.0,1.0,1.0,1.0
periodic,output,b4_n2_distinct,4,2,distinct,0.15,bitonic,1,largest,False,1000,1000,0,1.0,1.0,1.0,1.0,1.0,1.0
periodic,output,b4_n2_distinct,4,2,distinct,0.15,bitonic,2,largest,True,1000,1000,0,1.0,1.0,1.0,1.0,1.0,1.0
periodic,output,b4_n2_distinct,4,2,distinct,0.15,rank,1,largest,False,1000,1000,0,1.0,1.0,1.0,1.0,1.0,1.0
periodic,output,b4_n2_distinct,4,2,distinct,0.15,rank,2,largest,True,1000,1000,0,1.0,1.0,1.0,1.0,1.0,1.0
periodic,output,b4_n2_distinct,4,2,distinct,0.2,bitonic,1,largest,False,1000,1000,0,1.0,1.0,1.0,1.0,1.0,1.0
periodic,output,b4_n2_distinct,4,2,distinct,0.2,bitonic,2,largest,True,1000,1000,0,1.0,1.0,1.0,1.0,1.0,1.0
periodic,output,b4_n2_distinct,4,2,distinct,0.2,rank,1,largest,False,1000,1000,0,1.0,1.0,1.0,1.0,1.0,1.0
periodic,output,b4_n2_distinct,4,2,distinct,0.2,rank,2,largest,True,1000,1000,0,1.0,1.0,1.0,1.0,1.0,1.0
periodic,output,b4_n2_distinct,4,2,distinct,0.25,bitonic,1,largest,False,1000,1000,0,1.0,1.0,1.0,1.0,1.0,1.0
periodic,output,b4_n2_distinct,4,2,distinct,0.25,bitonic,2,largest,True,1000,1000,0,1.0,1.0,1.0,1.0,1.0,1.0
periodic,output,b4_n2_distinct,4,2,distinct,0.25,rank,1,largest,False,1000,1000,0,1.0,1.0,1.0,1.0,1.0,1.0
periodic,output,b4_n2_distinct,4,2,distinct,0.25,rank,2,largest,True,1000,1000,0,1.0,1.0,1.0,1.0,1.0,1.0
periodic,upstream,b4_n2_duplicates_allowed,4,2,duplicates_allowed,0.0,bitonic,1,largest,False,1000,1000,0,1.0,1.0,1.0,1.0,1.0,1.0
periodic,upstream,b4_n2_duplicates_allowed,4,2,duplicates_allowed,0.0,bitonic,2,largest,True,1000,1000,0,1.0,1.0,1.0,1.0,1.0,1.0
periodic,upstream,b4_n2_duplicates_allowed,4,2,duplicates_allowed,0.0,rank,1,largest,False,1000,1000,0,1.0,1.0,1.0,1.0,1.0,1.0
periodic,upstream,b4_n2_duplicates_allowed,4,2,duplicates_allowed,0.0,rank,2,largest,True,1000,1000,0,1.0,1.0,1.0,1.0,1.0,1.0
periodic,upstream,b4_n2_duplicates_allowed,4,2,duplicates_allowed,0.05,bitonic,1,largest,False,1000,1000,0,1.0,1.0,1.0,1.0,1.0,1.0
periodic,upstream,b4_n2_duplicates_allowed,4,2,duplicates_allowed,0.05,bitonic,2,largest,True,1000,1000,0,1.0,1.0,1.0,1.0,1.0,1.0
periodic,upstream,b4_n2_duplicates_allowed,4,2,duplicates_allowed,0.05,rank,1,largest,False,1000,1000,0,1.0,1.0,1.0,1.0,1.0,1.0
periodic,upstream,b4_n2_duplicates_allowed,4,2,duplicates_allowed,0.05,rank,2,largest,True,1000,1000,0,1.0,1.0,1.0,1.0,1.0,1.0
periodic,upstream,b4_n2_duplicates_allowed,4,2,duplicates_allowed,0.1,bitonic,1,largest,False,1000,1000,0,1.0,1.0,1.0,1.0,1.0,1.0
periodic,upstream,b4_n2_duplicates_allowed,4,2,duplicates_allowed,0.1,bitonic,2,largest,True,1000,1000,0,1.0,1.0,1.0,1.0,1.0,1.0
periodic,upstream,b4_n2_duplicates_allowed,4,2,duplicates_allowed,0.1,rank,1,largest,False,1000,1000,0,1.0,1.0,1.0,1.0,1.0,1.0
periodic,upstream,b4_n2_duplicates_allowed,4,2,duplicates_allowed,0.1,rank,2,largest,True,1000,1000,0,1.0,1.0,1.0,1.0,1.0,1.0
periodic,upstream,b4_n2_duplicates_allowed,4,2,duplicates_allowed,0.15,bitonic,1,largest,False,1000,1000,0,1.0,1.0,1.0,1.0,1.0,1.0
periodic,upstream,b4_n2_duplicates_allowed,4,2,duplicates_allowed,0.15,bitonic,2,largest,True,1000,1000,0,1.0,1.0,1.0,1.0,1.0,1.0
periodic,upstream,b4_n2_duplicates_allowed,4,2,duplicates_allowed,0.15,rank,1,largest,False,1000,1000,0,1.0,1.0,1.0,1.0,1.0,1.0
periodic,upstream,b4_n2_duplicates_allowed,4,2,duplicates_allowed,0.15,rank,2,largest,True,1000,1000,0,1.0,1.0,1.0,1.0,1.0,1.0
periodic,upstream,b4_n2_duplicates_allowed,4,2,duplicates_allowed,0.2,bitonic,1,largest,False,1000,1000,0,1.0,1.0,1.0,1.0,1.0,1.0
periodic,upstream,b4_n2_duplicates_allowed,4,2,duplicates_allowed,0.2,bitonic,2,largest,True,1000,1000,0,1.0,1.0,1.0,1.0,1.0,1.0
periodic,upstream,b4_n2_duplicates_allowed,4,2,duplicates_allowed,0.2,rank,1,largest,False,1000,1000,0,1.0,1.0,1.0,1.0,1.0,1.0
periodic,upstream,b4_n2_duplicates_allowed,4,2,duplicates_allowed,0.2,rank,2,largest,True,1000,1000,0,1.0,1.0,1.0,1.0,1.0,1.0
periodic,upstream,b4_n2_duplicates_allowed,4,2,duplicates_allowed,0.25,bitonic,1,largest,False,1000,1000,0,0.997,0.0,0.997,0.998,0.0,0.998
periodic,upstream,b4_n2_duplicates_allowed,4,2,duplicates_allowed,0.25,bitonic,2,largest,True,1000,1000,0,1.0,1.0,1.0,1.0,1.0,1.0
periodic,upstream,b4_n2_duplicates_allowed,4,2,duplicates_allowed,0.25,rank,1,largest,False,1000,1000,0,0.996,0.0,0.996,0.998,0.0,0.998
periodic,upstream,b4_n2_duplicates_allowed,4,2,duplicates_allowed,0.25,rank,2,largest,True,1000,1000,0,1.0,1.0,1.0,1.0,1.0,1.0
periodic,output,b4_n2_duplicates_allowed,4,2,duplicates_allowed,0.0,bitonic,1,largest,False,1000,1000,0,1.0,1.0,1.0,1.0,1.0,1.0
periodic,output,b4_n2_duplicates_allowed,4,2,duplicates_allowed,0.0,bitonic,2,largest,True,1000,1000,0,1.0,1.0,1.0,1.0,1.0,1.0
periodic,output,b4_n2_duplicates_allowed,4,2,duplicates_allowed,0.0,rank,1,largest,False,1000,1000,0,1.0,1.0,1.0,1.0,1.0,1.0
periodic,output,b4_n2_duplicates_allowed,4,2,duplicates_allowed,0.0,rank,2,largest,True,1000,1000,0,1.0,1.0,1.0,1.0,1.0,1.0
periodic,output,b4_n2_duplicates_allowed,4,2,duplicates_allowed,0.05,bitonic,1,largest,False,1000,1000,0,0.971,0.0,0.971,1.0,1.0,1.0
periodic,output,b4_n2_duplicates_allowed,4,2,duplicates_allowed,0.05,bitonic,2,largest,True,1000,1000,0,1.0,1.0,1.0,1.0,1.0,1.0
periodic,output,b4_n2_duplicates_allowed,4,2,duplicates_allowed,0.05,rank,1,largest,False,1000,1000,0,0.972,0.0,0.972,1.0,1.0,1.0
periodic,output,b4_n2_duplicates_allowed,4,2,duplicates_allowed,0.05,rank,2,largest,True,1000,1000,0,1.0,1.0,1.0,1.0,1.0,1.0
periodic,output,b4_n2_duplicates_allowed,4,2,duplicates_allowed,0.1,bitonic,1,largest,False,1000,1000,0,0.971,0.0,0.971,1.0,1.0,1.0
periodic,output,b4_n2_duplicates_allowed,4,2,duplicates_allowed,0.1,bitonic,2,largest,True,1000,1000,0,1.0,1.0,1.0,1.0,1.0,1.0
periodic,output,b4_n2_duplicates_allowed,4,2,duplicates_allowed,0.1,rank,1,largest,False,1000,1000,0,0.972,0.0,0.972,1.0,1.0,1.0
periodic,output,b4_n2_duplicates_allowed,4,2,duplicates_allowed,0.1,rank,2,largest,True,1000,1000,0,1.0,1.0,1.0,1.0,1.0,1.0
periodic,output,b4_n2_duplicates_allowed,4,2,duplicates_allowed,0.15,bitonic,1,largest,False,1000,1000,0,0.971,0.0,0.971,1.0,1.0,1.0
periodic,output,b4_n2_duplicates_allowed,4,2,duplicates_allowed,0.15,bitonic,2,largest,True,1000,1000,0,1.0,1.0,1.0,1.0,1.0,1.0
periodic,output,b4_n2_duplicates_allowed,4,2,duplicates_allowed,0.15,rank,1,largest,False,1000,1000,0,0.972,0.0,0.972,1.0,1.0,1.0
periodic,output,b4_n2_duplicates_allowed,4,2,duplicates_allowed,0.15,rank,2,largest,True,1000,1000,0,1.0,1.0,1.0,1.0,1.0,1.0
periodic,output,b4_n2_duplicates_allowed,4,2,duplicates_allowed,0.2,bitonic,1,largest,False,1000,1000,0,0.971,0.0,0.971,1.0,1.0,1.0
periodic,output,b4_n2_duplicates_allowed,4,2,duplicates_allowed,0.2,bitonic,2,largest,True,1000,1000,0,1.0,1.0,1.0,1.0,1.0,1.0
periodic,output,b4_n2_duplicates_allowed,4,2,duplicates_allowed,0.2,rank,1,largest,False,1000,1000,0,0.972,0.0,0.972,1.0,1.0,1.0
periodic,output,b4_n2_duplicates_allowed,4,2,duplicates_allowed,0.2,rank,2,largest,True,1000,1000,0,1.0,1.0,1.0,1.0,1.0,1.0
periodic,output,b4_n2_duplicates_allowed,4,2,duplicates_allowed,0.25,bitonic,1,largest,False,1000,1000,0,0.971,0.0,0.971,1.0,1.0,1.0
periodic,output,b4_n2_duplicates_allowed,4,2,duplicates_allowed,0.25,bitonic,2,largest,True,1000,1000,0,1.0,1.0,1.0,1.0,1.0,1.0
periodic,output,b4_n2_duplicates_allowed,4,2,duplicates_allowed,0.25,rank,1,largest,False,1000,1000,0,0.972,0.0,0.972,1.0,1.0,1.0
periodic,output,b4_n2_duplicates_allowed,4,2,duplicates_allowed,0.25,rank,2,largest,True,1000,1000,0,1.0,1.0,1.0,1.0,1.0,1.0
periodic,upstream,b4_n4_distinct,4,4,distinct,0.0,bitonic,1,largest,False,1000,1000,0,1.0,1.0,1.0,1.0,1.0,1.0
periodic,upstream,b4_n4_distinct,4,4,distinct,0.0,bitonic,4,largest,True,1000,1000,0,1.0,1.0,1.0,1.0,1.0,1.0
periodic,upstream,b4_n4_distinct,4,4,distinct,0.0,rank,1,largest,False,1000,1000,0,1.0,1.0,1.0,1.0,1.0,1.0
periodic,upstream,b4_n4_distinct,4,4,distinct,0.0,rank,4,largest,True,1000,1000,0,1.0,1.0,1.0,1.0,1.0,1.0
periodic,upstream,b4_n4_distinct,4,4,distinct,0.05,bitonic,1,largest,False,1000,1000,0,1.0,1.0,1.0,1.0,1.0,1.0
periodic,upstream,b4_n4_distinct,4,4,distinct,0.05,bitonic,4,largest,True,1000,1000,0,1.0,1.0,1.0,1.0,1.0,1.0
periodic,upstream,b4_n4_distinct,4,4,distinct,0.05,rank,1,largest,False,1000,1000,0,1.0,1.0,1.0,1.0,1.0,1.0
periodic,upstream,b4_n4_distinct,4,4,distinct,0.05,rank,4,largest,True,1000,1000,0,1.0,1.0,1.0,1.0,1.0,1.0
periodic,upstream,b4_n4_distinct,4,4,distinct,0.1,bitonic,1,largest,False,1000,1000,0,1.0,1.0,1.0,1.0,1.0,1.0
periodic,upstream,b4_n4_distinct,4,4,distinct,0.1,bitonic,4,largest,True,1000,1000,0,1.0,1.0,1.0,1.0,1.0,1.0
periodic,upstream,b4_n4_distinct,4,4,distinct,0.1,rank,1,largest,False,1000,1000,0,1.0,1.0,1.0,1.0,1.0,1.0
periodic,upstream,b4_n4_distinct,4,4,distinct,0.1,rank,4,largest,True,1000,1000,0,1.0,1.0,1.0,1.0,1.0,1.0
periodic,upstream,b4_n4_distinct,4,4,distinct,0.15,bitonic,1,largest,False,1000,1000,0,1.0,1.0,1.0,1.0,1.0,1.0
periodic,upstream,b4_n4_distinct,4,4,distinct,0.15,bitonic,4,largest,True,1000,1000,0,1.0,1.0,1.0,1.0,1.0,1.0
periodic,upstream,b4_n4_distinct,4,4,distinct,0.15,rank,1,largest,False,1000,1000,0,0.999,0.0,0.999,0.999,0.0,0.999
periodic,upstream,b4_n4_distinct,4,4,distinct,0.15,rank,4,largest,True,1000,1000,0,1.0,1.0,1.0,1.0,1.0,1.0
periodic,upstream,b4_n4_distinct,4,4,distinct,0.2,bitonic,1,largest,False,1000,1000,0,0.998,0.0,0.998,0.998,0.0,0.998
periodic,upstream,b4_n4_distinct,4,4,distinct,0.2,bitonic,4,largest,True,1000,1000,0,1.0,1.0,1.0,1.0,1.0,1.0
periodic,upstream,b4_n4_distinct,4,4,distinct,0.2,rank,1,largest,False,1000,1000,0,0.999,0.0,0.999,0.999,0.0,0.999
periodic,upstream,b4_n4_distinct,4,4,distinct,0.2,rank,4,largest,True,1000,1000,0,1.0,1.0,1.0,1.0,1.0,1.0
periodic,upstream,b4_n4_distinct,4,4,distinct,0.25,bitonic,1,largest,False,1000,1000,0,0.996,0.0,0.996,0.996,0.0,0.996
periodic,upstream,b4_n4_distinct,4,4,distinct,0.25,bitonic,4,largest,True,1000,1000,0,1.0,1.0,1.0,1.0,1.0,1.0
periodic,upstream,b4_n4_distinct,4,4,distinct,0.25,rank,1,largest,False,1000,1000,0,0.997,0.0,0.997,0.997,0.0,0.997
periodic,upstream,b4_n4_distinct,4,4,distinct,0.25,rank,4,largest,True,1000,1000,0,1.0,1.0,1.0,1.0,1.0,1.0
periodic,output,b4_n4_distinct,4,4,distinct,0.0,bitonic,1,largest,False,1000,1000,0,1.0,1.0,1.0,1.0,1.0,1.0
periodic,output,b4_n4_distinct,4,4,distinct,0.0,bitonic,4,largest,True,1000,1000,0,1.0,1.0,1.0,1.0,1.0,1.0
periodic,output,b4_n4_distinct,4,4,distinct,0.0,rank,1,largest,False,1000,1000,0,1.0,1.0,1.0,1.0,1.0,1.0
periodic,output,b4_n4_distinct,4,4,distinct,0.0,rank,4,largest,True,1000,1000,0,1.0,1.0,1.0,1.0,1.0,1.0
periodic,output,b4_n4_distinct,4,4,distinct,0.05,bitonic,1,largest,False,1000,1000,0,1.0,1.0,1.0,1.0,1.0,1.0
periodic,output,b4_n4_distinct,4,4,distinct,0.05,bitonic,4,largest,True,1000,1000,0,1.0,1.0,1.0,1.0,1.0,1.0
periodic,output,b4_n4_distinct,4,4,distinct,0.05,rank,1,largest,False,1000,1000,0,1.0,1.0,1.0,1.0,1.0,1.0
periodic,output,b4_n4_distinct,4,4,distinct,0.05,rank,4,largest,True,1000,1000,0,1.0,1.0,1.0,1.0,1.0,1.0
periodic,output,b4_n4_distinct,4,4,distinct,0.1,bitonic,1,largest,False,1000,1000,0,1.0,1.0,1.0,1.0,1.0,1.0
periodic,output,b4_n4_distinct,4,4,distinct,0.1,bitonic,4,largest,True,1000,1000,0,1.0,1.0,1.0,1.0,1.0,1.0
periodic,output,b4_n4_distinct,4,4,distinct,0.1,rank,1,largest,False,1000,1000,0,1.0,1.0,1.0,1.0,1.0,1.0
periodic,output,b4_n4_distinct,4,4,distinct,0.1,rank,4,largest,True,1000,1000,0,1.0,1.0,1.0,1.0,1.0,1.0
periodic,output,b4_n4_distinct,4,4,distinct,0.15,bitonic,1,largest,False,1000,1000,0,1.0,1.0,1.0,1.0,1.0,1.0
periodic,output,b4_n4_distinct,4,4,distinct,0.15,bitonic,4,largest,True,1000,1000,0,1.0,1.0,1.0,1.0,1.0,1.0
periodic,output,b4_n4_distinct,4,4,distinct,0.15,rank,1,largest,False,1000,1000,0,1.0,1.0,1.0,1.0,1.0,1.0
periodic,output,b4_n4_distinct,4,4,distinct,0.15,rank,4,largest,True,1000,1000,0,1.0,1.0,1.0,1.0,1.0,1.0
periodic,output,b4_n4_distinct,4,4,distinct,0.2,bitonic,1,largest,False,1000,1000,0,1.0,1.0,1.0,1.0,1.0,1.0
periodic,output,b4_n4_distinct,4,4,distinct,0.2,bitonic,4,largest,True,1000,1000,0,1.0,1.0,1.0,1.0,1.0,1.0
periodic,output,b4_n4_distinct,4,4,distinct,0.2,rank,1,largest,False,1000,1000,0,1.0,1.0,1.0,1.0,1.0,1.0
periodic,output,b4_n4_distinct,4,4,distinct,0.2,rank,4,largest,True,1000,1000,0,1.0,1.0,1.0,1.0,1.0,1.0
periodic,output,b4_n4_distinct,4,4,distinct,0.25,bitonic,1,largest,False,1000,1000,0,1.0,1.0,1.0,1.0,1.0,1.0
periodic,output,b4_n4_distinct,4,4,distinct,0.25,bitonic,4,largest,True,1000,1000,0,1.0,1.0,1.0,1.0,1.0,1.0
periodic,output,b4_n4_distinct,4,4,distinct,0.25,rank,1,largest,False,1000,1000,0,1.0,1.0,1.0,1.0,1.0,1.0
periodic,output,b4_n4_distinct,4,4,distinct,0.25,rank,4,largest,True,1000,1000,0,1.0,1.0,1.0,1.0,1.0,1.0
periodic,upstream,b4_n4_duplicates_allowed,4,4,duplicates_allowed,0.0,bitonic,1,largest,False,1000,1000,0,1.0,1.0,1.0,1.0,1.0,1.0
periodic,upstream,b4_n4_duplicates_allowed,4,4,duplicates_allowed,0.0,bitonic,4,largest,True,1000,1000,0,1.0,1.0,1.0,1.0,1.0,1.0
periodic,upstream,b4_n4_duplicates_allowed,4,4,duplicates_allowed,0.0,rank,1,largest,False,1000,1000,0,1.0,1.0,1.0,1.0,1.0,1.0
periodic,upstream,b4_n4_duplicates_allowed,4,4,duplicates_allowed,0.0,rank,4,largest,True,1000,1000,0,1.0,1.0,1.0,1.0,1.0,1.0
periodic,upstream,b4_n4_duplicates_allowed,4,4,duplicates_allowed,0.05,bitonic,1,largest,False,1000,1000,0,1.0,1.0,1.0,1.0,1.0,1.0
periodic,upstream,b4_n4_duplicates_allowed,4,4,duplicates_allowed,0.05,bitonic,4,largest,True,1000,1000,0,1.0,1.0,1.0,1.0,1.0,1.0
periodic,upstream,b4_n4_duplicates_allowed,4,4,duplicates_allowed,0.05,rank,1,largest,False,1000,1000,0,1.0,1.0,1.0,1.0,1.0,1.0
periodic,upstream,b4_n4_duplicates_allowed,4,4,duplicates_allowed,0.05,rank,4,largest,True,1000,1000,0,1.0,1.0,1.0,1.0,1.0,1.0
periodic,upstream,b4_n4_duplicates_allowed,4,4,duplicates_allowed,0.1,bitonic,1,largest,False,1000,1000,0,1.0,1.0,1.0,1.0,1.0,1.0
periodic,upstream,b4_n4_duplicates_allowed,4,4,duplicates_allowed,0.1,bitonic,4,largest,True,1000,1000,0,1.0,1.0,1.0,1.0,1.0,1.0
periodic,upstream,b4_n4_duplicates_allowed,4,4,duplicates_allowed,0.1,rank,1,largest,False,1000,1000,0,1.0,1.0,1.0,1.0,1.0,1.0
periodic,upstream,b4_n4_duplicates_allowed,4,4,duplicates_allowed,0.1,rank,4,largest,True,1000,1000,0,1.0,1.0,1.0,1.0,1.0,1.0
periodic,upstream,b4_n4_duplicates_allowed,4,4,duplicates_allowed,0.15,bitonic,1,largest,False,1000,1000,0,1.0,1.0,1.0,1.0,1.0,1.0
periodic,upstream,b4_n4_duplicates_allowed,4,4,duplicates_allowed,0.15,bitonic,4,largest,True,1000,1000,0,1.0,1.0,1.0,1.0,1.0,1.0
periodic,upstream,b4_n4_duplicates_allowed,4,4,duplicates_allowed,0.15,rank,1,largest,False,1000,1000,0,1.0,1.0,1.0,1.0,1.0,1.0
periodic,upstream,b4_n4_duplicates_allowed,4,4,duplicates_allowed,0.15,rank,4,largest,True,1000,1000,0,1.0,1.0,1.0,1.0,1.0,1.0
periodic,upstream,b4_n4_duplicates_allowed,4,4,duplicates_allowed,0.2,bitonic,1,largest,False,1000,1000,0,0.999,0.0,0.999,0.999,0.0,0.999
periodic,upstream,b4_n4_duplicates_allowed,4,4,duplicates_allowed,0.2,bitonic,4,largest,True,1000,1000,0,1.0,1.0,1.0,1.0,1.0,1.0
periodic,upstream,b4_n4_duplicates_allowed,4,4,duplicates_allowed,0.2,rank,1,largest,False,1000,999,1,0.998998998998999,0.0,0.998,0.998998998998999,0.0,0.998
periodic,upstream,b4_n4_duplicates_allowed,4,4,duplicates_allowed,0.2,rank,4,largest,True,1000,999,1,1.0,1.0,0.999,1.0,1.0,0.999
periodic,upstream,b4_n4_duplicates_allowed,4,4,duplicates_allowed,0.25,bitonic,1,largest,False,1000,1000,0,0.998,0.0,0.998,0.998,0.0,0.998
periodic,upstream,b4_n4_duplicates_allowed,4,4,duplicates_allowed,0.25,bitonic,4,largest,True,1000,1000,0,1.0,1.0,1.0,1.0,1.0,1.0
periodic,upstream,b4_n4_duplicates_allowed,4,4,duplicates_allowed,0.25,rank,1,largest,False,1000,998,2,0.9959919839679359,0.0,0.994,0.998997995991984,0.0,0.997
periodic,upstream,b4_n4_duplicates_allowed,4,4,duplicates_allowed,0.25,rank,4,largest,True,1000,998,2,1.0,1.0,0.998,1.0,1.0,0.998
periodic,output,b4_n4_duplicates_allowed,4,4,duplicates_allowed,0.0,bitonic,1,largest,False,1000,1000,0,1.0,1.0,1.0,1.0,1.0,1.0
periodic,output,b4_n4_duplicates_allowed,4,4,duplicates_allowed,0.0,bitonic,4,largest,True,1000,1000,0,1.0,1.0,1.0,1.0,1.0,1.0
periodic,output,b4_n4_duplicates_allowed,4,4,duplicates_allowed,0.0,rank,1,largest,False,1000,1000,0,1.0,1.0,1.0,1.0,1.0,1.0
periodic,output,b4_n4_duplicates_allowed,4,4,duplicates_allowed,0.0,rank,4,largest,True,1000,1000,0,1.0,1.0,1.0,1.0,1.0,1.0
periodic,output,b4_n4_duplicates_allowed,4,4,duplicates_allowed,0.05,bitonic,1,largest,False,1000,1000,0,0.919,0.0,0.919,1.0,1.0,1.0
periodic,output,b4_n4_duplicates_allowed,4,4,duplicates_allowed,0.05,bitonic,4,largest,True,1000,1000,0,1.0,1.0,1.0,1.0,1.0,1.0
periodic,output,b4_n4_duplicates_allowed,4,4,duplicates_allowed,0.05,rank,1,largest,False,1000,996,4,0.9176706827309237,0.0,0.914,1.0,1.0,0.996
periodic,output,b4_n4_duplicates_allowed,4,4,duplicates_allowed,0.05,rank,4,largest,True,1000,996,4,1.0,1.0,0.996,1.0,1.0,0.996
periodic,output,b4_n4_duplicates_allowed,4,4,duplicates_allowed,0.1,bitonic,1,largest,False,1000,1000,0,0.919,0.0,0.919,1.0,1.0,1.0
periodic,output,b4_n4_duplicates_allowed,4,4,duplicates_allowed,0.1,bitonic,4,largest,True,1000,1000,0,1.0,1.0,1.0,1.0,1.0,1.0
periodic,output,b4_n4_duplicates_allowed,4,4,duplicates_allowed,0.1,rank,1,largest,False,1000,996,4,0.9176706827309237,0.0,0.914,1.0,1.0,0.996
periodic,output,b4_n4_duplicates_allowed,4,4,duplicates_allowed,0.1,rank,4,largest,True,1000,996,4,1.0,1.0,0.996,1.0,1.0,0.996
periodic,output,b4_n4_duplicates_allowed,4,4,duplicates_allowed,0.15,bitonic,1,largest,False,1000,1000,0,0.919,0.0,0.919,1.0,1.0,1.0
periodic,output,b4_n4_duplicates_allowed,4,4,duplicates_allowed,0.15,bitonic,4,largest,True,1000,1000,0,1.0,1.0,1.0,1.0,1.0,1.0
periodic,output,b4_n4_duplicates_allowed,4,4,duplicates_allowed,0.15,rank,1,largest,False,1000,996,4,0.9176706827309237,0.0,0.914,1.0,1.0,0.996
periodic,output,b4_n4_duplicates_allowed,4,4,duplicates_allowed,0.15,rank,4,largest,True,1000,996,4,1.0,1.0,0.996,1.0,1.0,0.996
periodic,output,b4_n4_duplicates_allowed,4,4,duplicates_allowed,0.2,bitonic,1,largest,False,1000,1000,0,0.919,0.0,0.919,1.0,1.0,1.0
periodic,output,b4_n4_duplicates_allowed,4,4,duplicates_allowed,0.2,bitonic,4,largest,True,1000,1000,0,1.0,1.0,1.0,1.0,1.0,1.0
periodic,output,b4_n4_duplicates_allowed,4,4,duplicates_allowed,0.2,rank,1,largest,False,1000,996,4,0.9176706827309237,0.0,0.914,1.0,1.0,0.996
periodic,output,b4_n4_duplicates_allowed,4,4,duplicates_allowed,0.2,rank,4,largest,True,1000,996,4,1.0,1.0,0.996,1.0,1.0,0.996
periodic,output,b4_n4_duplicates_allowed,4,4,duplicates_allowed,0.25,bitonic,1,largest,False,1000,1000,0,0.919,0.0,0.919,1.0,1.0,1.0
periodic,output,b4_n4_duplicates_allowed,4,4,duplicates_allowed,0.25,bitonic,4,largest,True,1000,1000,0,1.0,1.0,1.0,1.0,1.0,1.0
periodic,output,b4_n4_duplicates_allowed,4,4,duplicates_allowed,0.25,rank,1,largest,False,1000,996,4,0.9176706827309237,0.0,0.914,1.0,1.0,0.996
periodic,output,b4_n4_duplicates_allowed,4,4,duplicates_allowed,0.25,rank,4,largest,True,1000,996,4,1.0,1.0,0.996,1.0,1.0,0.996
periodic,upstream,b4_n8_distinct,4,8,distinct,0.0,bitonic,1,largest,False,1000,1000,0,1.0,1.0,1.0,1.0,1.0,1.0
periodic,upstream,b4_n8_distinct,4,8,distinct,0.0,bitonic,5,largest,False,1000,1000,0,1.0,1.0,1.0,1.0,1.0,1.0
periodic,upstream,b4_n8_distinct,4,8,distinct,0.0,bitonic,8,largest,True,1000,1000,0,1.0,1.0,1.0,1.0,1.0,1.0
periodic,upstream,b4_n8_distinct,4,8,distinct,0.0,rank,1,largest,False,1000,1000,0,1.0,1.0,1.0,1.0,1.0,1.0
periodic,upstream,b4_n8_distinct,4,8,distinct,0.0,rank,5,largest,False,1000,1000,0,1.0,1.0,1.0,1.0,1.0,1.0
periodic,upstream,b4_n8_distinct,4,8,distinct,0.0,rank,8,largest,True,1000,1000,0,1.0,1.0,1.0,1.0,1.0,1.0
periodic,upstream,b4_n8_distinct,4,8,distinct,0.05,bitonic,1,largest,False,1000,1000,0,1.0,1.0,1.0,1.0,1.0,1.0
periodic,upstream,b4_n8_distinct,4,8,distinct,0.05,bitonic,5,largest,False,1000,1000,0,1.0,1.0,1.0,1.0,1.0,1.0
periodic,upstream,b4_n8_distinct,4,8,distinct,0.05,bitonic,8,largest,True,1000,1000,0,1.0,1.0,1.0,1.0,1.0,1.0
periodic,upstream,b4_n8_distinct,4,8,distinct,0.05,rank,1,largest,False,1000,1000,0,1.0,1.0,1.0,1.0,1.0,1.0
periodic,upstream,b4_n8_distinct,4,8,distinct,0.05,rank,5,largest,False,1000,1000,0,1.0,1.0,1.0,1.0,1.0,1.0
periodic,upstream,b4_n8_distinct,4,8,distinct,0.05,rank,8,largest,True,1000,1000,0,1.0,1.0,1.0,1.0,1.0,1.0
periodic,upstream,b4_n8_distinct,4,8,distinct,0.1,bitonic,1,largest,False,1000,1000,0,1.0,1.0,1.0,1.0,1.0,1.0
periodic,upstream,b4_n8_distinct,4,8,distinct,0.1,bitonic,5,largest,False,1000,1000,0,1.0,1.0,1.0,1.0,1.0,1.0
periodic,upstream,b4_n8_distinct,4,8,distinct,0.1,bitonic,8,largest,True,1000,1000,0,1.0,1.0,1.0,1.0,1.0,1.0
periodic,upstream,b4_n8_distinct,4,8,distinct,0.1,rank,1,largest,False,1000,1000,0,1.0,1.0,1.0,1.0,1.0,1.0
periodic,upstream,b4_n8_distinct,4,8,distinct,0.1,rank,5,largest,False,1000,1000,0,1.0,1.0,1.0,1.0,1.0,1.0
periodic,upstream,b4_n8_distinct,4,8,distinct,0.1,rank,8,largest,True,1000,1000,0,1.0,1.0,1.0,1.0,1.0,1.0
periodic,upstream,b4_n8_distinct,4,8,distinct,0.15,bitonic,1,largest,False,1000,1000,0,1.0,1.0,1.0,1.0,1.0,1.0
periodic,upstream,b4_n8_distinct,4,8,distinct,0.15,bitonic,5,largest,False,1000,1000,0,1.0,1.0,1.0,1.0,1.0,1.0
periodic,upstream,b4_n8_distinct,4,8,distinct,0.15,bitonic,8,largest,True,1000,1000,0,1.0,1.0,1.0,1.0,1.0,1.0
periodic,upstream,b4_n8_distinct,4,8,distinct,0.15,rank,1,largest,False,1000,1000,0,1.0,1.0,1.0,1.0,1.0,1.0
periodic,upstream,b4_n8_distinct,4,8,distinct,0.15,rank,5,largest,False,1000,1000,0,1.0,1.0,1.0,1.0,1.0,1.0
periodic,upstream,b4_n8_distinct,4,8,distinct,0.15,rank,8,largest,True,1000,1000,0,1.0,1.0,1.0,1.0,1.0,1.0
periodic,upstream,b4_n8_distinct,4,8,distinct,0.2,bitonic,1,largest,False,1000,1000,0,0.997,0.0,0.997,0.997,0.0,0.997
periodic,upstream,b4_n8_distinct,4,8,distinct,0.2,bitonic,5,largest,False,1000,1000,0,0.9997999999999999,0.8,0.9997999999999999,0.9997999999999999,0.8,0.9997999999999999
periodic,upstream,b4_n8_distinct,4,8,distinct,0.2,bitonic,8,largest,True,1000,1000,0,1.0,1.0,1.0,1.0,1.0,1.0
periodic,upstream,b4_n8_distinct,4,8,distinct,0.2,rank,1,largest,False,1000,1000,0,0.998,0.0,0.998,0.998,0.0,0.998
periodic,upstream,b4_n8_distinct,4,8,distinct,0.2,rank,5,largest,False,1000,1000,0,1.0,1.0,1.0,1.0,1.0,1.0
periodic,upstream,b4_n8_distinct,4,8,distinct,0.2,rank,8,largest,True,1000,1000,0,1.0,1.0,1.0,1.0,1.0,1.0
periodic,upstream,b4_n8_distinct,4,8,distinct,0.25,bitonic,1,largest,False,1000,1000,0,0.993,0.0,0.993,0.993,0.0,0.993
periodic,upstream,b4_n8_distinct,4,8,distinct,0.25,bitonic,5,largest,False,1000,1000,0,0.999,0.8,0.999,0.999,0.8,0.999
periodic,upstream,b4_n8_distinct,4,8,distinct,0.25,bitonic,8,largest,True,1000,1000,0,1.0,1.0,1.0,1.0,1.0,1.0
periodic,upstream,b4_n8_distinct,4,8,distinct,0.25,rank,1,largest,False,1000,1000,0,0.991,0.0,0.991,0.991,0.0,0.991
periodic,upstream,b4_n8_distinct,4,8,distinct,0.25,rank,5,largest,False,1000,1000,0,0.9994,0.8,0.9994,0.9994,0.8,0.9994
periodic,upstream,b4_n8_distinct,4,8,distinct,0.25,rank,8,largest,True,1000,1000,0,1.0,1.0,1.0,1.0,1.0,1.0
periodic,output,b4_n8_distinct,4,8,distinct,0.0,bitonic,1,largest,False,1000,1000,0,1.0,1.0,1.0,1.0,1.0,1.0
periodic,output,b4_n8_distinct,4,8,distinct,0.0,bitonic,5,largest,False,1000,1000,0,1.0,1.0,1.0,1.0,1.0,1.0
periodic,output,b4_n8_distinct,4,8,distinct,0.0,bitonic,8,largest,True,1000,1000,0,1.0,1.0,1.0,1.0,1.0,1.0
periodic,output,b4_n8_distinct,4,8,distinct,0.0,rank,1,largest,False,1000,1000,0,1.0,1.0,1.0,1.0,1.0,1.0
periodic,output,b4_n8_distinct,4,8,distinct,0.0,rank,5,largest,False,1000,1000,0,1.0,1.0,1.0,1.0,1.0,1.0
periodic,output,b4_n8_distinct,4,8,distinct,0.0,rank,8,largest,True,1000,1000,0,1.0,1.0,1.0,1.0,1.0,1.0
periodic,output,b4_n8_distinct,4,8,distinct,0.05,bitonic,1,largest,False,1000,1000,0,1.0,1.0,1.0,1.0,1.0,1.0
periodic,output,b4_n8_distinct,4,8,distinct,0.05,bitonic,5,largest,False,1000,1000,0,1.0,1.0,1.0,1.0,1.0,1.0
periodic,output,b4_n8_distinct,4,8,distinct,0.05,bitonic,8,largest,True,1000,1000,0,1.0,1.0,1.0,1.0,1.0,1.0
periodic,output,b4_n8_distinct,4,8,distinct,0.05,rank,1,largest,False,1000,1000,0,1.0,1.0,1.0,1.0,1.0,1.0
periodic,output,b4_n8_distinct,4,8,distinct,0.05,rank,5,largest,False,1000,1000,0,1.0,1.0,1.0,1.0,1.0,1.0
periodic,output,b4_n8_distinct,4,8,distinct,0.05,rank,8,largest,True,1000,1000,0,1.0,1.0,1.0,1.0,1.0,1.0
periodic,output,b4_n8_distinct,4,8,distinct,0.1,bitonic,1,largest,False,1000,1000,0,1.0,1.0,1.0,1.0,1.0,1.0
periodic,output,b4_n8_distinct,4,8,distinct,0.1,bitonic,5,largest,False,1000,1000,0,1.0,1.0,1.0,1.0,1.0,1.0
periodic,output,b4_n8_distinct,4,8,distinct,0.1,bitonic,8,largest,True,1000,1000,0,1.0,1.0,1.0,1.0,1.0,1.0
periodic,output,b4_n8_distinct,4,8,distinct,0.1,rank,1,largest,False,1000,1000,0,1.0,1.0,1.0,1.0,1.0,1.0
periodic,output,b4_n8_distinct,4,8,distinct,0.1,rank,5,largest,False,1000,1000,0,1.0,1.0,1.0,1.0,1.0,1.0
periodic,output,b4_n8_distinct,4,8,distinct,0.1,rank,8,largest,True,1000,1000,0,1.0,1.0,1.0,1.0,1.0,1.0
periodic,output,b4_n8_distinct,4,8,distinct,0.15,bitonic,1,largest,False,1000,1000,0,1.0,1.0,1.0,1.0,1.0,1.0
periodic,output,b4_n8_distinct,4,8,distinct,0.15,bitonic,5,largest,False,1000,1000,0,1.0,1.0,1.0,1.0,1.0,1.0
periodic,output,b4_n8_distinct,4,8,distinct,0.15,bitonic,8,largest,True,1000,1000,0,1.0,1.0,1.0,1.0,1.0,1.0
periodic,output,b4_n8_distinct,4,8,distinct,0.15,rank,1,largest,False,1000,1000,0,1.0,1.0,1.0,1.0,1.0,1.0
periodic,output,b4_n8_distinct,4,8,distinct,0.15,rank,5,largest,False,1000,1000,0,1.0,1.0,1.0,1.0,1.0,1.0
periodic,output,b4_n8_distinct,4,8,distinct,0.15,rank,8,largest,True,1000,1000,0,1.0,1.0,1.0,1.0,1.0,1.0
periodic,output,b4_n8_distinct,4,8,distinct,0.2,bitonic,1,largest,False,1000,1000,0,1.0,1.0,1.0,1.0,1.0,1.0
periodic,output,b4_n8_distinct,4,8,distinct,0.2,bitonic,5,largest,False,1000,1000,0,1.0,1.0,1.0,1.0,1.0,1.0
periodic,output,b4_n8_distinct,4,8,distinct,0.2,bitonic,8,largest,True,1000,1000,0,1.0,1.0,1.0,1.0,1.0,1.0
periodic,output,b4_n8_distinct,4,8,distinct,0.2,rank,1,largest,False,1000,1000,0,1.0,1.0,1.0,1.0,1.0,1.0
periodic,output,b4_n8_distinct,4,8,distinct,0.2,rank,5,largest,False,1000,1000,0,1.0,1.0,1.0,1.0,1.0,1.0
periodic,output,b4_n8_distinct,4,8,distinct,0.2,rank,8,largest,True,1000,1000,0,1.0,1.0,1.0,1.0,1.0,1.0
periodic,output,b4_n8_distinct,4,8,distinct,0.25,bitonic,1,largest,False,1000,1000,0,1.0,1.0,1.0,1.0,1.0,1.0
periodic,output,b4_n8_distinct,4,8,distinct,0.25,bitonic,5,largest,False,1000,1000,0,1.0,1.0,1.0,1.0,1.0,1.0
periodic,output,b4_n8_distinct,4,8,distinct,0.25,bitonic,8,largest,True,1000,1000,0,1.0,1.0,1.0,1.0,1.0,1.0
periodic,output,b4_n8_distinct,4,8,distinct,0.25,rank,1,largest,False,1000,1000,0,1.0,1.0,1.0,1.0,1.0,1.0
periodic,output,b4_n8_distinct,4,8,distinct,0.25,rank,5,largest,False,1000,1000,0,1.0,1.0,1.0,1.0,1.0,1.0
periodic,output,b4_n8_distinct,4,8,distinct,0.25,rank,8,largest,True,1000,1000,0,1.0,1.0,1.0,1.0,1.0,1.0
periodic,upstream,b4_n8_duplicates_allowed,4,8,duplicates_allowed,0.0,bitonic,1,largest,False,1000,1000,0,1.0,1.0,1.0,1.0,1.0,1.0
periodic,upstream,b4_n8_duplicates_allowed,4,8,duplicates_allowed,0.0,bitonic,5,largest,False,1000,1000,0,1.0,1.0,1.0,1.0,1.0,1.0
periodic,upstream,b4_n8_duplicates_allowed,4,8,duplicates_allowed,0.0,bitonic,8,largest,True,1000,1000,0,1.0,1.0,1.0,1.0,1.0,1.0
periodic,upstream,b4_n8_duplicates_allowed,4,8,duplicates_allowed,0.0,rank,1,largest,False,1000,1000,0,1.0,1.0,1.0,1.0,1.0,1.0
periodic,upstream,b4_n8_duplicates_allowed,4,8,duplicates_allowed,0.0,rank,5,largest,False,1000,1000,0,1.0,1.0,1.0,1.0,1.0,1.0
periodic,upstream,b4_n8_duplicates_allowed,4,8,duplicates_allowed,0.0,rank,8,largest,True,1000,1000,0,1.0,1.0,1.0,1.0,1.0,1.0
periodic,upstream,b4_n8_duplicates_allowed,4,8,duplicates_allowed,0.05,bitonic,1,largest,False,1000,1000,0,1.0,1.0,1.0,1.0,1.0,1.0
periodic,upstream,b4_n8_duplicates_allowed,4,8,duplicates_allowed,0.05,bitonic,5,largest,False,1000,1000,0,1.0,1.0,1.0,1.0,1.0,1.0
periodic,upstream,b4_n8_duplicates_allowed,4,8,duplicates_allowed,0.05,bitonic,8,largest,True,1000,1000,0,1.0,1.0,1.0,1.0,1.0,1.0
periodic,upstream,b4_n8_duplicates_allowed,4,8,duplicates_allowed,0.05,rank,1,largest,False,1000,1000,0,1.0,1.0,1.0,1.0,1.0,1.0
periodic,upstream,b4_n8_duplicates_allowed,4,8,duplicates_allowed,0.05,rank,5,largest,False,1000,1000,0,1.0,1.0,1.0,1.0,1.0,1.0
periodic,upstream,b4_n8_duplicates_allowed,4,8,duplicates_allowed,0.05,rank,8,largest,True,1000,1000,0,1.0,1.0,1.0,1.0,1.0,1.0
periodic,upstream,b4_n8_duplicates_allowed,4,8,duplicates_allowed,0.1,bitonic,1,largest,False,1000,1000,0,1.0,1.0,1.0,1.0,1.0,1.0
periodic,upstream,b4_n8_duplicates_allowed,4,8,duplicates_allowed,0.1,bitonic,5,largest,False,1000,1000,0,1.0,1.0,1.0,1.0,1.0,1.0
periodic,upstream,b4_n8_duplicates_allowed,4,8,duplicates_allowed,0.1,bitonic,8,largest,True,1000,1000,0,1.0,1.0,1.0,1.0,1.0,1.0
periodic,upstream,b4_n8_duplicates_allowed,4,8,duplicates_allowed,0.1,rank,1,largest,False,1000,1000,0,1.0,1.0,1.0,1.0,1.0,1.0
periodic,upstream,b4_n8_duplicates_allowed,4,8,duplicates_allowed,0.1,rank,5,largest,False,1000,1000,0,1.0,1.0,1.0,1.0,1.0,1.0
periodic,upstream,b4_n8_duplicates_allowed,4,8,duplicates_allowed,0.1,rank,8,largest,True,1000,1000,0,1.0,1.0,1.0,1.0,1.0,1.0
periodic,upstream,b4_n8_duplicates_allowed,4,8,duplicates_allowed,0.15,bitonic,1,largest,False,1000,1000,0,1.0,1.0,1.0,1.0,1.0,1.0
periodic,upstream,b4_n8_duplicates_allowed,4,8,duplicates_allowed,0.15,bitonic,5,largest,False,1000,1000,0,0.9997999999999999,0.8,0.9997999999999999,0.9997999999999999,0.8,0.9997999999999999
periodic,upstream,b4_n8_duplicates_allowed,4,8,duplicates_allowed,0.15,bitonic,8,largest,True,1000,1000,0,1.0,1.0,1.0,1.0,1.0,1.0
periodic,upstream,b4_n8_duplicates_allowed,4,8,duplicates_allowed,0.15,rank,1,largest,False,1000,1000,0,1.0,1.0,1.0,1.0,1.0,1.0
periodic,upstream,b4_n8_duplicates_allowed,4,8,duplicates_allowed,0.15,rank,5,largest,False,1000,1000,0,1.0,1.0,1.0,1.0,1.0,1.0
periodic,upstream,b4_n8_duplicates_allowed,4,8,duplicates_allowed,0.15,rank,8,largest,True,1000,1000,0,1.0,1.0,1.0,1.0,1.0,1.0
periodic,upstream,b4_n8_duplicates_allowed,4,8,duplicates_allowed,0.2,bitonic,1,largest,False,1000,1000,0,0.998,0.0,0.998,0.998,0.0,0.998
periodic,upstream,b4_n8_duplicates_allowed,4,8,duplicates_allowed,0.2,bitonic,5,largest,False,1000,1000,0,0.9987999999999999,0.8,0.9987999999999999,0.9992000000000001,0.8,0.9992000000000001
periodic,upstream,b4_n8_duplicates_allowed,4,8,duplicates_allowed,0.2,bitonic,8,largest,True,1000,1000,0,1.0,1.0,1.0,1.0,1.0,1.0
periodic,upstream,b4_n8_duplicates_allowed,4,8,duplicates_allowed,0.2,rank,1,largest,False,1000,997,3,1.0,1.0,0.997,1.0,1.0,0.997
periodic,upstream,b4_n8_duplicates_allowed,4,8,duplicates_allowed,0.2,rank,5,largest,False,1000,997,3,0.9995987963891675,0.8,0.9966,1.0,1.0,0.997
periodic,upstream,b4_n8_duplicates_allowed,4,8,duplicates_allowed,0.2,rank,8,largest,True,1000,997,3,1.0,1.0,0.997,1.0,1.0,0.997
periodic,upstream,b4_n8_duplicates_allowed,4,8,duplicates_allowed,0.25,bitonic,1,largest,False,1000,1000,0,0.988,0.0,0.988,0.995,0.0,0.995
periodic,upstream,b4_n8_duplicates_allowed,4,8,duplicates_allowed,0.25,bitonic,5,largest,False,1000,1000,0,0.998,0.8,0.998,0.9987999999999999,0.8,0.9987999999999999
periodic,upstream,b4_n8_duplicates_allowed,4,8,duplicates_allowed,0.25,bitonic,8,largest,True,1000,1000,0,1.0,1.0,1.0,1.0,1.0,1.0
periodic,upstream,b4_n8_duplicates_allowed,4,8,duplicates_allowed,0.25,rank,1,largest,False,1000,990,10,0.9929292929292929,0.0,0.983,0.998989898989899,0.0,0.989
periodic,upstream,b4_n8_duplicates_allowed,4,8,duplicates_allowed,0.25,rank,5,largest,False,1000,990,10,0.997979797979798,0.8,0.988,0.9991919191919192,0.8,0.9892000000000001
periodic,upstream,b4_n8_duplicates_allowed,4,8,duplicates_allowed,0.25,rank,8,largest,True,1000,990,10,1.0,1.0,0.99,1.0,1.0,0.99
periodic,output,b4_n8_duplicates_allowed,4,8,duplicates_allowed,0.0,bitonic,1,largest,False,1000,1000,0,1.0,1.0,1.0,1.0,1.0,1.0
periodic,output,b4_n8_duplicates_allowed,4,8,duplicates_allowed,0.0,bitonic,5,largest,False,1000,1000,0,1.0,1.0,1.0,1.0,1.0,1.0
periodic,output,b4_n8_duplicates_allowed,4,8,duplicates_allowed,0.0,bitonic,8,largest,True,1000,1000,0,1.0,1.0,1.0,1.0,1.0,1.0
periodic,output,b4_n8_duplicates_allowed,4,8,duplicates_allowed,0.0,rank,1,largest,False,1000,1000,0,1.0,1.0,1.0,1.0,1.0,1.0
periodic,output,b4_n8_duplicates_allowed,4,8,duplicates_allowed,0.0,rank,5,largest,False,1000,1000,0,1.0,1.0,1.0,1.0,1.0,1.0
periodic,output,b4_n8_duplicates_allowed,4,8,duplicates_allowed,0.0,rank,8,largest,True,1000,1000,0,1.0,1.0,1.0,1.0,1.0,1.0
periodic,output,b4_n8_duplicates_allowed,4,8,duplicates_allowed,0.05,bitonic,1,largest,False,1000,1000,0,0.891,0.0,0.891,1.0,1.0,1.0
periodic,output,b4_n8_duplicates_allowed,4,8,duplicates_allowed,0.05,bitonic,5,largest,False,1000,1000,0,0.9774,0.8,0.9774,1.0,1.0,1.0
periodic,output,b4_n8_duplicates_allowed,4,8,duplicates_allowed,0.05,bitonic,8,largest,True,1000,1000,0,1.0,1.0,1.0,1.0,1.0,1.0
periodic,output,b4_n8_duplicates_allowed,4,8,duplicates_allowed,0.05,rank,1,largest,False,1000,959,41,0.8842544316996872,0.0,0.848,1.0,1.0,0.959
periodic,output,b4_n8_duplicates_allowed,4,8,duplicates_allowed,0.05,rank,5,largest,False,1000,959,41,0.9776850886339938,0.8,0.9376000000000001,1.0,1.0,0.959
periodic,output,b4_n8_duplicates_allowed,4,8,duplicates_allowed,0.05,rank,8,largest,True,1000,959,41,1.0,1.0,0.959,1.0,1.0,0.959
periodic,output,b4_n8_duplicates_allowed,4,8,duplicates_allowed,0.1,bitonic,1,largest,False,1000,1000,0,0.891,0.0,0.891,1.0,1.0,1.0
periodic,output,b4_n8_duplicates_allowed,4,8,duplicates_allowed,0.1,bitonic,5,largest,False,1000,1000,0,0.9774,0.8,0.9774,1.0,1.0,1.0
periodic,output,b4_n8_duplicates_allowed,4,8,duplicates_allowed,0.1,bitonic,8,largest,True,1000,1000,0,1.0,1.0,1.0,1.0,1.0,1.0
periodic,output,b4_n8_duplicates_allowed,4,8,duplicates_allowed,0.1,rank,1,largest,False,1000,959,41,0.8842544316996872,0.0,0.848,1.0,1.0,0.959
periodic,output,b4_n8_duplicates_allowed,4,8,duplicates_allowed,0.1,rank,5,largest,False,1000,959,41,0.9776850886339938,0.8,0.9376000000000001,1.0,1.0,0.959
periodic,output,b4_n8_duplicates_allowed,4,8,duplicates_allowed,0.1,rank,8,largest,True,1000,959,41,1.0,1.0,0.959,1.0,1.0,0.959
periodic,output,b4_n8_duplicates_allowed,4,8,duplicates_allowed,0.15,bitonic,1,largest,False,1000,1000,0,0.891,0.0,0.891,1.0,1.0,1.0
periodic,output,b4_n8_duplicates_allowed,4,8,duplicates_allowed,0.15,bitonic,5,largest,False,1000,1000,0,0.9774,0.8,0.9774,1.0,1.0,1.0
periodic,output,b4_n8_duplicates_allowed,4,8,duplicates_allowed,0.15,bitonic,8,largest,True,1000,1000,0,1.0,1.0,1.0,1.0,1.0,1.0
periodic,output,b4_n8_duplicates_allowed,4,8,duplicates_allowed,0.15,rank,1,largest,False,1000,959,41,0.8842544316996872,0.0,0.848,1.0,1.0,0.959
periodic,output,b4_n8_duplicates_allowed,4,8,duplicates_allowed,0.15,rank,5,largest,False,1000,959,41,0.9776850886339938,0.8,0.9376000000000001,1.0,1.0,0.959
periodic,output,b4_n8_duplicates_allowed,4,8,duplicates_allowed,0.15,rank,8,largest,True,1000,959,41,1.0,1.0,0.959,1.0,1.0,0.959
periodic,output,b4_n8_duplicates_allowed,4,8,duplicates_allowed,0.2,bitonic,1,largest,False,1000,1000,0,0.891,0.0,0.891,1.0,1.0,1.0
periodic,output,b4_n8_duplicates_allowed,4,8,duplicates_allowed,0.2,bitonic,5,largest,False,1000,1000,0,0.9774,0.8,0.9774,1.0,1.0,1.0
periodic,output,b4_n8_duplicates_allowed,4,8,duplicates_allowed,0.2,bitonic,8,largest,True,1000,1000,0,1.0,1.0,1.0,1.0,1.0,1.0
periodic,output,b4_n8_duplicates_allowed,4,8,duplicates_allowed,0.2,rank,1,largest,False,1000,959,41,0.8842544316996872,0.0,0.848,1.0,1.0,0.959
periodic,output,b4_n8_duplicates_allowed,4,8,duplicates_allowed,0.2,rank,5,largest,False,1000,959,41,0.9776850886339938,0.8,0.9376000000000001,1.0,1.0,0.959
periodic,output,b4_n8_duplicates_allowed,4,8,duplicates_allowed,0.2,rank,8,largest,True,1000,959,41,1.0,1.0,0.959,1.0,1.0,0.959
periodic,output,b4_n8_duplicates_allowed,4,8,duplicates_allowed,0.25,bitonic,1,largest,False,1000,1000,0,0.891,0.0,0.891,1.0,1.0,1.0
periodic,output,b4_n8_duplicates_allowed,4,8,duplicates_allowed,0.25,bitonic,5,largest,False,1000,1000,0,0.9774,0.8,0.9774,1.0,1.0,1.0
periodic,output,b4_n8_duplicates_allowed,4,8,duplicates_allowed,0.25,bitonic,8,largest,True,1000,1000,0,1.0,1.0,1.0,1.0,1.0,1.0
periodic,output,b4_n8_duplicates_allowed,4,8,duplicates_allowed,0.25,rank,1,largest,False,1000,959,41,0.8842544316996872,0.0,0.848,1.0,1.0,0.959
periodic,output,b4_n8_duplicates_allowed,4,8,duplicates_allowed,0.25,rank,5,largest,False,1000,959,41,0.9776850886339938,0.8,0.9376000000000001,1.0,1.0,0.959
periodic,output,b4_n8_duplicates_allowed,4,8,duplicates_allowed,0.25,rank,8,largest,True,1000,959,41,1.0,1.0,0.959,1.0,1.0,0.959
periodic,upstream,b4_n16_distinct,4,16,distinct,0.0,bitonic,1,largest,False,1000,1000,0,1.0,1.0,1.0,1.0,1.0,1.0
periodic,upstream,b4_n16_distinct,4,16,distinct,0.0,bitonic,5,largest,False,1000,1000,0,1.0,1.0,1.0,1.0,1.0,1.0
periodic,upstream,b4_n16_distinct,4,16,distinct,0.0,bitonic,10,largest,False,1000,1000,0,1.0,1.0,1.0,1.0,1.0,1.0
periodic,upstream,b4_n16_distinct,4,16,distinct,0.0,bitonic,16,largest,True,1000,1000,0,1.0,1.0,1.0,1.0,1.0,1.0
periodic,upstream,b4_n16_distinct,4,16,distinct,0.0,rank,1,largest,False,1000,1000,0,1.0,1.0,1.0,1.0,1.0,1.0
periodic,upstream,b4_n16_distinct,4,16,distinct,0.0,rank,5,largest,False,1000,1000,0,1.0,1.0,1.0,1.0,1.0,1.0
periodic,upstream,b4_n16_distinct,4,16,distinct,0.0,rank,10,largest,False,1000,1000,0,1.0,1.0,1.0,1.0,1.0,1.0
periodic,upstream,b4_n16_distinct,4,16,distinct,0.0,rank,16,largest,True,1000,1000,0,1.0,1.0,1.0,1.0,1.0,1.0
periodic,upstream,b4_n16_distinct,4,16,distinct,0.05,bitonic,1,largest,False,1000,1000,0,1.0,1.0,1.0,1.0,1.0,1.0
periodic,upstream,b4_n16_distinct,4,16,distinct,0.05,bitonic,5,largest,False,1000,1000,0,1.0,1.0,1.0,1.0,1.0,1.0
periodic,upstream,b4_n16_distinct,4,16,distinct,0.05,bitonic,10,largest,False,1000,1000,0,1.0,1.0,1.0,1.0,1.0,1.0
periodic,upstream,b4_n16_distinct,4,16,distinct,0.05,bitonic,16,largest,True,1000,1000,0,1.0,1.0,1.0,1.0,1.0,1.0
periodic,upstream,b4_n16_distinct,4,16,distinct,0.05,rank,1,largest,False,1000,1000,0,1.0,1.0,1.0,1.0,1.0,1.0
periodic,upstream,b4_n16_distinct,4,16,distinct,0.05,rank,5,largest,False,1000,1000,0,1.0,1.0,1.0,1.0,1.0,1.0
periodic,upstream,b4_n16_distinct,4,16,distinct,0.05,rank,10,largest,False,1000,1000,0,1.0,1.0,1.0,1.0,1.0,1.0
periodic,upstream,b4_n16_distinct,4,16,distinct,0.05,rank,16,largest,True,1000,1000,0,1.0,1.0,1.0,1.0,1.0,1.0
periodic,upstream,b4_n16_distinct,4,16,distinct,0.1,bitonic,1,largest,False,1000,1000,0,1.0,1.0,1.0,1.0,1.0,1.0
periodic,upstream,b4_n16_distinct,4,16,distinct,0.1,bitonic,5,largest,False,1000,1000,0,1.0,1.0,1.0,1.0,1.0,1.0
periodic,upstream,b4_n16_distinct,4,16,distinct,0.1,bitonic,10,largest,False,1000,1000,0,1.0,1.0,1.0,1.0,1.0,1.0
periodic,upstream,b4_n16_distinct,4,16,distinct,0.1,bitonic,16,largest,True,1000,1000,0,1.0,1.0,1.0,1.0,1.0,1.0
periodic,upstream,b4_n16_distinct,4,16,distinct,0.1,rank,1,largest,False,1000,1000,0,1.0,1.0,1.0,1.0,1.0,1.0
periodic,upstream,b4_n16_distinct,4,16,distinct,0.1,rank,5,largest,False,1000,1000,0,1.0,1.0,1.0,1.0,1.0,1.0
periodic,upstream,b4_n16_distinct,4,16,distinct,0.1,rank,10,largest,False,1000,1000,0,1.0,1.0,1.0,1.0,1.0,1.0
periodic,upstream,b4_n16_distinct,4,16,distinct,0.1,rank,16,largest,True,1000,1000,0,1.0,1.0,1.0,1.0,1.0,1.0
periodic,upstream,b4_n16_distinct,4,16,distinct,0.15,bitonic,1,largest,False,1000,1000,0,1.0,1.0,1.0,1.0,1.0,1.0
periodic,upstream,b4_n16_distinct,4,16,distinct,0.15,bitonic,5,largest,False,1000,1000,0,1.0,1.0,1.0,1.0,1.0,1.0
periodic,upstream,b4_n16_distinct,4,16,distinct,0.15,bitonic,10,largest,False,1000,1000,0,0.9999,0.9,0.9999,0.9999,0.9,0.9999
periodic,upstream,b4_n16_distinct,4,16,distinct,0.15,bitonic,16,largest,True,1000,1000,0,1.0,1.0,1.0,1.0,1.0,1.0
periodic,upstream,b4_n16_distinct,4,16,distinct,0.15,rank,1,largest,False,1000,1000,0,1.0,1.0,1.0,1.0,1.0,1.0
periodic,upstream,b4_n16_distinct,4,16,distinct,0.15,rank,5,largest,False,1000,1000,0,1.0,1.0,1.0,1.0,1.0,1.0
periodic,upstream,b4_n16_distinct,4,16,distinct,0.15,rank,10,largest,False,1000,1000,0,1.0,1.0,1.0,1.0,1.0,1.0
periodic,upstream,b4_n16_distinct,4,16,distinct,0.15,rank,16,largest,True,1000,1000,0,1.0,1.0,1.0,1.0,1.0,1.0
periodic,upstream,b4_n16_distinct,4,16,distinct,0.2,bitonic,1,largest,False,1000,1000,0,0.999,0.0,0.999,0.999,0.0,0.999
periodic,upstream,b4_n16_distinct,4,16,distinct,0.2,bitonic,5,largest,False,1000,1000,0,0.9997999999999999,0.8,0.9997999999999999,0.9997999999999999,0.8,0.9997999999999999
periodic,upstream,b4_n16_distinct,4,16,distinct,0.2,bitonic,10,largest,False,1000,1000,0,0.9996,0.9,0.9996,0.9996,0.9,0.9996
periodic,upstream,b4_n16_distinct,4,16,distinct,0.2,bitonic,16,largest,True,1000,1000,0,1.0,1.0,1.0,1.0,1.0,1.0
periodic,upstream,b4_n16_distinct,4,16,distinct,0.2,rank,1,largest,False,1000,1000,0,0.995,0.0,0.995,0.995,0.0,0.995
periodic,upstream,b4_n16_distinct,4,16,distinct,0.2,rank,5,largest,False,1000,1000,0,0.9997999999999999,0.8,0.9997999999999999,0.9997999999999999,0.8,0.9997999999999999
periodic,upstream,b4_n16_distinct,4,16,distinct,0.2,rank,10,largest,False,1000,1000,0,0.9996,0.9,0.9996,0.9996,0.9,0.9996
periodic,upstream,b4_n16_distinct,4,16,distinct,0.2,rank,16,largest,True,1000,1000,0,1.0,1.0,1.0,1.0,1.0,1.0
periodic,upstream,b4_n16_distinct,4,16,distinct,0.25,bitonic,1,largest,False,1000,1000,0,0.99,0.0,0.99,0.99,0.0,0.99
periodic,upstream,b4_n16_distinct,4,16,distinct,0.25,bitonic,5,largest,False,1000,1000,0,0.9976,0.8,0.9976,0.9976,0.8,0.9976
periodic,upstream,b4_n16_distinct,4,16,distinct,0.25,bitonic,10,largest,False,1000,1000,0,0.9991,0.9,0.9991,0.9991,0.9,0.9991
periodic,upstream,b4_n16_distinct,4,16,distinct,0.25,bitonic,16,largest,True,1000,1000,0,1.0,1.0,1.0,1.0,1.0,1.0
periodic,upstream,b4_n16_distinct,4,16,distinct,0.25,rank,1,largest,False,1000,999,1,0.984984984984985,0.0,0.984,0.984984984984985,0.0,0.984
periodic,upstream,b4_n16_distinct,4,16,distinct,0.25,rank,5,largest,False,1000,999,1,0.9981981981981982,0.8,0.9972000000000001,0.9981981981981982,0.8,0.9972000000000001
periodic,upstream,b4_n16_distinct,4,16,distinct,0.25,rank,10,largest,False,1000,999,1,0.9988988988988988,0.9,0.9979,0.9988988988988988,0.9,0.9979
periodic,upstream,b4_n16_distinct,4,16,distinct,0.25,rank,16,largest,True,1000,999,1,1.0,1.0,0.999,1.0,1.0,0.999
periodic,output,b4_n16_distinct,4,16,distinct,0.0,bitonic,1,largest,False,1000,1000,0,1.0,1.0,1.0,1.0,1.0,1.0
periodic,output,b4_n16_distinct,4,16,distinct,0.0,bitonic,5,largest,False,1000,1000,0,1.0,1.0,1.0,1.0,1.0,1.0
periodic,output,b4_n16_distinct,4,16,distinct,0.0,bitonic,10,largest,False,1000,1000,0,1.0,1.0,1.0,1.0,1.0,1.0
periodic,output,b4_n16_distinct,4,16,distinct,0.0,bitonic,16,largest,True,1000,1000,0,1.0,1.0,1.0,1.0,1.0,1.0
periodic,output,b4_n16_distinct,4,16,distinct,0.0,rank,1,largest,False,1000,1000,0,1.0,1.0,1.0,1.0,1.0,1.0
periodic,output,b4_n16_distinct,4,16,distinct,0.0,rank,5,largest,False,1000,1000,0,1.0,1.0,1.0,1.0,1.0,1.0
periodic,output,b4_n16_distinct,4,16,distinct,0.0,rank,10,largest,False,1000,1000,0,1.0,1.0,1.0,1.0,1.0,1.0
periodic,output,b4_n16_distinct,4,16,distinct,0.0,rank,16,largest,True,1000,1000,0,1.0,1.0,1.0,1.0,1.0,1.0
periodic,output,b4_n16_distinct,4,16,distinct,0.05,bitonic,1,largest,False,1000,1000,0,1.0,1.0,1.0,1.0,1.0,1.0
periodic,output,b4_n16_distinct,4,16,distinct,0.05,bitonic,5,largest,False,1000,1000,0,1.0,1.0,1.0,1.0,1.0,1.0
periodic,output,b4_n16_distinct,4,16,distinct,0.05,bitonic,10,largest,False,1000,1000,0,1.0,1.0,1.0,1.0,1.0,1.0
periodic,output,b4_n16_distinct,4,16,distinct,0.05,bitonic,16,largest,True,1000,1000,0,1.0,1.0,1.0,1.0,1.0,1.0
periodic,output,b4_n16_distinct,4,16,distinct,0.05,rank,1,largest,False,1000,1000,0,1.0,1.0,1.0,1.0,1.0,1.0
periodic,output,b4_n16_distinct,4,16,distinct,0.05,rank,5,largest,False,1000,1000,0,1.0,1.0,1.0,1.0,1.0,1.0
periodic,output,b4_n16_distinct,4,16,distinct,0.05,rank,10,largest,False,1000,1000,0,1.0,1.0,1.0,1.0,1.0,1.0
periodic,output,b4_n16_distinct,4,16,distinct,0.05,rank,16,largest,True,1000,1000,0,1.0,1.0,1.0,1.0,1.0,1.0
periodic,output,b4_n16_distinct,4,16,distinct,0.1,bitonic,1,largest,False,1000,1000,0,1.0,1.0,1.0,1.0,1.0,1.0
periodic,output,b4_n16_distinct,4,16,distinct,0.1,bitonic,5,largest,False,1000,1000,0,1.0,1.0,1.0,1.0,1.0,1.0
periodic,output,b4_n16_distinct,4,16,distinct,0.1,bitonic,10,largest,False,1000,1000,0,1.0,1.0,1.0,1.0,1.0,1.0
periodic,output,b4_n16_distinct,4,16,distinct,0.1,bitonic,16,largest,True,1000,1000,0,1.0,1.0,1.0,1.0,1.0,1.0
periodic,output,b4_n16_distinct,4,16,distinct,0.1,rank,1,largest,False,1000,1000,0,1.0,1.0,1.0,1.0,1.0,1.0
periodic,output,b4_n16_distinct,4,16,distinct,0.1,rank,5,largest,False,1000,1000,0,1.0,1.0,1.0,1.0,1.0,1.0
periodic,output,b4_n16_distinct,4,16,distinct,0.1,rank,10,largest,False,1000,1000,0,1.0,1.0,1.0,1.0,1.0,1.0
periodic,output,b4_n16_distinct,4,16,distinct,0.1,rank,16,largest,True,1000,1000,0,1.0,1.0,1.0,1.0,1.0,1.0
periodic,output,b4_n16_distinct,4,16,distinct,0.15,bitonic,1,largest,False,1000,1000,0,1.0,1.0,1.0,1.0,1.0,1.0
periodic,output,b4_n16_distinct,4,16,distinct,0.15,bitonic,5,largest,False,1000,1000,0,1.0,1.0,1.0,1.0,1.0,1.0
periodic,output,b4_n16_distinct,4,16,distinct,0.15,bitonic,10,largest,False,1000,1000,0,1.0,1.0,1.0,1.0,1.0,1.0
periodic,output,b4_n16_distinct,4,16,distinct,0.15,bitonic,16,largest,True,1000,1000,0,1.0,1.0,1.0,1.0,1.0,1.0
periodic,output,b4_n16_distinct,4,16,distinct,0.15,rank,1,largest,False,1000,1000,0,1.0,1.0,1.0,1.0,1.0,1.0
periodic,output,b4_n16_distinct,4,16,distinct,0.15,rank,5,largest,False,1000,1000,0,1.0,1.0,1.0,1.0,1.0,1.0
periodic,output,b4_n16_distinct,4,16,distinct,0.15,rank,10,largest,False,1000,1000,0,1.0,1.0,1.0,1.0,1.0,1.0
periodic,output,b4_n16_distinct,4,16,distinct,0.15,rank,16,largest,True,1000,1000,0,1.0,1.0,1.0,1.0,1.0,1.0
periodic,output,b4_n16_distinct,4,16,distinct,0.2,bitonic,1,largest,False,1000,1000,0,1.0,1.0,1.0,1.0,1.0,1.0
periodic,output,b4_n16_distinct,4,16,distinct,0.2,bitonic,5,largest,False,1000,1000,0,1.0,1.0,1.0,1.0,1.0,1.0
periodic,output,b4_n16_distinct,4,16,distinct,0.2,bitonic,10,largest,False,1000,1000,0,1.0,1.0,1.0,1.0,1.0,1.0
periodic,output,b4_n16_distinct,4,16,distinct,0.2,bitonic,16,largest,True,1000,1000,0,1.0,1.0,1.0,1.0,1.0,1.0
periodic,output,b4_n16_distinct,4,16,distinct,0.2,rank,1,largest,False,1000,1000,0,1.0,1.0,1.0,1.0,1.0,1.0
periodic,output,b4_n16_distinct,4,16,distinct,0.2,rank,5,largest,False,1000,1000,0,1.0,1.0,1.0,1.0,1.0,1.0
periodic,output,b4_n16_distinct,4,16,distinct,0.2,rank,10,largest,False,1000,1000,0,1.0,1.0,1.0,1.0,1.0,1.0
periodic,output,b4_n16_distinct,4,16,distinct,0.2,rank,16,largest,True,1000,1000,0,1.0,1.0,1.0,1.0,1.0,1.0
periodic,output,b4_n16_distinct,4,16,distinct,0.25,bitonic,1,largest,False,1000,1000,0,1.0,1.0,1.0,1.0,1.0,1.0
periodic,output,b4_n16_distinct,4,16,distinct,0.25,bitonic,5,largest,False,1000,1000,0,1.0,1.0,1.0,1.0,1.0,1.0
periodic,output,b4_n16_distinct,4,16,distinct,0.25,bitonic,10,largest,False,1000,1000,0,1.0,1.0,1.0,1.0,1.0,1.0
periodic,output,b4_n16_distinct,4,16,distinct,0.25,bitonic,16,largest,True,1000,1000,0,1.0,1.0,1.0,1.0,1.0,1.0
periodic,output,b4_n16_distinct,4,16,distinct,0.25,rank,1,largest,False,1000,1000,0,1.0,1.0,1.0,1.0,1.0,1.0
periodic,output,b4_n16_distinct,4,16,distinct,0.25,rank,5,largest,False,1000,1000,0,1.0,1.0,1.0,1.0,1.0,1.0
periodic,output,b4_n16_distinct,4,16,distinct,0.25,rank,10,largest,False,1000,1000,0,1.0,1.0,1.0,1.0,1.0,1.0
periodic,output,b4_n16_distinct,4,16,distinct,0.25,rank,16,largest,True,1000,1000,0,1.0,1.0,1.0,1.0,1.0,1.0
periodic,upstream,b4_n16_duplicates_allowed,4,16,duplicates_allowed,0.0,bitonic,1,largest,False,1000,1000,0,1.0,1.0,1.0,1.0,1.0,1.0
periodic,upstream,b4_n16_duplicates_allowed,4,16,duplicates_allowed,0.0,bitonic,5,largest,False,1000,1000,0,1.0,1.0,1.0,1.0,1.0,1.0
periodic,upstream,b4_n16_duplicates_allowed,4,16,duplicates_allowed,0.0,bitonic,10,largest,False,1000,1000,0,1.0,1.0,1.0,1.0,1.0,1.0
periodic,upstream,b4_n16_duplicates_allowed,4,16,duplicates_allowed,0.0,bitonic,16,largest,True,1000,1000,0,1.0,1.0,1.0,1.0,1.0,1.0
periodic,upstream,b4_n16_duplicates_allowed,4,16,duplicates_allowed,0.0,rank,1,largest,False,1000,1000,0,1.0,1.0,1.0,1.0,1.0,1.0
periodic,upstream,b4_n16_duplicates_allowed,4,16,duplicates_allowed,0.0,rank,5,largest,False,1000,1000,0,1.0,1.0,1.0,1.0,1.0,1.0
periodic,upstream,b4_n16_duplicates_allowed,4,16,duplicates_allowed,0.0,rank,10,largest,False,1000,1000,0,1.0,1.0,1.0,1.0,1.0,1.0
periodic,upstream,b4_n16_duplicates_allowed,4,16,duplicates_allowed,0.0,rank,16,largest,True,1000,1000,0,1.0,1.0,1.0,1.0,1.0,1.0
periodic,upstream,b4_n16_duplicates_allowed,4,16,duplicates_allowed,0.05,bitonic,1,largest,False,1000,1000,0,1.0,1.0,1.0,1.0,1.0,1.0
periodic,upstream,b4_n16_duplicates_allowed,4,16,duplicates_allowed,0.05,bitonic,5,largest,False,1000,1000,0,1.0,1.0,1.0,1.0,1.0,1.0
periodic,upstream,b4_n16_duplicates_allowed,4,16,duplicates_allowed,0.05,bitonic,10,largest,False,1000,1000,0,1.0,1.0,1.0,1.0,1.0,1.0
periodic,upstream,b4_n16_duplicates_allowed,4,16,duplicates_allowed,0.05,bitonic,16,largest,True,1000,1000,0,1.0,1.0,1.0,1.0,1.0,1.0
periodic,upstream,b4_n16_duplicates_allowed,4,16,duplicates_allowed,0.05,rank,1,largest,False,1000,1000,0,1.0,1.0,1.0,1.0,1.0,1.0
periodic,upstream,b4_n16_duplicates_allowed,4,16,duplicates_allowed,0.05,rank,5,largest,False,1000,1000,0,1.0,1.0,1.0,1.0,1.0,1.0
periodic,upstream,b4_n16_duplicates_allowed,4,16,duplicates_allowed,0.05,rank,10,largest,False,1000,1000,0,1.0,1.0,1.0,1.0,1.0,1.0
periodic,upstream,b4_n16_duplicates_allowed,4,16,duplicates_allowed,0.05,rank,16,largest,True,1000,1000,0,1.0,1.0,1.0,1.0,1.0,1.0
periodic,upstream,b4_n16_duplicates_allowed,4,16,duplicates_allowed,0.1,bitonic,1,largest,False,1000,1000,0,1.0,1.0,1.0,1.0,1.0,1.0
periodic,upstream,b4_n16_duplicates_allowed,4,16,duplicates_allowed,0.1,bitonic,5,largest,False,1000,1000,0,1.0,1.0,1.0,1.0,1.0,1.0
periodic,upstream,b4_n16_duplicates_allowed,4,16,duplicates_allowed,0.1,bitonic,10,largest,False,1000,1000,0,1.0,1.0,1.0,1.0,1.0,1.0
periodic,upstream,b4_n16_duplicates_allowed,4,16,duplicates_allowed,0.1,bitonic,16,largest,True,1000,1000,0,1.0,1.0,1.0,1.0,1.0,1.0
periodic,upstream,b4_n16_duplicates_allowed,4,16,duplicates_allowed,0.1,rank,1,largest,False,1000,1000,0,1.0,1.0,1.0,1.0,1.0,1.0
periodic,upstream,b4_n16_duplicates_allowed,4,16,duplicates_allowed,0.1,rank,5,largest,False,1000,1000,0,1.0,1.0,1.0,1.0,1.0,1.0
periodic,upstream,b4_n16_duplicates_allowed,4,16,duplicates_allowed,0.1,rank,10,largest,False,1000,1000,0,1.0,1.0,1.0,1.0,1.0,1.0
periodic,upstream,b4_n16_duplicates_allowed,4,16,duplicates_allowed,0.1,rank,16,largest,True,1000,1000,0,1.0,1.0,1.0,1.0,1.0,1.0
periodic,upstream,b4_n16_duplicates_allowed,4,16,duplicates_allowed,0.15,bitonic,1,largest,False,1000,1000,0,1.0,1.0,1.0,1.0,1.0,1.0
periodic,upstream,b4_n16_duplicates_allowed,4,16,duplicates_allowed,0.15,bitonic,5,largest,False,1000,1000,0,1.0,1.0,1.0,1.0,1.0,1.0
periodic,upstream,b4_n16_duplicates_allowed,4,16,duplicates_allowed,0.15,bitonic,10,largest,False,1000,1000,0,1.0,1.0,1.0,1.0,1.0,1.0
periodic,upstream,b4_n16_duplicates_allowed,4,16,duplicates_allowed,0.15,bitonic,16,largest,True,1000,1000,0,1.0,1.0,1.0,1.0,1.0,1.0
periodic,upstream,b4_n16_duplicates_allowed,4,16,duplicates_allowed,0.15,rank,1,largest,False,1000,998,2,1.0,1.0,0.998,1.0,1.0,0.998
periodic,upstream,b4_n16_duplicates_allowed,4,16,duplicates_allowed,0.15,rank,5,largest,False,1000,998,2,0.9997995991983968,0.8,0.9977999999999999,0.9997995991983968,0.8,0.9977999999999999
periodic,upstream,b4_n16_duplicates_allowed,4,16,duplicates_allowed,0.15,rank,10,largest,False,1000,998,2,1.0,1.0,0.998,1.0,1.0,0.998
periodic,upstream,b4_n16_duplicates_allowed,4,16,duplicates_allowed,0.15,rank,16,largest,True,1000,998,2,1.0,1.0,0.998,1.0,1.0,0.998
periodic,upstream,b4_n16_duplicates_allowed,4,16,duplicates_allowed,0.2,bitonic,1,largest,False,1000,1000,0,0.996,0.0,0.996,0.999,0.0,0.999
periodic,upstream,b4_n16_duplicates_allowed,4,16,duplicates_allowed,0.2,bitonic,5,largest,False,1000,1000,0,0.999,0.8,0.999,0.9996,0.8,0.9996
periodic,upstream,b4_n16_duplicates_allowed,4,16,duplicates_allowed,0.2,bitonic,10,largest,False,1000,1000,0,0.9995,0.9,0.9995,0.9997,0.9,0.9997
periodic,upstream,b4_n16_duplicates_allowed,4,16,duplicates_allowed,0.2,bitonic,16,largest,True,1000,1000,0,1.0,1.0,1.0,1.0,1.0,1.0
periodic,upstream,b4_n16_duplicates_allowed,4,16,duplicates_allowed,0.2,rank,1,largest,False,1000,976,24,0.9948770491803278,0.0,0.971,0.9989754098360656,0.0,0.975
periodic,upstream,b4_n16_duplicates_allowed,4,16,duplicates_allowed,0.2,rank,5,largest,False,1000,976,24,0.9989754098360656,0.8,0.975,0.9991803278688525,0.8,0.9752000000000001
periodic,upstream,b4_n16_duplicates_allowed,4,16,duplicates_allowed,0.2,rank,10,largest,False,1000,976,24,0.9998975409836065,0.9,0.9759,1.0,1.0,0.976
periodic,upstream,b4_n16_duplicates_allowed,4,16,duplicates_allowed,0.2,rank,16,largest,True,1000,976,24,1.0,1.0,0.976,1.0,1.0,0.976
periodic,upstream,b4_n16_duplicates_allowed,4,16,duplicates_allowed,0.25,bitonic,1,largest,False,1000,1000,0,0.982,0.0,0.982,0.995,0.0,0.995
periodic,upstream,b4_n16_duplicates_allowed,4,16,duplicates_allowed,0.25,bitonic,5,largest,False,1000,1000,0,0.9956,0.8,0.9956,0.9984,0.8,0.9984
periodic,upstream,b4_n16_duplicates_allowed,4,16,duplicates_allowed,0.25,bitonic,10,largest,False,1000,1000,0,0.9972000000000001,0.9,0.9972000000000001,0.9989,0.9,0.9989
periodic,upstream,b4_n16_duplicates_allowed,4,16,duplicates_allowed,0.25,bitonic,16,largest,True,1000,1000,0,1.0,1.0,1.0,1.0,1.0,1.0
periodic,upstream,b4_n16_duplicates_allowed,4,16,duplicates_allowed,0.25,rank,1,largest,False,1000,890,110,0.9786516853932584,0.0,0.871,0.9932584269662922,0.0,0.884
periodic,upstream,b4_n16_duplicates_allowed,4,16,duplicates_allowed,0.25,rank,5,largest,False,1000,890,110,0.9970786516853932,0.8,0.8874,0.9984269662921347,0.8,0.8886
periodic,upstream,b4_n16_duplicates_allowed,4,16,duplicates_allowed,0.25,rank,10,largest,False,1000,890,110,0.9987640449438202,0.9,0.8889,0.9995505617977528,0.9,0.8896000000000001
periodic,upstream,b4_n16_duplicates_allowed,4,16,duplicates_allowed,0.25,rank,16,largest,True,1000,890,110,1.0,1.0,0.89,1.0,1.0,0.89
periodic,output,b4_n16_duplicates_allowed,4,16,duplicates_allowed,0.0,bitonic,1,largest,False,1000,1000,0,1.0,1.0,1.0,1.0,1.0,1.0
periodic,output,b4_n16_duplicates_allowed,4,16,duplicates_allowed,0.0,bitonic,5,largest,False,1000,1000,0,1.0,1.0,1.0,1.0,1.0,1.0
periodic,output,b4_n16_duplicates_allowed,4,16,duplicates_allowed,0.0,bitonic,10,largest,False,1000,1000,0,1.0,1.0,1.0,1.0,1.0,1.0
periodic,output,b4_n16_duplicates_allowed,4,16,duplicates_allowed,0.0,bitonic,16,largest,True,1000,1000,0,1.0,1.0,1.0,1.0,1.0,1.0
periodic,output,b4_n16_duplicates_allowed,4,16,duplicates_allowed,0.0,rank,1,largest,False,1000,1000,0,1.0,1.0,1.0,1.0,1.0,1.0
periodic,output,b4_n16_duplicates_allowed,4,16,duplicates_allowed,0.0,rank,5,largest,False,1000,1000,0,1.0,1.0,1.0,1.0,1.0,1.0
periodic,output,b4_n16_duplicates_allowed,4,16,duplicates_allowed,0.0,rank,10,largest,False,1000,1000,0,1.0,1.0,1.0,1.0,1.0,1.0
periodic,output,b4_n16_duplicates_allowed,4,16,duplicates_allowed,0.0,rank,16,largest,True,1000,1000,0,1.0,1.0,1.0,1.0,1.0,1.0
periodic,output,b4_n16_duplicates_allowed,4,16,duplicates_allowed,0.05,bitonic,1,largest,False,1000,1000,0,0.758,0.0,0.758,1.0,1.0,1.0
periodic,output,b4_n16_duplicates_allowed,4,16,duplicates_allowed,0.05,bitonic,5,largest,False,1000,1000,0,0.9548,0.6,0.9548,1.0,1.0,1.0
periodic,output,b4_n16_duplicates_allowed,4,16,duplicates_allowed,0.05,bitonic,10,largest,False,1000,1000,0,0.9771,0.8,0.9771,1.0,1.0,1.0
periodic,output,b4_n16_duplicates_allowed,4,16,duplicates_allowed,0.05,bitonic,16,largest,True,1000,1000,0,1.0,1.0,1.0,1.0,1.0,1.0
periodic,output,b4_n16_duplicates_allowed,4,16,duplicates_allowed,0.05,rank,1,largest,False,1000,648,352,0.7561728395061729,0.0,0.49,1.0,1.0,0.648
periodic,output,b4_n16_duplicates_allowed,4,16,duplicates_allowed,0.05,rank,5,largest,False,1000,648,352,0.9564814814814814,0.6,0.6197999999999999,1.0,1.0,0.648
periodic,output,b4_n16_duplicates_allowed,4,16,duplicates_allowed,0.05,rank,10,largest,False,1000,648,352,0.9810185185185186,0.8,0.6357,1.0,1.0,0.648
periodic,output,b4_n16_duplicates_allowed,4,16,duplicates_allowed,0.05,rank,16,largest,True,1000,648,352,1.0,1.0,0.648,1.0,1.0,0.648
periodic,output,b4_n16_duplicates_allowed,4,16,duplicates_allowed,0.1,bitonic,1,largest,False,1000,1000,0,0.758,0.0,0.758,1.0,1.0,1.0
periodic,output,b4_n16_duplicates_allowed,4,16,duplicates_allowed,0.1,bitonic,5,largest,False,1000,1000,0,0.9548,0.6,0.9548,1.0,1.0,1.0
periodic,output,b4_n16_duplicates_allowed,4,16,duplicates_allowed,0.1,bitonic,10,largest,False,1000,1000,0,0.9771,0.8,0.9771,1.0,1.0,1.0
periodic,output,b4_n16_duplicates_allowed,4,16,duplicates_allowed,0.1,bitonic,16,largest,True,1000,1000,0,1.0,1.0,1.0,1.0,1.0,1.0
periodic,output,b4_n16_duplicates_allowed,4,16,duplicates_allowed,0.1,rank,1,largest,False,1000,648,352,0.7561728395061729,0.0,0.49,1.0,1.0,0.648
periodic,output,b4_n16_duplicates_allowed,4,16,duplicates_allowed,0.1,rank,5,largest,False,1000,648,352,0.9564814814814814,0.6,0.6197999999999999,1.0,1.0,0.648
periodic,output,b4_n16_duplicates_allowed,4,16,duplicates_allowed,0.1,rank,10,largest,False,1000,648,352,0.9810185185185186,0.8,0.6357,1.0,1.0,0.648
periodic,output,b4_n16_duplicates_allowed,4,16,duplicates_allowed,0.1,rank,16,largest,True,1000,648,352,1.0,1.0,0.648,1.0,1.0,0.648
periodic,output,b4_n16_duplicates_allowed,4,16,duplicates_allowed,0.15,bitonic,1,largest,False,1000,1000,0,0.758,0.0,0.758,1.0,1.0,1.0
periodic,output,b4_n16_duplicates_allowed,4,16,duplicates_allowed,0.15,bitonic,5,largest,False,1000,1000,0,0.9548,0.6,0.9548,1.0,1.0,1.0
periodic,output,b4_n16_duplicates_allowed,4,16,duplicates_allowed,0.15,bitonic,10,largest,False,1000,1000,0,0.9771,0.8,0.9771,1.0,1.0,1.0
periodic,output,b4_n16_duplicates_allowed,4,16,duplicates_allowed,0.15,bitonic,16,largest,True,1000,1000,0,1.0,1.0,1.0,1.0,1.0,1.0
periodic,output,b4_n16_duplicates_allowed,4,16,duplicates_allowed,0.15,rank,1,largest,False,1000,648,352,0.7561728395061729,0.0,0.49,1.0,1.0,0.648
periodic,output,b4_n16_duplicates_allowed,4,16,duplicates_allowed,0.15,rank,5,largest,False,1000,648,352,0.9564814814814814,0.6,0.6197999999999999,1.0,1.0,0.648
periodic,output,b4_n16_duplicates_allowed,4,16,duplicates_allowed,0.15,rank,10,largest,False,1000,648,352,0.9810185185185186,0.8,0.6357,1.0,1.0,0.648
periodic,output,b4_n16_duplicates_allowed,4,16,duplicates_allowed,0.15,rank,16,largest,True,1000,648,352,1.0,1.0,0.648,1.0,1.0,0.648
periodic,output,b4_n16_duplicates_allowed,4,16,duplicates_allowed,0.2,bitonic,1,largest,False,1000,1000,0,0.758,0.0,0.758,1.0,1.0,1.0
periodic,output,b4_n16_duplicates_allowed,4,16,duplicates_allowed,0.2,bitonic,5,largest,False,1000,1000,0,0.9548,0.6,0.9548,1.0,1.0,1.0
periodic,output,b4_n16_duplicates_allowed,4,16,duplicates_allowed,0.2,bitonic,10,largest,False,1000,1000,0,0.9771,0.8,0.9771,1.0,1.0,1.0
periodic,output,b4_n16_duplicates_allowed,4,16,duplicates_allowed,0.2,bitonic,16,largest,True,1000,1000,0,1.0,1.0,1.0,1.0,1.0,1.0
periodic,output,b4_n16_duplicates_allowed,4,16,duplicates_allowed,0.2,rank,1,largest,False,1000,648,352,0.7561728395061729,0.0,0.49,1.0,1.0,0.648
periodic,output,b4_n16_duplicates_allowed,4,16,duplicates_allowed,0.2,rank,5,largest,False,1000,648,352,0.9564814814814814,0.6,0.6197999999999999,1.0,1.0,0.648
periodic,output,b4_n16_duplicates_allowed,4,16,duplicates_allowed,0.2,rank,10,largest,False,1000,648,352,0.9810185185185186,0.8,0.6357,1.0,1.0,0.648
periodic,output,b4_n16_duplicates_allowed,4,16,duplicates_allowed,0.2,rank,16,largest,True,1000,648,352,1.0,1.0,0.648,1.0,1.0,0.648
periodic,output,b4_n16_duplicates_allowed,4,16,duplicates_allowed,0.25,bitonic,1,largest,False,1000,1000,0,0.758,0.0,0.758,1.0,1.0,1.0
periodic,output,b4_n16_duplicates_allowed,4,16,duplicates_allowed,0.25,bitonic,5,largest,False,1000,1000,0,0.9548,0.6,0.9548,1.0,1.0,1.0
periodic,output,b4_n16_duplicates_allowed,4,16,duplicates_allowed,0.25,bitonic,10,largest,False,1000,1000,0,0.9771,0.8,0.9771,1.0,1.0,1.0
periodic,output,b4_n16_duplicates_allowed,4,16,duplicates_allowed,0.25,bitonic,16,largest,True,1000,1000,0,1.0,1.0,1.0,1.0,1.0,1.0
periodic,output,b4_n16_duplicates_allowed,4,16,duplicates_allowed,0.25,rank,1,largest,False,1000,648,352,0.7561728395061729,0.0,0.49,1.0,1.0,0.648
periodic,output,b4_n16_duplicates_allowed,4,16,duplicates_allowed,0.25,rank,5,largest,False,1000,648,352,0.9564814814814814,0.6,0.6197999999999999,1.0,1.0,0.648
periodic,output,b4_n16_duplicates_allowed,4,16,duplicates_allowed,0.25,rank,10,largest,False,1000,648,352,0.9810185185185186,0.8,0.6357,1.0,1.0,0.648
periodic,output,b4_n16_duplicates_allowed,4,16,duplicates_allowed,0.25,rank,16,largest,True,1000,648,352,1.0,1.0,0.648,1.0,1.0,0.648
periodic,upstream,b8_n2_distinct,8,2,distinct,0.0,bitonic,1,largest,False,1000,1000,0,1.0,1.0,1.0,1.0,1.0,1.0
periodic,upstream,b8_n2_distinct,8,2,distinct,0.0,bitonic,2,largest,True,1000,1000,0,1.0,1.0,1.0,1.0,1.0,1.0
periodic,upstream,b8_n2_distinct,8,2,distinct,0.0,rank,1,largest,False,1000,1000,0,1.0,1.0,1.0,1.0,1.0,1.0
periodic,upstream,b8_n2_distinct,8,2,distinct,0.0,rank,2,largest,True,1000,1000,0,1.0,1.0,1.0,1.0,1.0,1.0
periodic,upstream,b8_n2_distinct,8,2,distinct,0.05,bitonic,1,largest,False,1000,1000,0,1.0,1.0,1.0,1.0,1.0,1.0
periodic,upstream,b8_n2_distinct,8,2,distinct,0.05,bitonic,2,largest,True,1000,1000,0,1.0,1.0,1.0,1.0,1.0,1.0
periodic,upstream,b8_n2_distinct,8,2,distinct,0.05,rank,1,largest,False,1000,1000,0,1.0,1.0,1.0,1.0,1.0,1.0
periodic,upstream,b8_n2_distinct,8,2,distinct,0.05,rank,2,largest,True,1000,1000,0,1.0,1.0,1.0,1.0,1.0,1.0
periodic,upstream,b8_n2_distinct,8,2,distinct,0.1,bitonic,1,largest,False,1000,1000,0,1.0,1.0,1.0,1.0,1.0,1.0
periodic,upstream,b8_n2_distinct,8,2,distinct,0.1,bitonic,2,largest,True,1000,1000,0,1.0,1.0,1.0,1.0,1.0,1.0
periodic,upstream,b8_n2_distinct,8,2,distinct,0.1,rank,1,largest,False,1000,1000,0,1.0,1.0,1.0,1.0,1.0,1.0
periodic,upstream,b8_n2_distinct,8,2,distinct,0.1,rank,2,largest,True,1000,1000,0,1.0,1.0,1.0,1.0,1.0,1.0
periodic,upstream,b8_n2_distinct,8,2,distinct,0.15,bitonic,1,largest,False,1000,1000,0,1.0,1.0,1.0,1.0,1.0,1.0
periodic,upstream,b8_n2_distinct,8,2,distinct,0.15,bitonic,2,largest,True,1000,1000,0,1.0,1.0,1.0,1.0,1.0,1.0
periodic,upstream,b8_n2_distinct,8,2,distinct,0.15,rank,1,largest,False,1000,1000,0,1.0,1.0,1.0,1.0,1.0,1.0
periodic,upstream,b8_n2_distinct,8,2,distinct,0.15,rank,2,largest,True,1000,1000,0,1.0,1.0,1.0,1.0,1.0,1.0
periodic,upstream,b8_n2_distinct,8,2,distinct,0.2,bitonic,1,largest,False,1000,1000,0,1.0,1.0,1.0,1.0,1.0,1.0
periodic,upstream,b8_n2_distinct,8,2,distinct,0.2,bitonic,2,largest,True,1000,1000,0,1.0,1.0,1.0,1.0,1.0,1.0
periodic,upstream,b8_n2_distinct,8,2,distinct,0.2,rank,1,largest,False,1000,1000,0,1.0,1.0,1.0,1.0,1.0,1.0
periodic,upstream,b8_n2_distinct,8,2,distinct,0.2,rank,2,largest,True,1000,1000,0,1.0,1.0,1.0,1.0,1.0,1.0
periodic,upstream,b8_n2_distinct,8,2,distinct,0.25,bitonic,1,largest,False,1000,1000,0,1.0,1.0,1.0,1.0,1.0,1.0
periodic,upstream,b8_n2_distinct,8,2,distinct,0.25,bitonic,2,largest,True,1000,1000,0,1.0,1.0,1.0,1.0,1.0,1.0
periodic,upstream,b8_n2_distinct,8,2,distinct,0.25,rank,1,largest,False,1000,1000,0,1.0,1.0,1.0,1.0,1.0,1.0
periodic,upstream,b8_n2_distinct,8,2,distinct,0.25,rank,2,largest,True,1000,1000,0,1.0,1.0,1.0,1.0,1.0,1.0
periodic,output,b8_n2_distinct,8,2,distinct,0.0,bitonic,1,largest,False,1000,1000,0,1.0,1.0,1.0,1.0,1.0,1.0
periodic,output,b8_n2_distinct,8,2,distinct,0.0,bitonic,2,largest,True,1000,1000,0,1.0,1.0,1.0,1.0,1.0,1.0
periodic,output,b8_n2_distinct,8,2,distinct,0.0,rank,1,largest,False,1000,1000,0,1.0,1.0,1.0,1.0,1.0,1.0
periodic,output,b8_n2_distinct,8,2,distinct,0.0,rank,2,largest,True,1000,1000,0,1.0,1.0,1.0,1.0,1.0,1.0
periodic,output,b8_n2_distinct,8,2,distinct,0.05,bitonic,1,largest,False,1000,1000,0,1.0,1.0,1.0,1.0,1.0,1.0
periodic,output,b8_n2_distinct,8,2,distinct,0.05,bitonic,2,largest,True,1000,1000,0,1.0,1.0,1.0,1.0,1.0,1.0
periodic,output,b8_n2_distinct,8,2,distinct,0.05,rank,1,largest,False,1000,1000,0,1.0,1.0,1.0,1.0,1.0,1.0
periodic,output,b8_n2_distinct,8,2,distinct,0.05,rank,2,largest,True,1000,1000,0,1.0,1.0,1.0,1.0,1.0,1.0
periodic,output,b8_n2_distinct,8,2,distinct,0.1,bitonic,1,largest,False,1000,1000,0,1.0,1.0,1.0,1.0,1.0,1.0
periodic,output,b8_n2_distinct,8,2,distinct,0.1,bitonic,2,largest,True,1000,1000,0,1.0,1.0,1.0,1.0,1.0,1.0
periodic,output,b8_n2_distinct,8,2,distinct,0.1,rank,1,largest,False,1000,1000,0,1.0,1.0,1.0,1.0,1.0,1.0
periodic,output,b8_n2_distinct,8,2,distinct,0.1,rank,2,largest,True,1000,1000,0,1.0,1.0,1.0,1.0,1.0,1.0
periodic,output,b8_n2_distinct,8,2,distinct,0.15,bitonic,1,largest,False,1000,1000,0,1.0,1.0,1.0,1.0,1.0,1.0
periodic,output,b8_n2_distinct,8,2,distinct,0.15,bitonic,2,largest,True,1000,1000,0,1.0,1.0,1.0,1.0,1.0,1.0
periodic,output,b8_n2_distinct,8,2,distinct,0.15,rank,1,largest,False,1000,1000,0,1.0,1.0,1.0,1.0,1.0,1.0
periodic,output,b8_n2_distinct,8,2,distinct,0.15,rank,2,largest,True,1000,1000,0,1.0,1.0,1.0,1.0,1.0,1.0
periodic,output,b8_n2_distinct,8,2,distinct,0.2,bitonic,1,largest,False,1000,1000,0,1.0,1.0,1.0,1.0,1.0,1.0
periodic,output,b8_n2_distinct,8,2,distinct,0.2,bitonic,2,largest,True,1000,1000,0,1.0,1.0,1.0,1.0,1.0,1.0
periodic,output,b8_n2_distinct,8,2,distinct,0.2,rank,1,largest,False,1000,1000,0,1.0,1.0,1.0,1.0,1.0,1.0
periodic,output,b8_n2_distinct,8,2,distinct,0.2,rank,2,largest,True,1000,1000,0,1.0,1.0,1.0,1.0,1.0,1.0
periodic,output,b8_n2_distinct,8,2,distinct,0.25,bitonic,1,largest,False,1000,1000,0,1.0,1.0,1.0,1.0,1.0,1.0
periodic,output,b8_n2_distinct,8,2,distinct,0.25,bitonic,2,largest,True,1000,1000,0,1.0,1.0,1.0,1.0,1.0,1.0
periodic,output,b8_n2_distinct,8,2,distinct,0.25,rank,1,largest,False,1000,1000,0,1.0,1.0,1.0,1.0,1.0,1.0
periodic,output,b8_n2_distinct,8,2,distinct,0.25,rank,2,largest,True,1000,1000,0,1.0,1.0,1.0,1.0,1.0,1.0
periodic,upstream,b8_n2_duplicates_allowed,8,2,duplicates_allowed,0.0,bitonic,1,largest,False,1000,1000,0,1.0,1.0,1.0,1.0,1.0,1.0
periodic,upstream,b8_n2_duplicates_allowed,8,2,duplicates_allowed,0.0,bitonic,2,largest,True,1000,1000,0,1.0,1.0,1.0,1.0,1.0,1.0
periodic,upstream,b8_n2_duplicates_allowed,8,2,duplicates_allowed,0.0,rank,1,largest,False,1000,1000,0,1.0,1.0,1.0,1.0,1.0,1.0
periodic,upstream,b8_n2_duplicates_allowed,8,2,duplicates_allowed,0.0,rank,2,largest,True,1000,1000,0,1.0,1.0,1.0,1.0,1.0,1.0
periodic,upstream,b8_n2_duplicates_allowed,8,2,duplicates_allowed,0.05,bitonic,1,largest,False,1000,1000,0,1.0,1.0,1.0,1.0,1.0,1.0
periodic,upstream,b8_n2_duplicates_allowed,8,2,duplicates_allowed,0.05,bitonic,2,largest,True,1000,1000,0,1.0,1.0,1.0,1.0,1.0,1.0
periodic,upstream,b8_n2_duplicates_allowed,8,2,duplicates_allowed,0.05,rank,1,largest,False,1000,1000,0,1.0,1.0,1.0,1.0,1.0,1.0
periodic,upstream,b8_n2_duplicates_allowed,8,2,duplicates_allowed,0.05,rank,2,largest,True,1000,1000,0,1.0,1.0,1.0,1.0,1.0,1.0
periodic,upstream,b8_n2_duplicates_allowed,8,2,duplicates_allowed,0.1,bitonic,1,largest,False,1000,1000,0,1.0,1.0,1.0,1.0,1.0,1.0
periodic,upstream,b8_n2_duplicates_allowed,8,2,duplicates_allowed,0.1,bitonic,2,largest,True,1000,1000,0,1.0,1.0,1.0,1.0,1.0,1.0
periodic,upstream,b8_n2_duplicates_allowed,8,2,duplicates_allowed,0.1,rank,1,largest,False,1000,1000,0,1.0,1.0,1.0,1.0,1.0,1.0
periodic,upstream,b8_n2_duplicates_allowed,8,2,duplicates_allowed,0.1,rank,2,largest,True,1000,1000,0,1.0,1.0,1.0,1.0,1.0,1.0
periodic,upstream,b8_n2_duplicates_allowed,8,2,duplicates_allowed,0.15,bitonic,1,largest,False,1000,1000,0,1.0,1.0,1.0,1.0,1.0,1.0
periodic,upstream,b8_n2_duplicates_allowed,8,2,duplicates_allowed,0.15,bitonic,2,largest,True,1000,1000,0,1.0,1.0,1.0,1.0,1.0,1.0
periodic,upstream,b8_n2_duplicates_allowed,8,2,duplicates_allowed,0.15,rank,1,largest,False,1000,1000,0,1.0,1.0,1.0,1.0,1.0,1.0
periodic,upstream,b8_n2_duplicates_allowed,8,2,duplicates_allowed,0.15,rank,2,largest,True,1000,1000,0,1.0,1.0,1.0,1.0,1.0,1.0
periodic,upstream,b8_n2_duplicates_allowed,8,2,duplicates_allowed,0.2,bitonic,1,largest,False,1000,1000,0,1.0,1.0,1.0,1.0,1.0,1.0
periodic,upstream,b8_n2_duplicates_allowed,8,2,duplicates_allowed,0.2,bitonic,2,largest,True,1000,1000,0,1.0,1.0,1.0,1.0,1.0,1.0
periodic,upstream,b8_n2_duplicates_allowed,8,2,duplicates_allowed,0.2,rank,1,largest,False,1000,1000,0,1.0,1.0,1.0,1.0,1.0,1.0
periodic,upstream,b8_n2_duplicates_allowed,8,2,duplicates_allowed,0.2,rank,2,largest,True,1000,1000,0,1.0,1.0,1.0,1.0,1.0,1.0
periodic,upstream,b8_n2_duplicates_allowed,8,2,duplicates_allowed,0.25,bitonic,1,largest,False,1000,1000,0,1.0,1.0,1.0,1.0,1.0,1.0
periodic,upstream,b8_n2_duplicates_allowed,8,2,duplicates_allowed,0.25,bitonic,2,largest,True,1000,1000,0,1.0,1.0,1.0,1.0,1.0,1.0
periodic,upstream,b8_n2_duplicates_allowed,8,2,duplicates_allowed,0.25,rank,1,largest,False,1000,1000,0,1.0,1.0,1.0,1.0,1.0,1.0
periodic,upstream,b8_n2_duplicates_allowed,8,2,duplicates_allowed,0.25,rank,2,largest,True,1000,1000,0,1.0,1.0,1.0,1.0,1.0,1.0
periodic,output,b8_n2_duplicates_allowed,8,2,duplicates_allowed,0.0,bitonic,1,largest,False,1000,1000,0,1.0,1.0,1.0,1.0,1.0,1.0
periodic,output,b8_n2_duplicates_allowed,8,2,duplicates_allowed,0.0,bitonic,2,largest,True,1000,1000,0,1.0,1.0,1.0,1.0,1.0,1.0
periodic,output,b8_n2_duplicates_allowed,8,2,duplicates_allowed,0.0,rank,1,largest,False,1000,1000,0,1.0,1.0,1.0,1.0,1.0,1.0
periodic,output,b8_n2_duplicates_allowed,8,2,duplicates_allowed,0.0,rank,2,largest,True,1000,1000,0,1.0,1.0,1.0,1.0,1.0,1.0
periodic,output,b8_n2_duplicates_allowed,8,2,duplicates_allowed,0.05,bitonic,1,largest,False,1000,1000,0,0.998,0.0,0.998,1.0,1.0,1.0
periodic,output,b8_n2_duplicates_allowed,8,2,duplicates_allowed,0.05,bitonic,2,largest,True,1000,1000,0,1.0,1.0,1.0,1.0,1.0,1.0
periodic,output,b8_n2_duplicates_allowed,8,2,duplicates_allowed,0.05,rank,1,largest,False,1000,1000,0,0.997,0.0,0.997,1.0,1.0,1.0
periodic,output,b8_n2_duplicates_allowed,8,2,duplicates_allowed,0.05,rank,2,largest,True,1000,1000,0,1.0,1.0,1.0,1.0,1.0,1.0
periodic,output,b8_n2_duplicates_allowed,8,2,duplicates_allowed,0.1,bitonic,1,largest,False,1000,1000,0,0.998,0.0,0.998,1.0,1.0,1.0
periodic,output,b8_n2_duplicates_allowed,8,2,duplicates_allowed,0.1,bitonic,2,largest,True,1000,1000,0,1.0,1.0,1.0,1.0,1.0,1.0
periodic,output,b8_n2_duplicates_allowed,8,2,duplicates_allowed,0.1,rank,1,largest,False,1000,1000,0,0.997,0.0,0.997,1.0,1.0,1.0
periodic,output,b8_n2_duplicates_allowed,8,2,duplicates_allowed,0.1,rank,2,largest,True,1000,1000,0,1.0,1.0,1.0,1.0,1.0,1.0
periodic,output,b8_n2_duplicates_allowed,8,2,duplicates_allowed,0.15,bitonic,1,largest,False,1000,1000,0,0.998,0.0,0.998,1.0,1.0,1.0
periodic,output,b8_n2_duplicates_allowed,8,2,duplicates_allowed,0.15,bitonic,2,largest,True,1000,1000,0,1.0,1.0,1.0,1.0,1.0,1.0
periodic,output,b8_n2_duplicates_allowed,8,2,duplicates_allowed,0.15,rank,1,largest,False,1000,1000,0,0.997,0.0,0.997,1.0,1.0,1.0
periodic,output,b8_n2_duplicates_allowed,8,2,duplicates_allowed,0.15,rank,2,largest,True,1000,1000,0,1.0,1.0,1.0,1.0,1.0,1.0
periodic,output,b8_n2_duplicates_allowed,8,2,duplicates_allowed,0.2,bitonic,1,largest,False,1000,1000,0,0.998,0.0,0.998,1.0,1.0,1.0
periodic,output,b8_n2_duplicates_allowed,8,2,duplicates_allowed,0.2,bitonic,2,largest,True,1000,1000,0,1.0,1.0,1.0,1.0,1.0,1.0
periodic,output,b8_n2_duplicates_allowed,8,2,duplicates_allowed,0.2,rank,1,largest,False,1000,1000,0,0.997,0.0,0.997,1.0,1.0,1.0
periodic,output,b8_n2_duplicates_allowed,8,2,duplicates_allowed,0.2,rank,2,largest,True,1000,1000,0,1.0,1.0,1.0,1.0,1.0,1.0
periodic,output,b8_n2_duplicates_allowed,8,2,duplicates_allowed,0.25,bitonic,1,largest,False,1000,1000,0,0.998,0.0,0.998,1.0,1.0,1.0
periodic,output,b8_n2_duplicates_allowed,8,2,duplicates_allowed,0.25,bitonic,2,largest,True,1000,1000,0,1.0,1.0,1.0,1.0,1.0,1.0
periodic,output,b8_n2_duplicates_allowed,8,2,duplicates_allowed,0.25,rank,1,largest,False,1000,1000,0,0.997,0.0,0.997,1.0,1.0,1.0
periodic,output,b8_n2_duplicates_allowed,8,2,duplicates_allowed,0.25,rank,2,largest,True,1000,1000,0,1.0,1.0,1.0,1.0,1.0,1.0
periodic,upstream,b8_n4_distinct,8,4,distinct,0.0,bitonic,1,largest,False,1000,1000,0,1.0,1.0,1.0,1.0,1.0,1.0
periodic,upstream,b8_n4_distinct,8,4,distinct,0.0,bitonic,4,largest,True,1000,1000,0,1.0,1.0,1.0,1.0,1.0,1.0
periodic,upstream,b8_n4_distinct,8,4,distinct,0.0,rank,1,largest,False,1000,1000,0,1.0,1.0,1.0,1.0,1.0,1.0
periodic,upstream,b8_n4_distinct,8,4,distinct,0.0,rank,4,largest,True,1000,1000,0,1.0,1.0,1.0,1.0,1.0,1.0
periodic,upstream,b8_n4_distinct,8,4,distinct,0.05,bitonic,1,largest,False,1000,1000,0,1.0,1.0,1.0,1.0,1.0,1.0
periodic,upstream,b8_n4_distinct,8,4,distinct,0.05,bitonic,4,largest,True,1000,1000,0,1.0,1.0,1.0,1.0,1.0,1.0
periodic,upstream,b8_n4_distinct,8,4,distinct,0.05,rank,1,largest,False,1000,1000,0,1.0,1.0,1.0,1.0,1.0,1.0
periodic,upstream,b8_n4_distinct,8,4,distinct,0.05,rank,4,largest,True,1000,1000,0,1.0,1.0,1.0,1.0,1.0,1.0
periodic,upstream,b8_n4_distinct,8,4,distinct,0.1,bitonic,1,largest,False,1000,1000,0,1.0,1.0,1.0,1.0,1.0,1.0
periodic,upstream,b8_n4_distinct,8,4,distinct,0.1,bitonic,4,largest,True,1000,1000,0,1.0,1.0,1.0,1.0,1.0,1.0
periodic,upstream,b8_n4_distinct,8,4,distinct,0.1,rank,1,largest,False,1000,1000,0,1.0,1.0,1.0,1.0,1.0,1.0
periodic,upstream,b8_n4_distinct,8,4,distinct,0.1,rank,4,largest,True,1000,1000,0,1.0,1.0,1.0,1.0,1.0,1.0
periodic,upstream,b8_n4_distinct,8,4,distinct,0.15,bitonic,1,largest,False,1000,1000,0,1.0,1.0,1.0,1.0,1.0,1.0
periodic,upstream,b8_n4_distinct,8,4,distinct,0.15,bitonic,4,largest,True,1000,1000,0,1.0,1.0,1.0,1.0,1.0,1.0
periodic,upstream,b8_n4_distinct,8,4,distinct,0.15,rank,1,largest,False,1000,1000,0,1.0,1.0,1.0,1.0,1.0,1.0
periodic,upstream,b8_n4_distinct,8,4,distinct,0.15,rank,4,largest,True,1000,1000,0,1.0,1.0,1.0,1.0,1.0,1.0
periodic,upstream,b8_n4_distinct,8,4,distinct,0.2,bitonic,1,largest,False,1000,1000,0,1.0,1.0,1.0,1.0,1.0,1.0
periodic,upstream,b8_n4_distinct,8,4,distinct,0.2,bitonic,4,largest,True,1000,1000,0,1.0,1.0,1.0,1.0,1.0,1.0
periodic,upstream,b8_n4_distinct,8,4,distinct,0.2,rank,1,largest,False,1000,1000,0,1.0,1.0,1.0,1.0,1.0,1.0
periodic,upstream,b8_n4_distinct,8,4,distinct,0.2,rank,4,largest,True,1000,1000,0,1.0,1.0,1.0,1.0,1.0,1.0
periodic,upstream,b8_n4_distinct,8,4,distinct,0.25,bitonic,1,largest,False,1000,1000,0,1.0,1.0,1.0,1.0,1.0,1.0
periodic,upstream,b8_n4_distinct,8,4,distinct,0.25,bitonic,4,largest,True,1000,1000,0,1.0,1.0,1.0,1.0,1.0,1.0
periodic,upstream,b8_n4_distinct,8,4,distinct,0.25,rank,1,largest,False,1000,1000,0,1.0,1.0,1.0,1.0,1.0,1.0
periodic,upstream,b8_n4_distinct,8,4,distinct,0.25,rank,4,largest,True,1000,1000,0,1.0,1.0,1.0,1.0,1.0,1.0
periodic,output,b8_n4_distinct,8,4,distinct,0.0,bitonic,1,largest,False,1000,1000,0,1.0,1.0,1.0,1.0,1.0,1.0
periodic,output,b8_n4_distinct,8,4,distinct,0.0,bitonic,4,largest,True,1000,1000,0,1.0,1.0,1.0,1.0,1.0,1.0
periodic,output,b8_n4_distinct,8,4,distinct,0.0,rank,1,largest,False,1000,1000,0,1.0,1.0,1.0,1.0,1.0,1.0
periodic,output,b8_n4_distinct,8,4,distinct,0.0,rank,4,largest,True,1000,1000,0,1.0,1.0,1.0,1.0,1.0,1.0
periodic,output,b8_n4_distinct,8,4,distinct,0.05,bitonic,1,largest,False,1000,1000,0,1.0,1.0,1.0,1.0,1.0,1.0
periodic,output,b8_n4_distinct,8,4,distinct,0.05,bitonic,4,largest,True,1000,1000,0,1.0,1.0,1.0,1.0,1.0,1.0
periodic,output,b8_n4_distinct,8,4,distinct,0.05,rank,1,largest,False,1000,1000,0,1.0,1.0,1.0,1.0,1.0,1.0
periodic,output,b8_n4_distinct,8,4,distinct,0.05,rank,4,largest,True,1000,1000,0,1.0,1.0,1.0,1.0,1.0,1.0
periodic,output,b8_n4_distinct,8,4,distinct,0.1,bitonic,1,largest,False,1000,1000,0,1.0,1.0,1.0,1.0,1.0,1.0
periodic,output,b8_n4_distinct,8,4,distinct,0.1,bitonic,4,largest,True,1000,1000,0,1.0,1.0,1.0,1.0,1.0,1.0
periodic,output,b8_n4_distinct,8,4,distinct,0.1,rank,1,largest,False,1000,1000,0,1.0,1.0,1.0,1.0,1.0,1.0
periodic,output,b8_n4_distinct,8,4,distinct,0.1,rank,4,largest,True,1000,1000,0,1.0,1.0,1.0,1.0,1.0,1.0
periodic,output,b8_n4_distinct,8,4,distinct,0.15,bitonic,1,largest,False,1000,1000,0,1.0,1.0,1.0,1.0,1.0,1.0
periodic,output,b8_n4_distinct,8,4,distinct,0.15,bitonic,4,largest,True,1000,1000,0,1.0,1.0,1.0,1.0,1.0,1.0
periodic,output,b8_n4_distinct,8,4,distinct,0.15,rank,1,largest,False,1000,1000,0,1.0,1.0,1.0,1.0,1.0,1.0
periodic,output,b8_n4_distinct,8,4,distinct,0.15,rank,4,largest,True,1000,1000,0,1.0,1.0,1.0,1.0,1.0,1.0
periodic,output,b8_n4_distinct,8,4,distinct,0.2,bitonic,1,largest,False,1000,1000,0,1.0,1.0,1.0,1.0,1.0,1.0
periodic,output,b8_n4_distinct,8,4,distinct,0.2,bitonic,4,largest,True,1000,1000,0,1.0,1.0,1.0,1.0,1.0,1.0
periodic,output,b8_n4_distinct,8,4,distinct,0.2,rank,1,largest,False,1000,1000,0,1.0,1.0,1.0,1.0,1.0,1.0
periodic,output,b8_n4_distinct,8,4,distinct,0.2,rank,4,largest,True,1000,1000,0,1.0,1.0,1.0,1.0,1.0,1.0
periodic,output,b8_n4_distinct,8,4,distinct,0.25,bitonic,1,largest,False,1000,1000,0,1.0,1.0,1.0,1.0,1.0,1.0
periodic,output,b8_n4_distinct,8,4,distinct,0.25,bitonic,4,largest,True,1000,1000,0,1.0,1.0,1.0,1.0,1.0,1.0
periodic,output,b8_n4_distinct,8,4,distinct,0.25,rank,1,largest,False,1000,1000,0,1.0,1.0,1.0,1.0,1.0,1.0
periodic,output,b8_n4_distinct,8,4,distinct,0.25,rank,4,largest,True,1000,1000,0,1.0,1.0,1.0,1.0,1.0,1.0
periodic,upstream,b8_n4_duplicates_allowed,8,4,duplicates_allowed,0.0,bitonic,1,largest,False,1000,1000,0,1.0,1.0,1.0,1.0,1.0,1.0
periodic,upstream,b8_n4_duplicates_allowed,8,4,duplicates_allowed,0.0,bitonic,4,largest,True,1000,1000,0,1.0,1.0,1.0,1.0,1.0,1.0
periodic,upstream,b8_n4_duplicates_allowed,8,4,duplicates_allowed,0.0,rank,1,largest,False,1000,1000,0,1.0,1.0,1.0,1.0,1.0,1.0
periodic,upstream,b8_n4_duplicates_allowed,8,4,duplicates_allowed,0.0,rank,4,largest,True,1000,1000,0,1.0,1.0,1.0,1.0,1.0,1.0
periodic,upstream,b8_n4_duplicates_allowed,8,4,duplicates_allowed,0.05,bitonic,1,largest,False,1000,1000,0,1.0,1.0,1.0,1.0,1.0,1.0
periodic,upstream,b8_n4_duplicates_allowed,8,4,duplicates_allowed,0.05,bitonic,4,largest,True,1000,1000,0,1.0,1.0,1.0,1.0,1.0,1.0
periodic,upstream,b8_n4_duplicates_allowed,8,4,duplicates_allowed,0.05,rank,1,largest,False,1000,1000,0,1.0,1.0,1.0,1.0,1.0,1.0
periodic,upstream,b8_n4_duplicates_allowed,8,4,duplicates_allowed,0.05,rank,4,largest,True,1000,1000,0,1.0,1.0,1.0,1.0,1.0,1.0
periodic,upstream,b8_n4_duplicates_allowed,8,4,duplicates_allowed,0.1,bitonic,1,largest,False,1000,1000,0,1.0,1.0,1.0,1.0,1.0,1.0
periodic,upstream,b8_n4_duplicates_allowed,8,4,duplicates_allowed,0.1,bitonic,4,largest,True,1000,1000,0,1.0,1.0,1.0,1.0,1.0,1.0
periodic,upstream,b8_n4_duplicates_allowed,8,4,duplicates_allowed,0.1,rank,1,largest,False,1000,1000,0,1.0,1.0,1.0,1.0,1.0,1.0
periodic,upstream,b8_n4_duplicates_allowed,8,4,duplicates_allowed,0.1,rank,4,largest,True,1000,1000,0,1.0,1.0,1.0,1.0,1.0,1.0
periodic,upstream,b8_n4_duplicates_allowed,8,4,duplicates_allowed,0.15,bitonic,1,largest,False,1000,1000,0,1.0,1.0,1.0,1.0,1.0,1.0
periodic,upstream,b8_n4_duplicates_allowed,8,4,duplicates_allowed,0.15,bitonic,4,largest,True,1000,1000,0,1.0,1.0,1.0,1.0,1.0,1.0
periodic,upstream,b8_n4_duplicates_allowed,8,4,duplicates_allowed,0.15,rank,1,largest,False,1000,1000,0,1.0,1.0,1.0,1.0,1.0,1.0
periodic,upstream,b8_n4_duplicates_allowed,8,4,duplicates_allowed,0.15,rank,4,largest,True,1000,1000,0,1.0,1.0,1.0,1.0,1.0,1.0
periodic,upstream,b8_n4_duplicates_allowed,8,4,duplicates_allowed,0.2,bitonic,1,largest,False,1000,1000,0,0.998,0.0,0.998,1.0,1.0,1.0
periodic,upstream,b8_n4_duplicates_allowed,8,4,duplicates_allowed,0.2,bitonic,4,largest,True,1000,1000,0,1.0,1.0,1.0,1.0,1.0,1.0
periodic,upstream,b8_n4_duplicates_allowed,8,4,duplicates_allowed,0.2,rank,1,largest,False,1000,1000,0,1.0,1.0,1.0,1.0,1.0,1.0
periodic,upstream,b8_n4_duplicates_allowed,8,4,duplicates_allowed,0.2,rank,4,largest,True,1000,1000,0,1.0,1.0,1.0,1.0,1.0,1.0
periodic,upstream,b8_n4_duplicates_allowed,8,4,duplicates_allowed,0.25,bitonic,1,largest,False,1000,1000,0,0.998,0.0,0.998,1.0,1.0,1.0
periodic,upstream,b8_n4_duplicates_allowed,8,4,duplicates_allowed,0.25,bitonic,4,largest,True,1000,1000,0,1.0,1.0,1.0,1.0,1.0,1.0
periodic,upstream,b8_n4_duplicates_allowed,8,4,duplicates_allowed,0.25,rank,1,largest,False,1000,1000,0,1.0,1.0,1.0,1.0,1.0,1.0
periodic,upstream,b8_n4_duplicates_allowed,8,4,duplicates_allowed,0.25,rank,4,largest,True,1000,1000,0,1.0,1.0,1.0,1.0,1.0,1.0
periodic,output,b8_n4_duplicates_allowed,8,4,duplicates_allowed,0.0,bitonic,1,largest,False,1000,1000,0,1.0,1.0,1.0,1.0,1.0,1.0
periodic,output,b8_n4_duplicates_allowed,8,4,duplicates_allowed,0.0,bitonic,4,largest,True,1000,1000,0,1.0,1.0,1.0,1.0,1.0,1.0
periodic,output,b8_n4_duplicates_allowed,8,4,duplicates_allowed,0.0,rank,1,largest,False,1000,1000,0,1.0,1.0,1.0,1.0,1.0,1.0
periodic,output,b8_n4_duplicates_allowed,8,4,duplicates_allowed,0.0,rank,4,largest,True,1000,1000,0,1.0,1.0,1.0,1.0,1.0,1.0
periodic,output,b8_n4_duplicates_allowed,8,4,duplicates_allowed,0.05,bitonic,1,largest,False,1000,1000,0,0.995,0.0,0.995,1.0,1.0,1.0
periodic,output,b8_n4_duplicates_allowed,8,4,duplicates_allowed,0.05,bitonic,4,largest,True,1000,1000,0,1.0,1.0,1.0,1.0,1.0,1.0
periodic,output,b8_n4_duplicates_allowed,8,4,duplicates_allowed,0.05,rank,1,largest,False,1000,1000,0,0.998,0.0,0.998,1.0,1.0,1.0
periodic,output,b8_n4_duplicates_allowed,8,4,duplicates_allowed,0.05,rank,4,largest,True,1000,1000,0,1.0,1.0,1.0,1.0,1.0,1.0
periodic,output,b8_n4_duplicates_allowed,8,4,duplicates_allowed,0.1,bitonic,1,largest,False,1000,1000,0,0.995,0.0,0.995,1.0,1.0,1.0
periodic,output,b8_n4_duplicates_allowed,8,4,duplicates_allowed,0.1,bitonic,4,largest,True,1000,1000,0,1.0,1.0,1.0,1.0,1.0,1.0
periodic,output,b8_n4_duplicates_allowed,8,4,duplicates_allowed,0.1,rank,1,largest,False,1000,1000,0,0.998,0.0,0.998,1.0,1.0,1.0
periodic,output,b8_n4_duplicates_allowed,8,4,duplicates_allowed,0.1,rank,4,largest,True,1000,1000,0,1.0,1.0,1.0,1.0,1.0,1.0
periodic,output,b8_n4_duplicates_allowed,8,4,duplicates_allowed,0.15,bitonic,1,largest,False,1000,1000,0,0.995,0.0,0.995,1.0,1.0,1.0
periodic,output,b8_n4_duplicates_allowed,8,4,duplicates_allowed,0.15,bitonic,4,largest,True,1000,1000,0,1.0,1.0,1.0,1.0,1.0,1.0
periodic,output,b8_n4_duplicates_allowed,8,4,duplicates_allowed,0.15,rank,1,largest,False,1000,1000,0,0.998,0.0,0.998,1.0,1.0,1.0
periodic,output,b8_n4_duplicates_allowed,8,4,duplicates_allowed,0.15,rank,4,largest,True,1000,1000,0,1.0,1.0,1.0,1.0,1.0,1.0
periodic,output,b8_n4_duplicates_allowed,8,4,duplicates_allowed,0.2,bitonic,1,largest,False,1000,1000,0,0.995,0.0,0.995,1.0,1.0,1.0
periodic,output,b8_n4_duplicates_allowed,8,4,duplicates_allowed,0.2,bitonic,4,largest,True,1000,1000,0,1.0,1.0,1.0,1.0,1.0,1.0
periodic,output,b8_n4_duplicates_allowed,8,4,duplicates_allowed,0.2,rank,1,largest,False,1000,1000,0,0.998,0.0,0.998,1.0,1.0,1.0
periodic,output,b8_n4_duplicates_allowed,8,4,duplicates_allowed,0.2,rank,4,largest,True,1000,1000,0,1.0,1.0,1.0,1.0,1.0,1.0
periodic,output,b8_n4_duplicates_allowed,8,4,duplicates_allowed,0.25,bitonic,1,largest,False,1000,1000,0,0.995,0.0,0.995,1.0,1.0,1.0
periodic,output,b8_n4_duplicates_allowed,8,4,duplicates_allowed,0.25,bitonic,4,largest,True,1000,1000,0,1.0,1.0,1.0,1.0,1.0,1.0
periodic,output,b8_n4_duplicates_allowed,8,4,duplicates_allowed,0.25,rank,1,largest,False,1000,1000,0,0.998,0.0,0.998,1.0,1.0,1.0
periodic,output,b8_n4_duplicates_allowed,8,4,duplicates_allowed,0.25,rank,4,largest,True,1000,1000,0,1.0,1.0,1.0,1.0,1.0,1.0
periodic,upstream,b8_n8_distinct,8,8,distinct,0.0,bitonic,1,largest,False,1000,1000,0,1.0,1.0,1.0,1.0,1.0,1.0
periodic,upstream,b8_n8_distinct,8,8,distinct,0.0,bitonic,5,largest,False,1000,1000,0,1.0,1.0,1.0,1.0,1.0,1.0
periodic,upstream,b8_n8_distinct,8,8,distinct,0.0,bitonic,8,largest,True,1000,1000,0,1.0,1.0,1.0,1.0,1.0,1.0
periodic,upstream,b8_n8_distinct,8,8,distinct,0.0,rank,1,largest,False,1000,1000,0,1.0,1.0,1.0,1.0,1.0,1.0
periodic,upstream,b8_n8_distinct,8,8,distinct,0.0,rank,5,largest,False,1000,1000,0,1.0,1.0,1.0,1.0,1.0,1.0
periodic,upstream,b8_n8_distinct,8,8,distinct,0.0,rank,8,largest,True,1000,1000,0,1.0,1.0,1.0,1.0,1.0,1.0
periodic,upstream,b8_n8_distinct,8,8,distinct,0.05,bitonic,1,largest,False,1000,1000,0,1.0,1.0,1.0,1.0,1.0,1.0
periodic,upstream,b8_n8_distinct,8,8,distinct,0.05,bitonic,5,largest,False,1000,1000,0,1.0,1.0,1.0,1.0,1.0,1.0
periodic,upstream,b8_n8_distinct,8,8,distinct,0.05,bitonic,8,largest,True,1000,1000,0,1.0,1.0,1.0,1.0,1.0,1.0
periodic,upstream,b8_n8_distinct,8,8,distinct,0.05,rank,1,largest,False,1000,1000,0,1.0,1.0,1.0,1.0,1.0,1.0
periodic,upstream,b8_n8_distinct,8,8,distinct,0.05,rank,5,largest,False,1000,1000,0,1.0,1.0,1.0,1.0,1.0,1.0
periodic,upstream,b8_n8_distinct,8,8,distinct,0.05,rank,8,largest,True,1000,1000,0,1.0,1.0,1.0,1.0,1.0,1.0
periodic,upstream,b8_n8_distinct,8,8,distinct,0.1,bitonic,1,largest,False,1000,1000,0,1.0,1.0,1.0,1.0,1.0,1.0
periodic,upstream,b8_n8_distinct,8,8,distinct,0.1,bitonic,5,largest,False,1000,1000,0,1.0,1.0,1.0,1.0,1.0,1.0
periodic,upstream,b8_n8_distinct,8,8,distinct,0.1,bitonic,8,largest,True,1000,1000,0,1.0,1.0,1.0,1.0,1.0,1.0
periodic,upstream,b8_n8_distinct,8,8,distinct,0.1,rank,1,largest,False,1000,1000,0,1.0,1.0,1.0,1.0,1.0,1.0
periodic,upstream,b8_n8_distinct,8,8,distinct,0.1,rank,5,largest,False,1000,1000,0,1.0,1.0,1.0,1.0,1.0,1.0
periodic,upstream,b8_n8_distinct,8,8,distinct,0.1,rank,8,largest,True,1000,1000,0,1.0,1.0,1.0,1.0,1.0,1.0
periodic,upstream,b8_n8_distinct,8,8,distinct,0.15,bitonic,1,largest,False,1000,1000,0,1.0,1.0,1.0,1.0,1.0,1.0
periodic,upstream,b8_n8_distinct,8,8,distinct,0.15,bitonic,5,largest,False,1000,1000,0,1.0,1.0,1.0,1.0,1.0,1.0
periodic,upstream,b8_n8_distinct,8,8,distinct,0.15,bitonic,8,largest,True,1000,1000,0,1.0,1.0,1.0,1.0,1.0,1.0
periodic,upstream,b8_n8_distinct,8,8,distinct,0.15,rank,1,largest,False,1000,1000,0,1.0,1.0,1.0,1.0,1.0,1.0
periodic,upstream,b8_n8_distinct,8,8,distinct,0.15,rank,5,largest,False,1000,1000,0,1.0,1.0,1.0,1.0,1.0,1.0
periodic,upstream,b8_n8_distinct,8,8,distinct,0.15,rank,8,largest,True,1000,1000,0,1.0,1.0,1.0,1.0,1.0,1.0
periodic,upstream,b8_n8_distinct,8,8,distinct,0.2,bitonic,1,largest,False,1000,1000,0,1.0,1.0,1.0,1.0,1.0,1.0
periodic,upstream,b8_n8_distinct,8,8,distinct,0.2,bitonic,5,largest,False,1000,1000,0,1.0,1.0,1.0,1.0,1.0,1.0
periodic,upstream,b8_n8_distinct,8,8,distinct,0.2,bitonic,8,largest,True,1000,1000,0,1.0,1.0,1.0,1.0,1.0,1.0
periodic,upstream,b8_n8_distinct,8,8,distinct,0.2,rank,1,largest,False,1000,1000,0,1.0,1.0,1.0,1.0,1.0,1.0
periodic,upstream,b8_n8_distinct,8,8,distinct,0.2,rank,5,largest,False,1000,1000,0,1.0,1.0,1.0,1.0,1.0,1.0
periodic,upstream,b8_n8_distinct,8,8,distinct,0.2,rank,8,largest,True,1000,1000,0,1.0,1.0,1.0,1.0,1.0,1.0
periodic,upstream,b8_n8_distinct,8,8,distinct,0.25,bitonic,1,largest,False,1000,1000,0,0.999,0.0,0.999,0.999,0.0,0.999
periodic,upstream,b8_n8_distinct,8,8,distinct,0.25,bitonic,5,largest,False,1000,1000,0,1.0,1.0,1.0,1.0,1.0,1.0
periodic,upstream,b8_n8_distinct,8,8,distinct,0.25,bitonic,8,largest,True,1000,1000,0,1.0,1.0,1.0,1.0,1.0,1.0
periodic,upstream,b8_n8_distinct,8,8,distinct,0.25,rank,1,largest,False,1000,1000,0,0.999,0.0,0.999,0.999,0.0,0.999
periodic,upstream,b8_n8_distinct,8,8,distinct,0.25,rank,5,largest,False,1000,1000,0,1.0,1.0,1.0,1.0,1.0,1.0
periodic,upstream,b8_n8_distinct,8,8,distinct,0.25,rank,8,largest,True,1000,1000,0,1.0,1.0,1.0,1.0,1.0,1.0
periodic,output,b8_n8_distinct,8,8,distinct,0.0,bitonic,1,largest,False,1000,1000,0,1.0,1.0,1.0,1.0,1.0,1.0
periodic,output,b8_n8_distinct,8,8,distinct,0.0,bitonic,5,largest,False,1000,1000,0,1.0,1.0,1.0,1.0,1.0,1.0
periodic,output,b8_n8_distinct,8,8,distinct,0.0,bitonic,8,largest,True,1000,1000,0,1.0,1.0,1.0,1.0,1.0,1.0
periodic,output,b8_n8_distinct,8,8,distinct,0.0,rank,1,largest,False,1000,1000,0,1.0,1.0,1.0,1.0,1.0,1.0
periodic,output,b8_n8_distinct,8,8,distinct,0.0,rank,5,largest,False,1000,1000,0,1.0,1.0,1.0,1.0,1.0,1.0
periodic,output,b8_n8_distinct,8,8,distinct,0.0,rank,8,largest,True,1000,1000,0,1.0,1.0,1.0,1.0,1.0,1.0
periodic,output,b8_n8_distinct,8,8,distinct,0.05,bitonic,1,largest,False,1000,1000,0,1.0,1.0,1.0,1.0,1.0,1.0
periodic,output,b8_n8_distinct,8,8,distinct,0.05,bitonic,5,largest,False,1000,1000,0,1.0,1.0,1.0,1.0,1.0,1.0
periodic,output,b8_n8_distinct,8,8,distinct,0.05,bitonic,8,largest,True,1000,1000,0,1.0,1.0,1.0,1.0,1.0,1.0
periodic,output,b8_n8_distinct,8,8,distinct,0.05,rank,1,largest,False,1000,1000,0,1.0,1.0,1.0,1.0,1.0,1.0
periodic,output,b8_n8_distinct,8,8,distinct,0.05,rank,5,largest,False,1000,1000,0,1.0,1.0,1.0,1.0,1.0,1.0
periodic,output,b8_n8_distinct,8,8,distinct,0.05,rank,8,largest,True,1000,1000,0,1.0,1.0,1.0,1.0,1.0,1.0
periodic,output,b8_n8_distinct,8,8,distinct,0.1,bitonic,1,largest,False,1000,1000,0,1.0,1.0,1.0,1.0,1.0,1.0
periodic,output,b8_n8_distinct,8,8,distinct,0.1,bitonic,5,largest,False,1000,1000,0,1.0,1.0,1.0,1.0,1.0,1.0
periodic,output,b8_n8_distinct,8,8,distinct,0.1,bitonic,8,largest,True,1000,1000,0,1.0,1.0,1.0,1.0,1.0,1.0
periodic,output,b8_n8_distinct,8,8,distinct,0.1,rank,1,largest,False,1000,1000,0,1.0,1.0,1.0,1.0,1.0,1.0
periodic,output,b8_n8_distinct,8,8,distinct,0.1,rank,5,largest,False,1000,1000,0,1.0,1.0,1.0,1.0,1.0,1.0
periodic,output,b8_n8_distinct,8,8,distinct,0.1,rank,8,largest,True,1000,1000,0,1.0,1.0,1.0,1.0,1.0,1.0
periodic,output,b8_n8_distinct,8,8,distinct,0.15,bitonic,1,largest,False,1000,1000,0,1.0,1.0,1.0,1.0,1.0,1.0
periodic,output,b8_n8_distinct,8,8,distinct,0.15,bitonic,5,largest,False,1000,1000,0,1.0,1.0,1.0,1.0,1.0,1.0
periodic,output,b8_n8_distinct,8,8,distinct,0.15,bitonic,8,largest,True,1000,1000,0,1.0,1.0,1.0,1.0,1.0,1.0
periodic,output,b8_n8_distinct,8,8,distinct,0.15,rank,1,largest,False,1000,1000,0,1.0,1.0,1.0,1.0,1.0,1.0
periodic,output,b8_n8_distinct,8,8,distinct,0.15,rank,5,largest,False,1000,1000,0,1.0,1.0,1.0,1.0,1.0,1.0
periodic,output,b8_n8_distinct,8,8,distinct,0.15,rank,8,largest,True,1000,1000,0,1.0,1.0,1.0,1.0,1.0,1.0
periodic,output,b8_n8_distinct,8,8,distinct,0.2,bitonic,1,largest,False,1000,1000,0,1.0,1.0,1.0,1.0,1.0,1.0
periodic,output,b8_n8_distinct,8,8,distinct,0.2,bitonic,5,largest,False,1000,1000,0,1.0,1.0,1.0,1.0,1.0,1.0
periodic,output,b8_n8_distinct,8,8,distinct,0.2,bitonic,8,largest,True,1000,1000,0,1.0,1.0,1.0,1.0,1.0,1.0
periodic,output,b8_n8_distinct,8,8,distinct,0.2,rank,1,largest,False,1000,1000,0,1.0,1.0,1.0,1.0,1.0,1.0
periodic,output,b8_n8_distinct,8,8,distinct,0.2,rank,5,largest,False,1000,1000,0,1.0,1.0,1.0,1.0,1.0,1.0
periodic,output,b8_n8_distinct,8,8,distinct,0.2,rank,8,largest,True,1000,1000,0,1.0,1.0,1.0,1.0,1.0,1.0
periodic,output,b8_n8_distinct,8,8,distinct,0.25,bitonic,1,largest,False,1000,1000,0,1.0,1.0,1.0,1.0,1.0,1.0
periodic,output,b8_n8_distinct,8,8,distinct,0.25,bitonic,5,largest,False,1000,1000,0,1.0,1.0,1.0,1.0,1.0,1.0
periodic,output,b8_n8_distinct,8,8,distinct,0.25,bitonic,8,largest,True,1000,1000,0,1.0,1.0,1.0,1.0,1.0,1.0
periodic,output,b8_n8_distinct,8,8,distinct,0.25,rank,1,largest,False,1000,1000,0,1.0,1.0,1.0,1.0,1.0,1.0
periodic,output,b8_n8_distinct,8,8,distinct,0.25,rank,5,largest,False,1000,1000,0,1.0,1.0,1.0,1.0,1.0,1.0
periodic,output,b8_n8_distinct,8,8,distinct,0.25,rank,8,largest,True,1000,1000,0,1.0,1.0,1.0,1.0,1.0,1.0
periodic,upstream,b8_n8_duplicates_allowed,8,8,duplicates_allowed,0.0,bitonic,1,largest,False,1000,1000,0,1.0,1.0,1.0,1.0,1.0,1.0
periodic,upstream,b8_n8_duplicates_allowed,8,8,duplicates_allowed,0.0,bitonic,5,largest,False,1000,1000,0,1.0,1.0,1.0,1.0,1.0,1.0
periodic,upstream,b8_n8_duplicates_allowed,8,8,duplicates_allowed,0.0,bitonic,8,largest,True,1000,1000,0,1.0,1.0,1.0,1.0,1.0,1.0
periodic,upstream,b8_n8_duplicates_allowed,8,8,duplicates_allowed,0.0,rank,1,largest,False,1000,1000,0,1.0,1.0,1.0,1.0,1.0,1.0
periodic,upstream,b8_n8_duplicates_allowed,8,8,duplicates_allowed,0.0,rank,5,largest,False,1000,1000,0,1.0,1.0,1.0,1.0,1.0,1.0
periodic,upstream,b8_n8_duplicates_allowed,8,8,duplicates_allowed,0.0,rank,8,largest,True,1000,1000,0,1.0,1.0,1.0,1.0,1.0,1.0
periodic,upstream,b8_n8_duplicates_allowed,8,8,duplicates_allowed,0.05,bitonic,1,largest,False,1000,1000,0,1.0,1.0,1.0,1.0,1.0,1.0
periodic,upstream,b8_n8_duplicates_allowed,8,8,duplicates_allowed,0.05,bitonic,5,largest,False,1000,1000,0,1.0,1.0,1.0,1.0,1.0,1.0
periodic,upstream,b8_n8_duplicates_allowed,8,8,duplicates_allowed,0.05,bitonic,8,largest,True,1000,1000,0,1.0,1.0,1.0,1.0,1.0,1.0
periodic,upstream,b8_n8_duplicates_allowed,8,8,duplicates_allowed,0.05,rank,1,largest,False,1000,1000,0,1.0,1.0,1.0,1.0,1.0,1.0
periodic,upstream,b8_n8_duplicates_allowed,8,8,duplicates_allowed,0.05,rank,5,largest,False,1000,1000,0,1.0,1.0,1.0,1.0,1.0,1.0
periodic,upstream,b8_n8_duplicates_allowed,8,8,duplicates_allowed,0.05,rank,8,largest,True,1000,1000,0,1.0,1.0,1.0,1.0,1.0,1.0
periodic,upstream,b8_n8_duplicates_allowed,8,8,duplicates_allowed,0.1,bitonic,1,largest,False,1000,1000,0,1.0,1.0,1.0,1.0,1.0,1.0
periodic,upstream,b8_n8_duplicates_allowed,8,8,duplicates_allowed,0.1,bitonic,5,largest,False,1000,1000,0,1.0,1.0,1.0,1.0,1.0,1.0
periodic,upstream,b8_n8_duplicates_allowed,8,8,duplicates_allowed,0.1,bitonic,8,largest,True,1000,1000,0,1.0,1.0,1.0,1.0,1.0,1.0
periodic,upstream,b8_n8_duplicates_allowed,8,8,duplicates_allowed,0.1,rank,1,largest,False,1000,1000,0,1.0,1.0,1.0,1.0,1.0,1.0
periodic,upstream,b8_n8_duplicates_allowed,8,8,duplicates_allowed,0.1,rank,5,largest,False,1000,1000,0,1.0,1.0,1.0,1.0,1.0,1.0
periodic,upstream,b8_n8_duplicates_allowed,8,8,duplicates_allowed,0.1,rank,8,largest,True,1000,1000,0,1.0,1.0,1.0,1.0,1.0,1.0
periodic,upstream,b8_n8_duplicates_allowed,8,8,duplicates_allowed,0.15,bitonic,1,largest,False,1000,1000,0,1.0,1.0,1.0,1.0,1.0,1.0
periodic,upstream,b8_n8_duplicates_allowed,8,8,duplicates_allowed,0.15,bitonic,5,largest,False,1000,1000,0,1.0,1.0,1.0,1.0,1.0,1.0
periodic,upstream,b8_n8_duplicates_allowed,8,8,duplicates_allowed,0.15,bitonic,8,largest,True,1000,1000,0,1.0,1.0,1.0,1.0,1.0,1.0
periodic,upstream,b8_n8_duplicates_allowed,8,8,duplicates_allowed,0.15,rank,1,largest,False,1000,1000,0,0.999,0.0,0.999,0.999,0.0,0.999
periodic,upstream,b8_n8_duplicates_allowed,8,8,duplicates_allowed,0.15,rank,5,largest,False,1000,1000,0,1.0,1.0,1.0,1.0,1.0,1.0
periodic,upstream,b8_n8_duplicates_allowed,8,8,duplicates_allowed,0.15,rank,8,largest,True,1000,1000,0,1.0,1.0,1.0,1.0,1.0,1.0
periodic,upstream,b8_n8_duplicates_allowed,8,8,duplicates_allowed,0.2,bitonic,1,largest,False,1000,1000,0,0.998,0.0,0.998,1.0,1.0,1.0
periodic,upstream,b8_n8_duplicates_allowed,8,8,duplicates_allowed,0.2,bitonic,5,largest,False,1000,1000,0,1.0,1.0,1.0,1.0,1.0,1.0
periodic,upstream,b8_n8_duplicates_allowed,8,8,duplicates_allowed,0.2,bitonic,8,largest,True,1000,1000,0,1.0,1.0,1.0,1.0,1.0,1.0
periodic,upstream,b8_n8_duplicates_allowed,8,8,duplicates_allowed,0.2,rank,1,largest,False,1000,1000,0,0.999,0.0,0.999,0.999,0.0,0.999
periodic,upstream,b8_n8_duplicates_allowed,8,8,duplicates_allowed,0.2,rank,5,largest,False,1000,1000,0,1.0,1.0,1.0,1.0,1.0,1.0
periodic,upstream,b8_n8_duplicates_allowed,8,8,duplicates_allowed,0.2,rank,8,largest,True,1000,1000,0,1.0,1.0,1.0,1.0,1.0,1.0
periodic,upstream,b8_n8_duplicates_allowed,8,8,duplicates_allowed,0.25,bitonic,1,largest,False,1000,1000,0,0.998,0.0,0.998,1.0,1.0,1.0
periodic,upstream,b8_n8_duplicates_allowed,8,8,duplicates_allowed,0.25,bitonic,5,largest,False,1000,1000,0,1.0,1.0,1.0,1.0,1.0,1.0
periodic,upstream,b8_n8_duplicates_allowed,8,8,duplicates_allowed,0.25,bitonic,8,largest,True,1000,1000,0,1.0,1.0,1.0,1.0,1.0,1.0
periodic,upstream,b8_n8_duplicates_allowed,8,8,duplicates_allowed,0.25,rank,1,largest,False,1000,1000,0,0.999,0.0,0.999,0.999,0.0,0.999
periodic,upstream,b8_n8_duplicates_allowed,8,8,duplicates_allowed,0.25,rank,5,largest,False,1000,1000,0,0.9996,0.8,0.9996,0.9997999999999999,0.8,0.9997999999999999
periodic,upstream,b8_n8_duplicates_allowed,8,8,duplicates_allowed,0.25,rank,8,largest,True,1000,1000,0,1.0,1.0,1.0,1.0,1.0,1.0
periodic,output,b8_n8_duplicates_allowed,8,8,duplicates_allowed,0.0,bitonic,1,largest,False,1000,1000,0,1.0,1.0,1.0,1.0,1.0,1.0
periodic,output,b8_n8_duplicates_allowed,8,8,duplicates_allowed,0.0,bitonic,5,largest,False,1000,1000,0,1.0,1.0,1.0,1.0,1.0,1.0
periodic,output,b8_n8_duplicates_allowed,8,8,duplicates_allowed,0.0,bitonic,8,largest,True,1000,1000,0,1.0,1.0,1.0,1.0,1.0,1.0
periodic,output,b8_n8_duplicates_allowed,8,8,duplicates_allowed,0.0,rank,1,largest,False,1000,1000,0,1.0,1.0,1.0,1.0,1.0,1.0
periodic,output,b8_n8_duplicates_allowed,8,8,duplicates_allowed,0.0,rank,5,largest,False,1000,1000,0,1.0,1.0,1.0,1.0,1.0,1.0
periodic,output,b8_n8_duplicates_allowed,8,8,duplicates_allowed,0.0,rank,8,largest,True,1000,1000,0,1.0,1.0,1.0,1.0,1.0,1.0
periodic,output,b8_n8_duplicates_allowed,8,8,duplicates_allowed,0.05,bitonic,1,largest,False,1000,1000,0,0.993,0.0,0.993,1.0,1.0,1.0
periodic,output,b8_n8_duplicates_allowed,8,8,duplicates_allowed,0.05,bitonic,5,largest,False,1000,1000,0,0.9982000000000001,0.8,0.9982000000000001,1.0,1.0,1.0
periodic,output,b8_n8_duplicates_allowed,8,8,duplicates_allowed,0.05,bitonic,8,largest,True,1000,1000,0,1.0,1.0,1.0,1.0,1.0,1.0
periodic,output,b8_n8_duplicates_allowed,8,8,duplicates_allowed,0.05,rank,1,largest,False,1000,1000,0,0.995,0.0,0.995,1.0,1.0,1.0
periodic,output,b8_n8_duplicates_allowed,8,8,duplicates_allowed,0.05,rank,5,largest,False,1000,1000,0,0.9975999999999999,0.8,0.9975999999999999,1.0,1.0,1.0
periodic,output,b8_n8_duplicates_allowed,8,8,duplicates_allowed,0.05,rank,8,largest,True,1000,1000,0,1.0,1.0,1.0,1.0,1.0,1.0
periodic,output,b8_n8_duplicates_allowed,8,8,duplicates_allowed,0.1,bitonic,1,largest,False,1000,1000,0,0.993,0.0,0.993,1.0,1.0,1.0
periodic,output,b8_n8_duplicates_allowed,8,8,duplicates_allowed,0.1,bitonic,5,largest,False,1000,1000,0,0.9982000000000001,0.8,0.9982000000000001,1.0,1.0,1.0
periodic,output,b8_n8_duplicates_allowed,8,8,duplicates_allowed,0.1,bitonic,8,largest,True,1000,1000,0,1.0,1.0,1.0,1.0,1.0,1.0
periodic,output,b8_n8_duplicates_allowed,8,8,duplicates_allowed,0.1,rank,1,largest,False,1000,1000,0,0.995,0.0,0.995,1.0,1.0,1.0
periodic,output,b8_n8_duplicates_allowed,8,8,duplicates_allowed,0.1,rank,5,largest,False,1000,1000,0,0.9975999999999999,0.8,0.9975999999999999,1.0,1.0,1.0
periodic,output,b8_n8_duplicates_allowed,8,8,duplicates_allowed,0.1,rank,8,largest,True,1000,1000,0,1.0,1.0,1.0,1.0,1.0,1.0
periodic,output,b8_n8_duplicates_allowed,8,8,duplicates_allowed,0.15,bitonic,1,largest,False,1000,1000,0,0.993,0.0,0.993,1.0,1.0,1.0
periodic,output,b8_n8_duplicates_allowed,8,8,duplicates_allowed,0.15,bitonic,5,largest,False,1000,1000,0,0.9982000000000001,0.8,0.9982000000000001,1.0,1.0,1.0
periodic,output,b8_n8_duplicates_allowed,8,8,duplicates_allowed,0.15,bitonic,8,largest,True,1000,1000,0,1.0,1.0,1.0,1.0,1.0,1.0
periodic,output,b8_n8_duplicates_allowed,8,8,duplicates_allowed,0.15,rank,1,largest,False,1000,1000,0,0.995,0.0,0.995,1.0,1.0,1.0
periodic,output,b8_n8_duplicates_allowed,8,8,duplicates_allowed,0.15,rank,5,largest,False,1000,1000,0,0.9975999999999999,0.8,0.9975999999999999,1.0,1.0,1.0
periodic,output,b8_n8_duplicates_allowed,8,8,duplicates_allowed,0.15,rank,8,largest,True,1000,1000,0,1.0,1.0,1.0,1.0,1.0,1.0
periodic,output,b8_n8_duplicates_allowed,8,8,duplicates_allowed,0.2,bitonic,1,largest,False,1000,1000,0,0.993,0.0,0.993,1.0,1.0,1.0
periodic,output,b8_n8_duplicates_allowed,8,8,duplicates_allowed,0.2,bitonic,5,largest,False,1000,1000,0,0.9982000000000001,0.8,0.9982000000000001,1.0,1.0,1.0
periodic,output,b8_n8_duplicates_allowed,8,8,duplicates_allowed,0.2,bitonic,8,largest,True,1000,1000,0,1.0,1.0,1.0,1.0,1.0,1.0
periodic,output,b8_n8_duplicates_allowed,8,8,duplicates_allowed,0.2,rank,1,largest,False,1000,1000,0,0.995,0.0,0.995,1.0,1.0,1.0
periodic,output,b8_n8_duplicates_allowed,8,8,duplicates_allowed,0.2,rank,5,largest,False,1000,1000,0,0.9975999999999999,0.8,0.9975999999999999,1.0,1.0,1.0
periodic,output,b8_n8_duplicates_allowed,8,8,duplicates_allowed,0.2,rank,8,largest,True,1000,1000,0,1.0,1.0,1.0,1.0,1.0,1.0
periodic,output,b8_n8_duplicates_allowed,8,8,duplicates_allowed,0.25,bitonic,1,largest,False,1000,1000,0,0.993,0.0,0.993,1.0,1.0,1.0
periodic,output,b8_n8_duplicates_allowed,8,8,duplicates_allowed,0.25,bitonic,5,largest,False,1000,1000,0,0.9982000000000001,0.8,0.9982000000000001,1.0,1.0,1.0
periodic,output,b8_n8_duplicates_allowed,8,8,duplicates_allowed,0.25,bitonic,8,largest,True,1000,1000,0,1.0,1.0,1.0,1.0,1.0,1.0
periodic,output,b8_n8_duplicates_allowed,8,8,duplicates_allowed,0.25,rank,1,largest,False,1000,1000,0,0.995,0.0,0.995,1.0,1.0,1.0
periodic,output,b8_n8_duplicates_allowed,8,8,duplicates_allowed,0.25,rank,5,largest,False,1000,1000,0,0.9975999999999999,0.8,0.9975999999999999,1.0,1.0,1.0
periodic,output,b8_n8_duplicates_allowed,8,8,duplicates_allowed,0.25,rank,8,largest,True,1000,1000,0,1.0,1.0,1.0,1.0,1.0,1.0
periodic,upstream,b8_n16_distinct,8,16,distinct,0.0,bitonic,1,largest,False,1000,1000,0,1.0,1.0,1.0,1.0,1.0,1.0
periodic,upstream,b8_n16_distinct,8,16,distinct,0.0,bitonic,5,largest,False,1000,1000,0,1.0,1.0,1.0,1.0,1.0,1.0
periodic,upstream,b8_n16_distinct,8,16,distinct,0.0,bitonic,10,largest,False,1000,1000,0,1.0,1.0,1.0,1.0,1.0,1.0
periodic,upstream,b8_n16_distinct,8,16,distinct,0.0,bitonic,16,largest,True,1000,1000,0,1.0,1.0,1.0,1.0,1.0,1.0
periodic,upstream,b8_n16_distinct,8,16,distinct,0.0,rank,1,largest,False,1000,1000,0,1.0,1.0,1.0,1.0,1.0,1.0
periodic,upstream,b8_n16_distinct,8,16,distinct,0.0,rank,5,largest,False,1000,1000,0,1.0,1.0,1.0,1.0,1.0,1.0
periodic,upstream,b8_n16_distinct,8,16,distinct,0.0,rank,10,largest,False,1000,1000,0,1.0,1.0,1.0,1.0,1.0,1.0
periodic,upstream,b8_n16_distinct,8,16,distinct,0.0,rank,16,largest,True,1000,1000,0,1.0,1.0,1.0,1.0,1.0,1.0
periodic,upstream,b8_n16_distinct,8,16,distinct,0.05,bitonic,1,largest,False,1000,1000,0,1.0,1.0,1.0,1.0,1.0,1.0
periodic,upstream,b8_n16_distinct,8,16,distinct,0.05,bitonic,5,largest,False,1000,1000,0,1.0,1.0,1.0,1.0,1.0,1.0
periodic,upstream,b8_n16_distinct,8,16,distinct,0.05,bitonic,10,largest,False,1000,1000,0,1.0,1.0,1.0,1.0,1.0,1.0
periodic,upstream,b8_n16_distinct,8,16,distinct,0.05,bitonic,16,largest,True,1000,1000,0,1.0,1.0,1.0,1.0,1.0,1.0
periodic,upstream,b8_n16_distinct,8,16,distinct,0.05,rank,1,largest,False,1000,1000,0,1.0,1.0,1.0,1.0,1.0,1.0
periodic,upstream,b8_n16_distinct,8,16,distinct,0.05,rank,5,largest,False,1000,1000,0,1.0,1.0,1.0,1.0,1.0,1.0
periodic,upstream,b8_n16_distinct,8,16,distinct,0.05,rank,10,largest,False,1000,1000,0,1.0,1.0,1.0,1.0,1.0,1.0
periodic,upstream,b8_n16_distinct,8,16,distinct,0.05,rank,16,largest,True,1000,1000,0,1.0,1.0,1.0,1.0,1.0,1.0
periodic,upstream,b8_n16_distinct,8,16,distinct,0.1,bitonic,1,largest,False,1000,1000,0,1.0,1.0,1.0,1.0,1.0,1.0
periodic,upstream,b8_n16_distinct,8,16,distinct,0.1,bitonic,5,largest,False,1000,1000,0,1.0,1.0,1.0,1.0,1.0,1.0
periodic,upstream,b8_n16_distinct,8,16,distinct,0.1,bitonic,10,largest,False,1000,1000,0,1.0,1.0,1.0,1.0,1.0,1.0
periodic,upstream,b8_n16_distinct,8,16,distinct,0.1,bitonic,16,largest,True,1000,1000,0,1.0,1.0,1.0,1.0,1.0,1.0
periodic,upstream,b8_n16_distinct,8,16,distinct,0.1,rank,1,largest,False,1000,1000,0,1.0,1.0,1.0,1.0,1.0,1.0
periodic,upstream,b8_n16_distinct,8,16,distinct,0.1,rank,5,largest,False,1000,1000,0,1.0,1.0,1.0,1.0,1.0,1.0
periodic,upstream,b8_n16_distinct,8,16,distinct,0.1,rank,10,largest,False,1000,1000,0,1.0,1.0,1.0,1.0,1.0,1.0
periodic,upstream,b8_n16_distinct,8,16,distinct,0.1,rank,16,largest,True,1000,1000,0,1.0,1.0,1.0,1.0,1.0,1.0
periodic,upstream,b8_n16_distinct,8,16,distinct,0.15,bitonic,1,largest,False,1000,1000,0,1.0,1.0,1.0,1.0,1.0,1.0
periodic,upstream,b8_n16_distinct,8,16,distinct,0.15,bitonic,5,largest,False,1000,1000,0,1.0,1.0,1.0,1.0,1.0,1.0
periodic,upstream,b8_n16_distinct,8,16,distinct,0.15,bitonic,10,largest,False,1000,1000,0,1.0,1.0,1.0,1.0,1.0,1.0
periodic,upstream,b8_n16_distinct,8,16,distinct,0.15,bitonic,16,largest,True,1000,1000,0,1.0,1.0,1.0,1.0,1.0,1.0
periodic,upstream,b8_n16_distinct,8,16,distinct,0.15,rank,1,largest,False,1000,1000,0,1.0,1.0,1.0,1.0,1.0,1.0
periodic,upstream,b8_n16_distinct,8,16,distinct,0.15,rank,5,largest,False,1000,1000,0,1.0,1.0,1.0,1.0,1.0,1.0
periodic,upstream,b8_n16_distinct,8,16,distinct,0.15,rank,10,largest,False,1000,1000,0,1.0,1.0,1.0,1.0,1.0,1.0
periodic,upstream,b8_n16_distinct,8,16,distinct,0.15,rank,16,largest,True,1000,1000,0,1.0,1.0,1.0,1.0,1.0,1.0
periodic,upstream,b8_n16_distinct,8,16,distinct,0.2,bitonic,1,largest,False,1000,1000,0,1.0,1.0,1.0,1.0,1.0,1.0
periodic,upstream,b8_n16_distinct,8,16,distinct,0.2,bitonic,5,largest,False,1000,1000,0,1.0,1.0,1.0,1.0,1.0,1.0
periodic,upstream,b8_n16_distinct,8,16,distinct,0.2,bitonic,10,largest,False,1000,1000,0,1.0,1.0,1.0,1.0,1.0,1.0
periodic,upstream,b8_n16_distinct,8,16,distinct,0.2,bitonic,16,largest,True,1000,1000,0,1.0,1.0,1.0,1.0,1.0,1.0
periodic,upstream,b8_n16_distinct,8,16,distinct,0.2,rank,1,largest,False,1000,1000,0,0.999,0.0,0.999,0.999,0.0,0.999
periodic,upstream,b8_n16_distinct,8,16,distinct,0.2,rank,5,largest,False,1000,1000,0,1.0,1.0,1.0,1.0,1.0,1.0
periodic,upstream,b8_n16_distinct,8,16,distinct,0.2,rank,10,largest,False,1000,1000,0,1.0,1.0,1.0,1.0,1.0,1.0
periodic,upstream,b8_n16_distinct,8,16,distinct,0.2,rank,16,largest,True,1000,1000,0,1.0,1.0,1.0,1.0,1.0,1.0
periodic,upstream,b8_n16_distinct,8,16,distinct,0.25,bitonic,1,largest,False,1000,1000,0,1.0,1.0,1.0,1.0,1.0,1.0
periodic,upstream,b8_n16_distinct,8,16,distinct,0.25,bitonic,5,largest,False,1000,1000,0,1.0,1.0,1.0,1.0,1.0,1.0
periodic,upstream,b8_n16_distinct,8,16,distinct,0.25,bitonic,10,largest,False,1000,1000,0,1.0,1.0,1.0,1.0,1.0,1.0
periodic,upstream,b8_n16_distinct,8,16,distinct,0.25,bitonic,16,largest,True,1000,1000,0,1.0,1.0,1.0,1.0,1.0,1.0
periodic,upstream,b8_n16_distinct,8,16,distinct,0.25,rank,1,largest,False,1000,1000,0,0.999,0.0,0.999,0.999,0.0,0.999
periodic,upstream,b8_n16_distinct,8,16,distinct,0.25,rank,5,largest,False,1000,1000,0,0.9997999999999999,0.8,0.9997999999999999,0.9997999999999999,0.8,0.9997999999999999
periodic,upstream,b8_n16_distinct,8,16,distinct,0.25,rank,10,largest,False,1000,1000,0,1.0,1.0,1.0,1.0,1.0,1.0
periodic,upstream,b8_n16_distinct,8,16,distinct,0.25,rank,16,largest,True,1000,1000,0,1.0,1.0,1.0,1.0,1.0,1.0
periodic,output,b8_n16_distinct,8,16,distinct,0.0,bitonic,1,largest,False,1000,1000,0,1.0,1.0,1.0,1.0,1.0,1.0
periodic,output,b8_n16_distinct,8,16,distinct,0.0,bitonic,5,largest,False,1000,1000,0,1.0,1.0,1.0,1.0,1.0,1.0
periodic,output,b8_n16_distinct,8,16,distinct,0.0,bitonic,10,largest,False,1000,1000,0,1.0,1.0,1.0,1.0,1.0,1.0
periodic,output,b8_n16_distinct,8,16,distinct,0.0,bitonic,16,largest,True,1000,1000,0,1.0,1.0,1.0,1.0,1.0,1.0
periodic,output,b8_n16_distinct,8,16,distinct,0.0,rank,1,largest,False,1000,1000,0,1.0,1.0,1.0,1.0,1.0,1.0
periodic,output,b8_n16_distinct,8,16,distinct,0.0,rank,5,largest,False,1000,1000,0,1.0,1.0,1.0,1.0,1.0,1.0
periodic,output,b8_n16_distinct,8,16,distinct,0.0,rank,10,largest,False,1000,1000,0,1.0,1.0,1.0,1.0,1.0,1.0
periodic,output,b8_n16_distinct,8,16,distinct,0.0,rank,16,largest,True,1000,1000,0,1.0,1.0,1.0,1.0,1.0,1.0
periodic,output,b8_n16_distinct,8,16,distinct,0.05,bitonic,1,largest,False,1000,1000,0,1.0,1.0,1.0,1.0,1.0,1.0
periodic,output,b8_n16_distinct,8,16,distinct,0.05,bitonic,5,largest,False,1000,1000,0,1.0,1.0,1.0,1.0,1.0,1.0
periodic,output,b8_n16_distinct,8,16,distinct,0.05,bitonic,10,largest,False,1000,1000,0,1.0,1.0,1.0,1.0,1.0,1.0
periodic,output,b8_n16_distinct,8,16,distinct,0.05,bitonic,16,largest,True,1000,1000,0,1.0,1.0,1.0,1.0,1.0,1.0
periodic,output,b8_n16_distinct,8,16,distinct,0.05,rank,1,largest,False,1000,1000,0,1.0,1.0,1.0,1.0,1.0,1.0
periodic,output,b8_n16_distinct,8,16,distinct,0.05,rank,5,largest,False,1000,1000,0,1.0,1.0,1.0,1.0,1.0,1.0
periodic,output,b8_n16_distinct,8,16,distinct,0.05,rank,10,largest,False,1000,1000,0,1.0,1.0,1.0,1.0,1.0,1.0
periodic,output,b8_n16_distinct,8,16,distinct,0.05,rank,16,largest,True,1000,1000,0,1.0,1.0,1.0,1.0,1.0,1.0
periodic,output,b8_n16_distinct,8,16,distinct,0.1,bitonic,1,largest,False,1000,1000,0,1.0,1.0,1.0,1.0,1.0,1.0
periodic,output,b8_n16_distinct,8,16,distinct,0.1,bitonic,5,largest,False,1000,1000,0,1.0,1.0,1.0,1.0,1.0,1.0
periodic,output,b8_n16_distinct,8,16,distinct,0.1,bitonic,10,largest,False,1000,1000,0,1.0,1.0,1.0,1.0,1.0,1.0
periodic,output,b8_n16_distinct,8,16,distinct,0.1,bitonic,16,largest,True,1000,1000,0,1.0,1.0,1.0,1.0,1.0,1.0
periodic,output,b8_n16_distinct,8,16,distinct,0.1,rank,1,largest,False,1000,1000,0,1.0,1.0,1.0,1.0,1.0,1.0
periodic,output,b8_n16_distinct,8,16,distinct,0.1,rank,5,largest,False,1000,1000,0,1.0,1.0,1.0,1.0,1.0,1.0
periodic,output,b8_n16_distinct,8,16,distinct,0.1,rank,10,largest,False,1000,1000,0,1.0,1.0,1.0,1.0,1.0,1.0
periodic,output,b8_n16_distinct,8,16,distinct,0.1,rank,16,largest,True,1000,1000,0,1.0,1.0,1.0,1.0,1.0,1.0
periodic,output,b8_n16_distinct,8,16,distinct,0.15,bitonic,1,largest,False,1000,1000,0,1.0,1.0,1.0,1.0,1.0,1.0
periodic,output,b8_n16_distinct,8,16,distinct,0.15,bitonic,5,largest,False,1000,1000,0,1.0,1.0,1.0,1.0,1.0,1.0
periodic,output,b8_n16_distinct,8,16,distinct,0.15,bitonic,10,largest,False,1000,1000,0,1.0,1.0,1.0,1.0,1.0,1.0
periodic,output,b8_n16_distinct,8,16,distinct,0.15,bitonic,16,largest,True,1000,1000,0,1.0,1.0,1.0,1.0,1.0,1.0
periodic,output,b8_n16_distinct,8,16,distinct,0.15,rank,1,largest,False,1000,1000,0,1.0,1.0,1.0,1.0,1.0,1.0
periodic,output,b8_n16_distinct,8,16,distinct,0.15,rank,5,largest,False,1000,1000,0,1.0,1.0,1.0,1.0,1.0,1.0
periodic,output,b8_n16_distinct,8,16,distinct,0.15,rank,10,largest,False,1000,1000,0,1.0,1.0,1.0,1.0,1.0,1.0
periodic,output,b8_n16_distinct,8,16,distinct,0.15,rank,16,largest,True,1000,1000,0,1.0,1.0,1.0,1.0,1.0,1.0
periodic,output,b8_n16_distinct,8,16,distinct,0.2,bitonic,1,largest,False,1000,1000,0,1.0,1.0,1.0,1.0,1.0,1.0
periodic,output,b8_n16_distinct,8,16,distinct,0.2,bitonic,5,largest,False,1000,1000,0,1.0,1.0,1.0,1.0,1.0,1.0
periodic,output,b8_n16_distinct,8,16,distinct,0.2,bitonic,10,largest,False,1000,1000,0,1.0,1.0,1.0,1.0,1.0,1.0
periodic,output,b8_n16_distinct,8,16,distinct,0.2,bitonic,16,largest,True,1000,1000,0,1.0,1.0,1.0,1.0,1.0,1.0
periodic,output,b8_n16_distinct,8,16,distinct,0.2,rank,1,largest,False,1000,1000,0,1.0,1.0,1.0,1.0,1.0,1.0
periodic,output,b8_n16_distinct,8,16,distinct,0.2,rank,5,largest,False,1000,1000,0,1.0,1.0,1.0,1.0,1.0,1.0
periodic,output,b8_n16_distinct,8,16,distinct,0.2,rank,10,largest,False,1000,1000,0,1.0,1.0,1.0,1.0,1.0,1.0
periodic,output,b8_n16_distinct,8,16,distinct,0.2,rank,16,largest,True,1000,1000,0,1.0,1.0,1.0,1.0,1.0,1.0
periodic,output,b8_n16_distinct,8,16,distinct,0.25,bitonic,1,largest,False,1000,1000,0,1.0,1.0,1.0,1.0,1.0,1.0
periodic,output,b8_n16_distinct,8,16,distinct,0.25,bitonic,5,largest,False,1000,1000,0,1.0,1.0,1.0,1.0,1.0,1.0
periodic,output,b8_n16_distinct,8,16,distinct,0.25,bitonic,10,largest,False,1000,1000,0,1.0,1.0,1.0,1.0,1.0,1.0
periodic,output,b8_n16_distinct,8,16,distinct,0.25,bitonic,16,largest,True,1000,1000,0,1.0,1.0,1.0,1.0,1.0,1.0
periodic,output,b8_n16_distinct,8,16,distinct,0.25,rank,1,largest,False,1000,1000,0,1.0,1.0,1.0,1.0,1.0,1.0
periodic,output,b8_n16_distinct,8,16,distinct,0.25,rank,5,largest,False,1000,1000,0,1.0,1.0,1.0,1.0,1.0,1.0
periodic,output,b8_n16_distinct,8,16,distinct,0.25,rank,10,largest,False,1000,1000,0,1.0,1.0,1.0,1.0,1.0,1.0
periodic,output,b8_n16_distinct,8,16,distinct,0.25,rank,16,largest,True,1000,1000,0,1.0,1.0,1.0,1.0,1.0,1.0
periodic,upstream,b8_n16_duplicates_allowed,8,16,duplicates_allowed,0.0,bitonic,1,largest,False,1000,1000,0,1.0,1.0,1.0,1.0,1.0,1.0
periodic,upstream,b8_n16_duplicates_allowed,8,16,duplicates_allowed,0.0,bitonic,5,largest,False,1000,1000,0,1.0,1.0,1.0,1.0,1.0,1.0
periodic,upstream,b8_n16_duplicates_allowed,8,16,duplicates_allowed,0.0,bitonic,10,largest,False,1000,1000,0,1.0,1.0,1.0,1.0,1.0,1.0
periodic,upstream,b8_n16_duplicates_allowed,8,16,duplicates_allowed,0.0,bitonic,16,largest,True,1000,1000,0,1.0,1.0,1.0,1.0,1.0,1.0
periodic,upstream,b8_n16_duplicates_allowed,8,16,duplicates_allowed,0.0,rank,1,largest,False,1000,1000,0,1.0,1.0,1.0,1.0,1.0,1.0
periodic,upstream,b8_n16_duplicates_allowed,8,16,duplicates_allowed,0.0,rank,5,largest,False,1000,1000,0,1.0,1.0,1.0,1.0,1.0,1.0
periodic,upstream,b8_n16_duplicates_allowed,8,16,duplicates_allowed,0.0,rank,10,largest,False,1000,1000,0,1.0,1.0,1.0,1.0,1.0,1.0
periodic,upstream,b8_n16_duplicates_allowed,8,16,duplicates_allowed,0.0,rank,16,largest,True,1000,1000,0,1.0,1.0,1.0,1.0,1.0,1.0
periodic,upstream,b8_n16_duplicates_allowed,8,16,duplicates_allowed,0.05,bitonic,1,largest,False,1000,1000,0,1.0,1.0,1.0,1.0,1.0,1.0
periodic,upstream,b8_n16_duplicates_allowed,8,16,duplicates_allowed,0.05,bitonic,5,largest,False,1000,1000,0,1.0,1.0,1.0,1.0,1.0,1.0
periodic,upstream,b8_n16_duplicates_allowed,8,16,duplicates_allowed,0.05,bitonic,10,largest,False,1000,1000,0,1.0,1.0,1.0,1.0,1.0,1.0
periodic,upstream,b8_n16_duplicates_allowed,8,16,duplicates_allowed,0.05,bitonic,16,largest,True,1000,1000,0,1.0,1.0,1.0,1.0,1.0,1.0
periodic,upstream,b8_n16_duplicates_allowed,8,16,duplicates_allowed,0.05,rank,1,largest,False,1000,1000,0,1.0,1.0,1.0,1.0,1.0,1.0
periodic,upstream,b8_n16_duplicates_allowed,8,16,duplicates_allowed,0.05,rank,5,largest,False,1000,1000,0,1.0,1.0,1.0,1.0,1.0,1.0
periodic,upstream,b8_n16_duplicates_allowed,8,16,duplicates_allowed,0.05,rank,10,largest,False,1000,1000,0,1.0,1.0,1.0,1.0,1.0,1.0
periodic,upstream,b8_n16_duplicates_allowed,8,16,duplicates_allowed,0.05,rank,16,largest,True,1000,1000,0,1.0,1.0,1.0,1.0,1.0,1.0
periodic,upstream,b8_n16_duplicates_allowed,8,16,duplicates_allowed,0.1,bitonic,1,largest,False,1000,1000,0,1.0,1.0,1.0,1.0,1.0,1.0
periodic,upstream,b8_n16_duplicates_allowed,8,16,duplicates_allowed,0.1,bitonic,5,largest,False,1000,1000,0,1.0,1.0,1.0,1.0,1.0,1.0
periodic,upstream,b8_n16_duplicates_allowed,8,16,duplicates_allowed,0.1,bitonic,10,largest,False,1000,1000,0,1.0,1.0,1.0,1.0,1.0,1.0
periodic,upstream,b8_n16_duplicates_allowed,8,16,duplicates_allowed,0.1,bitonic,16,largest,True,1000,1000,0,1.0,1.0,1.0,1.0,1.0,1.0
periodic,upstream,b8_n16_duplicates_allowed,8,16,duplicates_allowed,0.1,rank,1,largest,False,1000,1000,0,1.0,1.0,1.0,1.0,1.0,1.0
periodic,upstream,b8_n16_duplicates_allowed,8,16,duplicates_allowed,0.1,rank,5,largest,False,1000,1000,0,1.0,1.0,1.0,1.0,1.0,1.0
periodic,upstream,b8_n16_duplicates_allowed,8,16,duplicates_allowed,0.1,rank,10,largest,False,1000,1000,0,1.0,1.0,1.0,1.0,1.0,1.0
periodic,upstream,b8_n16_duplicates_allowed,8,16,duplicates_allowed,0.1,rank,16,largest,True,1000,1000,0,1.0,1.0,1.0,1.0,1.0,1.0
periodic,upstream,b8_n16_duplicates_allowed,8,16,duplicates_allowed,0.15,bitonic,1,largest,False,1000,1000,0,1.0,1.0,1.0,1.0,1.0,1.0
periodic,upstream,b8_n16_duplicates_allowed,8,16,duplicates_allowed,0.15,bitonic,5,largest,False,1000,1000,0,0.9997999999999999,0.8,0.9997999999999999,0.9997999999999999,0.8,0.9997999999999999
periodic,upstream,b8_n16_duplicates_allowed,8,16,duplicates_allowed,0.15,bitonic,10,largest,False,1000,1000,0,1.0,1.0,1.0,1.0,1.0,1.0
periodic,upstream,b8_n16_duplicates_allowed,8,16,duplicates_allowed,0.15,bitonic,16,largest,True,1000,1000,0,1.0,1.0,1.0,1.0,1.0,1.0
periodic,upstream,b8_n16_duplicates_allowed,8,16,duplicates_allowed,0.15,rank,1,largest,False,1000,1000,0,1.0,1.0,1.0,1.0,1.0,1.0
periodic,upstream,b8_n16_duplicates_allowed,8,16,duplicates_allowed,0.15,rank,5,largest,False,1000,1000,0,1.0,1.0,1.0,1.0,1.0,1.0
periodic,upstream,b8_n16_duplicates_allowed,8,16,duplicates_allowed,0.15,rank,10,largest,False,1000,1000,0,1.0,1.0,1.0,1.0,1.0,1.0
periodic,upstream,b8_n16_duplicates_allowed,8,16,duplicates_allowed,0.15,rank,16,largest,True,1000,1000,0,1.0,1.0,1.0,1.0,1.0,1.0
periodic,upstream,b8_n16_duplicates_allowed,8,16,duplicates_allowed,0.2,bitonic,1,largest,False,1000,1000,0,1.0,1.0,1.0,1.0,1.0,1.0
periodic,upstream,b8_n16_duplicates_allowed,8,16,duplicates_allowed,0.2,bitonic,5,largest,False,1000,1000,0,0.9994,0.8,0.9994,0.9996,0.8,0.9996
periodic,upstream,b8_n16_duplicates_allowed,8,16,duplicates_allowed,0.2,bitonic,10,largest,False,1000,1000,0,1.0,1.0,1.0,1.0,1.0,1.0
periodic,upstream,b8_n16_duplicates_allowed,8,16,duplicates_allowed,0.2,bitonic,16,largest,True,1000,1000,0,1.0,1.0,1.0,1.0,1.0,1.0
periodic,upstream,b8_n16_duplicates_allowed,8,16,duplicates_allowed,0.2,rank,1,largest,False,1000,1000,0,1.0,1.0,1.0,1.0,1.0,1.0
periodic,upstream,b8_n16_duplicates_allowed,8,16,duplicates_allowed,0.2,rank,5,largest,False,1000,1000,0,1.0,1.0,1.0,1.0,1.0,1.0
periodic,upstream,b8_n16_duplicates_allowed,8,16,duplicates_allowed,0.2,rank,10,largest,False,1000,1000,0,1.0,1.0,1.0,1.0,1.0,1.0
periodic,upstream,b8_n16_duplicates_allowed,8,16,duplicates_allowed,0.2,rank,16,largest,True,1000,1000,0,1.0,1.0,1.0,1.0,1.0,1.0
periodic,upstream,b8_n16_duplicates_allowed,8,16,duplicates_allowed,0.25,bitonic,1,largest,False,1000,1000,0,0.999,0.0,0.999,0.999,0.0,0.999
periodic,upstream,b8_n16_duplicates_allowed,8,16,duplicates_allowed,0.25,bitonic,5,largest,False,1000,1000,0,0.9992000000000001,0.8,0.9992000000000001,0.9996,0.8,0.9996
periodic,upstream,b8_n16_duplicates_allowed,8,16,duplicates_allowed,0.25,bitonic,10,largest,False,1000,1000,0,1.0,1.0,1.0,1.0,1.0,1.0
periodic,upstream,b8_n16_duplicates_allowed,8,16,duplicates_allowed,0.25,bitonic,16,largest,True,1000,1000,0,1.0,1.0,1.0,1.0,1.0,1.0
periodic,upstream,b8_n16_duplicates_allowed,8,16,duplicates_allowed,0.25,rank,1,largest,False,1000,1000,0,0.998,0.0,0.998,0.998,0.0,0.998
periodic,upstream,b8_n16_duplicates_allowed,8,16,duplicates_allowed,0.25,rank,5,largest,False,1000,1000,0,0.9994000000000001,0.8,0.9994000000000001,1.0,1.0,1.0
periodic,upstream,b8_n16_duplicates_allowed,8,16,duplicates_allowed,0.25,rank,10,largest,False,1000,1000,0,1.0,1.0,1.0,1.0,1.0,1.0
periodic,upstream,b8_n16_duplicates_allowed,8,16,duplicates_allowed,0.25,rank,16,largest,True,1000,1000,0,1.0,1.0,1.0,1.0,1.0,1.0
periodic,output,b8_n16_duplicates_allowed,8,16,duplicates_allowed,0.0,bitonic,1,largest,False,1000,1000,0,1.0,1.0,1.0,1.0,1.0,1.0
periodic,output,b8_n16_duplicates_allowed,8,16,duplicates_allowed,0.0,bitonic,5,largest,False,1000,1000,0,1.0,1.0,1.0,1.0,1.0,1.0
periodic,output,b8_n16_duplicates_allowed,8,16,duplicates_allowed,0.0,bitonic,10,largest,False,1000,1000,0,1.0,1.0,1.0,1.0,1.0,1.0
periodic,output,b8_n16_duplicates_allowed,8,16,duplicates_allowed,0.0,bitonic,16,largest,True,1000,1000,0,1.0,1.0,1.0,1.0,1.0,1.0
periodic,output,b8_n16_duplicates_allowed,8,16,duplicates_allowed,0.0,rank,1,largest,False,1000,1000,0,1.0,1.0,1.0,1.0,1.0,1.0
periodic,output,b8_n16_duplicates_allowed,8,16,duplicates_allowed,0.0,rank,5,largest,False,1000,1000,0,1.0,1.0,1.0,1.0,1.0,1.0
periodic,output,b8_n16_duplicates_allowed,8,16,duplicates_allowed,0.0,rank,10,largest,False,1000,1000,0,1.0,1.0,1.0,1.0,1.0,1.0
periodic,output,b8_n16_duplicates_allowed,8,16,duplicates_allowed,0.0,rank,16,largest,True,1000,1000,0,1.0,1.0,1.0,1.0,1.0,1.0
periodic,output,b8_n16_duplicates_allowed,8,16,duplicates_allowed,0.05,bitonic,1,largest,False,1000,1000,0,0.991,0.0,0.991,1.0,1.0,1.0
periodic,output,b8_n16_duplicates_allowed,8,16,duplicates_allowed,0.05,bitonic,5,largest,False,1000,1000,0,0.9962000000000001,0.8,0.9962000000000001,1.0,1.0,1.0
periodic,output,b8_n16_duplicates_allowed,8,16,duplicates_allowed,0.05,bitonic,10,largest,False,1000,1000,0,0.9987,0.9,0.9987,1.0,1.0,1.0
periodic,output,b8_n16_duplicates_allowed,8,16,duplicates_allowed,0.05,bitonic,16,largest,True,1000,1000,0,1.0,1.0,1.0,1.0,1.0,1.0
periodic,output,b8_n16_duplicates_allowed,8,16,duplicates_allowed,0.05,rank,1,largest,False,1000,999,1,0.992992992992993,0.0,0.992,1.0,1.0,0.999
periodic,output,b8_n16_duplicates_allowed,8,16,duplicates_allowed,0.05,rank,5,largest,False,1000,999,1,0.9957957957957958,0.8,0.9947999999999999,1.0,1.0,0.999
periodic,output,b8_n16_duplicates_allowed,8,16,duplicates_allowed,0.05,rank,10,largest,False,1000,999,1,0.9987987987987987,0.9,0.9977999999999999,1.0,1.0,0.999
periodic,output,b8_n16_duplicates_allowed,8,16,duplicates_allowed,0.05,rank,16,largest,True,1000,999,1,1.0,1.0,0.999,1.0,1.0,0.999
periodic,output,b8_n16_duplicates_allowed,8,16,duplicates_allowed,0.1,bitonic,1,largest,False,1000,1000,0,0.991,0.0,0.991,1.0,1.0,1.0
periodic,output,b8_n16_duplicates_allowed,8,16,duplicates_allowed,0.1,bitonic,5,largest,False,1000,1000,0,0.9962000000000001,0.8,0.9962000000000001,1.0,1.0,1.0
periodic,output,b8_n16_duplicates_allowed,8,16,duplicates_allowed,0.1,bitonic,10,largest,False,1000,1000,0,0.9987,0.9,0.9987,1.0,1.0,1.0
periodic,output,b8_n16_duplicates_allowed,8,16,duplicates_allowed,0.1,bitonic,16,largest,True,1000,1000,0,1.0,1.0,1.0,1.0,1.0,1.0
periodic,output,b8_n16_duplicates_allowed,8,16,duplicates_allowed,0.1,rank,1,largest,False,1000,999,1,0.992992992992993,0.0,0.992,1.0,1.0,0.999
periodic,output,b8_n16_duplicates_allowed,8,16,duplicates_allowed,0.1,rank,5,largest,False,1000,999,1,0.9957957957957958,0.8,0.9947999999999999,1.0,1.0,0.999
periodic,output,b8_n16_duplicates_allowed,8,16,duplicates_allowed,0.1,rank,10,largest,False,1000,999,1,0.9987987987987987,0.9,0.9977999999999999,1.0,1.0,0.999
periodic,output,b8_n16_duplicates_allowed,8,16,duplicates_allowed,0.1,rank,16,largest,True,1000,999,1,1.0,1.0,0.999,1.0,1.0,0.999
periodic,output,b8_n16_duplicates_allowed,8,16,duplicates_allowed,0.15,bitonic,1,largest,False,1000,1000,0,0.991,0.0,0.991,1.0,1.0,1.0
periodic,output,b8_n16_duplicates_allowed,8,16,duplicates_allowed,0.15,bitonic,5,largest,False,1000,1000,0,0.9962000000000001,0.8,0.9962000000000001,1.0,1.0,1.0
periodic,output,b8_n16_duplicates_allowed,8,16,duplicates_allowed,0.15,bitonic,10,largest,False,1000,1000,0,0.9987,0.9,0.9987,1.0,1.0,1.0
periodic,output,b8_n16_duplicates_allowed,8,16,duplicates_allowed,0.15,bitonic,16,largest,True,1000,1000,0,1.0,1.0,1.0,1.0,1.0,1.0
periodic,output,b8_n16_duplicates_allowed,8,16,duplicates_allowed,0.15,rank,1,largest,False,1000,999,1,0.992992992992993,0.0,0.992,1.0,1.0,0.999
periodic,output,b8_n16_duplicates_allowed,8,16,duplicates_allowed,0.15,rank,5,largest,False,1000,999,1,0.9957957957957958,0.8,0.9947999999999999,1.0,1.0,0.999
periodic,output,b8_n16_duplicates_allowed,8,16,duplicates_allowed,0.15,rank,10,largest,False,1000,999,1,0.9987987987987987,0.9,0.9977999999999999,1.0,1.0,0.999
periodic,output,b8_n16_duplicates_allowed,8,16,duplicates_allowed,0.15,rank,16,largest,True,1000,999,1,1.0,1.0,0.999,1.0,1.0,0.999
periodic,output,b8_n16_duplicates_allowed,8,16,duplicates_allowed,0.2,bitonic,1,largest,False,1000,1000,0,0.991,0.0,0.991,1.0,1.0,1.0
periodic,output,b8_n16_duplicates_allowed,8,16,duplicates_allowed,0.2,bitonic,5,largest,False,1000,1000,0,0.9962000000000001,0.8,0.9962000000000001,1.0,1.0,1.0
periodic,output,b8_n16_duplicates_allowed,8,16,duplicates_allowed,0.2,bitonic,10,largest,False,1000,1000,0,0.9987,0.9,0.9987,1.0,1.0,1.0
periodic,output,b8_n16_duplicates_allowed,8,16,duplicates_allowed,0.2,bitonic,16,largest,True,1000,1000,0,1.0,1.0,1.0,1.0,1.0,1.0
periodic,output,b8_n16_duplicates_allowed,8,16,duplicates_allowed,0.2,rank,1,largest,False,1000,999,1,0.992992992992993,0.0,0.992,1.0,1.0,0.999
periodic,output,b8_n16_duplicates_allowed,8,16,duplicates_allowed,0.2,rank,5,largest,False,1000,999,1,0.9957957957957958,0.8,0.9947999999999999,1.0,1.0,0.999
periodic,output,b8_n16_duplicates_allowed,8,16,duplicates_allowed,0.2,rank,10,largest,False,1000,999,1,0.9987987987987987,0.9,0.9977999999999999,1.0,1.0,0.999
periodic,output,b8_n16_duplicates_allowed,8,16,duplicates_allowed,0.2,rank,16,largest,True,1000,999,1,1.0,1.0,0.999,1.0,1.0,0.999
periodic,output,b8_n16_duplicates_allowed,8,16,duplicates_allowed,0.25,bitonic,1,largest,False,1000,1000,0,0.991,0.0,0.991,1.0,1.0,1.0
periodic,output,b8_n16_duplicates_allowed,8,16,duplicates_allowed,0.25,bitonic,5,largest,False,1000,1000,0,0.9962000000000001,0.8,0.9962000000000001,1.0,1.0,1.0
periodic,output,b8_n16_duplicates_allowed,8,16,duplicates_allowed,0.25,bitonic,10,largest,False,1000,1000,0,0.9987,0.9,0.9987,1.0,1.0,1.0
periodic,output,b8_n16_duplicates_allowed,8,16,duplicates_allowed,0.25,bitonic,16,largest,True,1000,1000,0,1.0,1.0,1.0,1.0,1.0,1.0
periodic,output,b8_n16_duplicates_allowed,8,16,duplicates_allowed,0.25,rank,1,largest,False,1000,999,1,0.992992992992993,0.0,0.992,1.0,1.0,0.999
periodic,output,b8_n16_duplicates_allowed,8,16,duplicates_allowed,0.25,rank,5,largest,False,1000,999,1,0.9957957957957958,0.8,0.9947999999999999,1.0,1.0,0.999
periodic,output,b8_n16_duplicates_allowed,8,16,duplicates_allowed,0.25,rank,10,largest,False,1000,999,1,0.9987987987987987,0.9,0.9977999999999999,1.0,1.0,0.999
periodic,output,b8_n16_duplicates_allowed,8,16,duplicates_allowed,0.25,rank,16,largest,True,1000,999,1,1.0,1.0,0.999,1.0,1.0,0.999
periodic,upstream,b8_n32_distinct,8,32,distinct,0.0,bitonic,1,largest,False,1000,1000,0,1.0,1.0,1.0,1.0,1.0,1.0
periodic,upstream,b8_n32_distinct,8,32,distinct,0.0,bitonic,5,largest,False,1000,1000,0,1.0,1.0,1.0,1.0,1.0,1.0
periodic,upstream,b8_n32_distinct,8,32,distinct,0.0,bitonic,10,largest,False,1000,1000,0,1.0,1.0,1.0,1.0,1.0,1.0
periodic,upstream,b8_n32_distinct,8,32,distinct,0.0,bitonic,32,largest,True,1000,1000,0,1.0,1.0,1.0,1.0,1.0,1.0
periodic,upstream,b8_n32_distinct,8,32,distinct,0.0,rank,1,largest,False,1000,1000,0,1.0,1.0,1.0,1.0,1.0,1.0
periodic,upstream,b8_n32_distinct,8,32,distinct,0.0,rank,5,largest,False,1000,1000,0,1.0,1.0,1.0,1.0,1.0,1.0
periodic,upstream,b8_n32_distinct,8,32,distinct,0.0,rank,10,largest,False,1000,1000,0,1.0,1.0,1.0,1.0,1.0,1.0
periodic,upstream,b8_n32_distinct,8,32,distinct,0.0,rank,32,largest,True,1000,1000,0,1.0,1.0,1.0,1.0,1.0,1.0
periodic,upstream,b8_n32_distinct,8,32,distinct,0.05,bitonic,1,largest,False,1000,1000,0,1.0,1.0,1.0,1.0,1.0,1.0
periodic,upstream,b8_n32_distinct,8,32,distinct,0.05,bitonic,5,largest,False,1000,1000,0,1.0,1.0,1.0,1.0,1.0,1.0
periodic,upstream,b8_n32_distinct,8,32,distinct,0.05,bitonic,10,largest,False,1000,1000,0,1.0,1.0,1.0,1.0,1.0,1.0
periodic,upstream,b8_n32_distinct,8,32,distinct,0.05,bitonic,32,largest,True,1000,1000,0,1.0,1.0,1.0,1.0,1.0,1.0
periodic,upstream,b8_n32_distinct,8,32,distinct,0.05,rank,1,largest,False,1000,1000,0,1.0,1.0,1.0,1.0,1.0,1.0
periodic,upstream,b8_n32_distinct,8,32,distinct,0.05,rank,5,largest,False,1000,1000,0,1.0,1.0,1.0,1.0,1.0,1.0
periodic,upstream,b8_n32_distinct,8,32,distinct,0.05,rank,10,largest,False,1000,1000,0,1.0,1.0,1.0,1.0,1.0,1.0
periodic,upstream,b8_n32_distinct,8,32,distinct,0.05,rank,32,largest,True,1000,1000,0,1.0,1.0,1.0,1.0,1.0,1.0
periodic,upstream,b8_n32_distinct,8,32,distinct,0.1,bitonic,1,largest,False,1000,1000,0,1.0,1.0,1.0,1.0,1.0,1.0
periodic,upstream,b8_n32_distinct,8,32,distinct,0.1,bitonic,5,largest,False,1000,1000,0,1.0,1.0,1.0,1.0,1.0,1.0
periodic,upstream,b8_n32_distinct,8,32,distinct,0.1,bitonic,10,largest,False,1000,1000,0,1.0,1.0,1.0,1.0,1.0,1.0
periodic,upstream,b8_n32_distinct,8,32,distinct,0.1,bitonic,32,largest,True,1000,1000,0,1.0,1.0,1.0,1.0,1.0,1.0
periodic,upstream,b8_n32_distinct,8,32,distinct,0.1,rank,1,largest,False,1000,1000,0,1.0,1.0,1.0,1.0,1.0,1.0
periodic,upstream,b8_n32_distinct,8,32,distinct,0.1,rank,5,largest,False,1000,1000,0,1.0,1.0,1.0,1.0,1.0,1.0
periodic,upstream,b8_n32_distinct,8,32,distinct,0.1,rank,10,largest,False,1000,1000,0,1.0,1.0,1.0,1.0,1.0,1.0
periodic,upstream,b8_n32_distinct,8,32,distinct,0.1,rank,32,largest,True,1000,1000,0,1.0,1.0,1.0,1.0,1.0,1.0
periodic,upstream,b8_n32_distinct,8,32,distinct,0.15,bitonic,1,largest,False,1000,1000,0,1.0,1.0,1.0,1.0,1.0,1.0
periodic,upstream,b8_n32_distinct,8,32,distinct,0.15,bitonic,5,largest,False,1000,1000,0,1.0,1.0,1.0,1.0,1.0,1.0
periodic,upstream,b8_n32_distinct,8,32,distinct,0.15,bitonic,10,largest,False,1000,1000,0,1.0,1.0,1.0,1.0,1.0,1.0
periodic,upstream,b8_n32_distinct,8,32,distinct,0.15,bitonic,32,largest,True,1000,1000,0,1.0,1.0,1.0,1.0,1.0,1.0
periodic,upstream,b8_n32_distinct,8,32,distinct,0.15,rank,1,largest,False,1000,1000,0,1.0,1.0,1.0,1.0,1.0,1.0
periodic,upstream,b8_n32_distinct,8,32,distinct,0.15,rank,5,largest,False,1000,1000,0,1.0,1.0,1.0,1.0,1.0,1.0
periodic,upstream,b8_n32_distinct,8,32,distinct,0.15,rank,10,largest,False,1000,1000,0,1.0,1.0,1.0,1.0,1.0,1.0
periodic,upstream,b8_n32_distinct,8,32,distinct,0.15,rank,32,largest,True,1000,1000,0,1.0,1.0,1.0,1.0,1.0,1.0
periodic,upstream,b8_n32_distinct,8,32,distinct,0.2,bitonic,1,largest,False,1000,1000,0,1.0,1.0,1.0,1.0,1.0,1.0
periodic,upstream,b8_n32_distinct,8,32,distinct,0.2,bitonic,5,largest,False,1000,1000,0,1.0,1.0,1.0,1.0,1.0,1.0
periodic,upstream,b8_n32_distinct,8,32,distinct,0.2,bitonic,10,largest,False,1000,1000,0,1.0,1.0,1.0,1.0,1.0,1.0
periodic,upstream,b8_n32_distinct,8,32,distinct,0.2,bitonic,32,largest,True,1000,1000,0,1.0,1.0,1.0,1.0,1.0,1.0
periodic,upstream,b8_n32_distinct,8,32,distinct,0.2,rank,1,largest,False,1000,1000,0,1.0,1.0,1.0,1.0,1.0,1.0
periodic,upstream,b8_n32_distinct,8,32,distinct,0.2,rank,5,largest,False,1000,1000,0,0.9997999999999999,0.8,0.9997999999999999,0.9997999999999999,0.8,0.9997999999999999
periodic,upstream,b8_n32_distinct,8,32,distinct,0.2,rank,10,largest,False,1000,1000,0,1.0,1.0,1.0,1.0,1.0,1.0
periodic,upstream,b8_n32_distinct,8,32,distinct,0.2,rank,32,largest,True,1000,1000,0,1.0,1.0,1.0,1.0,1.0,1.0
periodic,upstream,b8_n32_distinct,8,32,distinct,0.25,bitonic,1,largest,False,1000,1000,0,0.999,0.0,0.999,0.999,0.0,0.999
periodic,upstream,b8_n32_distinct,8,32,distinct,0.25,bitonic,5,largest,False,1000,1000,0,0.9997999999999999,0.8,0.9997999999999999,0.9997999999999999,0.8,0.9997999999999999
periodic,upstream,b8_n32_distinct,8,32,distinct,0.25,bitonic,10,largest,False,1000,1000,0,0.9999,0.9,0.9999,0.9999,0.9,0.9999
periodic,upstream,b8_n32_distinct,8,32,distinct,0.25,bitonic,32,largest,True,1000,1000,0,1.0,1.0,1.0,1.0,1.0,1.0
periodic,upstream,b8_n32_distinct,8,32,distinct,0.25,rank,1,largest,False,1000,1000,0,0.997,0.0,0.997,0.997,0.0,0.997
periodic,upstream,b8_n32_distinct,8,32,distinct,0.25,rank,5,largest,False,1000,1000,0,0.9994000000000001,0.8,0.9994000000000001,0.9994000000000001,0.8,0.9994000000000001
periodic,upstream,b8_n32_distinct,8,32,distinct,0.25,rank,10,largest,False,1000,1000,0,1.0,1.0,1.0,1.0,1.0,1.0
periodic,upstream,b8_n32_distinct,8,32,distinct,0.25,rank,32,largest,True,1000,1000,0,1.0,1.0,1.0,1.0,1.0,1.0
periodic,output,b8_n32_distinct,8,32,distinct,0.0,bitonic,1,largest,False,1000,1000,0,1.0,1.0,1.0,1.0,1.0,1.0
periodic,output,b8_n32_distinct,8,32,distinct,0.0,bitonic,5,largest,False,1000,1000,0,1.0,1.0,1.0,1.0,1.0,1.0
periodic,output,b8_n32_distinct,8,32,distinct,0.0,bitonic,10,largest,False,1000,1000,0,1.0,1.0,1.0,1.0,1.0,1.0
periodic,output,b8_n32_distinct,8,32,distinct,0.0,bitonic,32,largest,True,1000,1000,0,1.0,1.0,1.0,1.0,1.0,1.0
periodic,output,b8_n32_distinct,8,32,distinct,0.0,rank,1,largest,False,1000,1000,0,1.0,1.0,1.0,1.0,1.0,1.0
periodic,output,b8_n32_distinct,8,32,distinct,0.0,rank,5,largest,False,1000,1000,0,1.0,1.0,1.0,1.0,1.0,1.0
periodic,output,b8_n32_distinct,8,32,distinct,0.0,rank,10,largest,False,1000,1000,0,1.0,1.0,1.0,1.0,1.0,1.0
periodic,output,b8_n32_distinct,8,32,distinct,0.0,rank,32,largest,True,1000,1000,0,1.0,1.0,1.0,1.0,1.0,1.0
periodic,output,b8_n32_distinct,8,32,distinct,0.05,bitonic,1,largest,False,1000,1000,0,1.0,1.0,1.0,1.0,1.0,1.0
periodic,output,b8_n32_distinct,8,32,distinct,0.05,bitonic,5,largest,False,1000,1000,0,1.0,1.0,1.0,1.0,1.0,1.0
periodic,output,b8_n32_distinct,8,32,distinct,0.05,bitonic,10,largest,False,1000,1000,0,1.0,1.0,1.0,1.0,1.0,1.0
periodic,output,b8_n32_distinct,8,32,distinct,0.05,bitonic,32,largest,True,1000,1000,0,1.0,1.0,1.0,1.0,1.0,1.0
periodic,output,b8_n32_distinct,8,32,distinct,0.05,rank,1,largest,False,1000,1000,0,1.0,1.0,1.0,1.0,1.0,1.0
periodic,output,b8_n32_distinct,8,32,distinct,0.05,rank,5,largest,False,1000,1000,0,1.0,1.0,1.0,1.0,1.0,1.0
periodic,output,b8_n32_distinct,8,32,distinct,0.05,rank,10,largest,False,1000,1000,0,1.0,1.0,1.0,1.0,1.0,1.0
periodic,output,b8_n32_distinct,8,32,distinct,0.05,rank,32,largest,True,1000,1000,0,1.0,1.0,1.0,1.0,1.0,1.0
periodic,output,b8_n32_distinct,8,32,distinct,0.1,bitonic,1,largest,False,1000,1000,0,1.0,1.0,1.0,1.0,1.0,1.0
periodic,output,b8_n32_distinct,8,32,distinct,0.1,bitonic,5,largest,False,1000,1000,0,1.0,1.0,1.0,1.0,1.0,1.0
periodic,output,b8_n32_distinct,8,32,distinct,0.1,bitonic,10,largest,False,1000,1000,0,1.0,1.0,1.0,1.0,1.0,1.0
periodic,output,b8_n32_distinct,8,32,distinct,0.1,bitonic,32,largest,True,1000,1000,0,1.0,1.0,1.0,1.0,1.0,1.0
periodic,output,b8_n32_distinct,8,32,distinct,0.1,rank,1,largest,False,1000,1000,0,1.0,1.0,1.0,1.0,1.0,1.0
periodic,output,b8_n32_distinct,8,32,distinct,0.1,rank,5,largest,False,1000,1000,0,1.0,1.0,1.0,1.0,1.0,1.0
periodic,output,b8_n32_distinct,8,32,distinct,0.1,rank,10,largest,False,1000,1000,0,1.0,1.0,1.0,1.0,1.0,1.0
periodic,output,b8_n32_distinct,8,32,distinct,0.1,rank,32,largest,True,1000,1000,0,1.0,1.0,1.0,1.0,1.0,1.0
periodic,output,b8_n32_distinct,8,32,distinct,0.15,bitonic,1,largest,False,1000,1000,0,1.0,1.0,1.0,1.0,1.0,1.0
periodic,output,b8_n32_distinct,8,32,distinct,0.15,bitonic,5,largest,False,1000,1000,0,1.0,1.0,1.0,1.0,1.0,1.0
periodic,output,b8_n32_distinct,8,32,distinct,0.15,bitonic,10,largest,False,1000,1000,0,1.0,1.0,1.0,1.0,1.0,1.0
periodic,output,b8_n32_distinct,8,32,distinct,0.15,bitonic,32,largest,True,1000,1000,0,1.0,1.0,1.0,1.0,1.0,1.0
periodic,output,b8_n32_distinct,8,32,distinct,0.15,rank,1,largest,False,1000,1000,0,1.0,1.0,1.0,1.0,1.0,1.0
periodic,output,b8_n32_distinct,8,32,distinct,0.15,rank,5,largest,False,1000,1000,0,1.0,1.0,1.0,1.0,1.0,1.0
periodic,output,b8_n32_distinct,8,32,distinct,0.15,rank,10,largest,False,1000,1000,0,1.0,1.0,1.0,1.0,1.0,1.0
periodic,output,b8_n32_distinct,8,32,distinct,0.15,rank,32,largest,True,1000,1000,0,1.0,1.0,1.0,1.0,1.0,1.0
periodic,output,b8_n32_distinct,8,32,distinct,0.2,bitonic,1,largest,False,1000,1000,0,1.0,1.0,1.0,1.0,1.0,1.0
periodic,output,b8_n32_distinct,8,32,distinct,0.2,bitonic,5,largest,False,1000,1000,0,1.0,1.0,1.0,1.0,1.0,1.0
periodic,output,b8_n32_distinct,8,32,distinct,0.2,bitonic,10,largest,False,1000,1000,0,1.0,1.0,1.0,1.0,1.0,1.0
periodic,output,b8_n32_distinct,8,32,distinct,0.2,bitonic,32,largest,True,1000,1000,0,1.0,1.0,1.0,1.0,1.0,1.0
periodic,output,b8_n32_distinct,8,32,distinct,0.2,rank,1,largest,False,1000,1000,0,1.0,1.0,1.0,1.0,1.0,1.0
periodic,output,b8_n32_distinct,8,32,distinct,0.2,rank,5,largest,False,1000,1000,0,1.0,1.0,1.0,1.0,1.0,1.0
periodic,output,b8_n32_distinct,8,32,distinct,0.2,rank,10,largest,False,1000,1000,0,1.0,1.0,1.0,1.0,1.0,1.0
periodic,output,b8_n32_distinct,8,32,distinct,0.2,rank,32,largest,True,1000,1000,0,1.0,1.0,1.0,1.0,1.0,1.0
periodic,output,b8_n32_distinct,8,32,distinct,0.25,bitonic,1,largest,False,1000,1000,0,1.0,1.0,1.0,1.0,1.0,1.0
periodic,output,b8_n32_distinct,8,32,distinct,0.25,bitonic,5,largest,False,1000,1000,0,1.0,1.0,1.0,1.0,1.0,1.0
periodic,output,b8_n32_distinct,8,32,distinct,0.25,bitonic,10,largest,False,1000,1000,0,1.0,1.0,1.0,1.0,1.0,1.0
periodic,output,b8_n32_distinct,8,32,distinct,0.25,bitonic,32,largest,True,1000,1000,0,1.0,1.0,1.0,1.0,1.0,1.0
periodic,output,b8_n32_distinct,8,32,distinct,0.25,rank,1,largest,False,1000,1000,0,1.0,1.0,1.0,1.0,1.0,1.0
periodic,output,b8_n32_distinct,8,32,distinct,0.25,rank,5,largest,False,1000,1000,0,1.0,1.0,1.0,1.0,1.0,1.0
periodic,output,b8_n32_distinct,8,32,distinct,0.25,rank,10,largest,False,1000,1000,0,1.0,1.0,1.0,1.0,1.0,1.0
periodic,output,b8_n32_distinct,8,32,distinct,0.25,rank,32,largest,True,1000,1000,0,1.0,1.0,1.0,1.0,1.0,1.0
periodic,upstream,b8_n32_duplicates_allowed,8,32,duplicates_allowed,0.0,bitonic,1,largest,False,1000,1000,0,1.0,1.0,1.0,1.0,1.0,1.0
periodic,upstream,b8_n32_duplicates_allowed,8,32,duplicates_allowed,0.0,bitonic,5,largest,False,1000,1000,0,1.0,1.0,1.0,1.0,1.0,1.0
periodic,upstream,b8_n32_duplicates_allowed,8,32,duplicates_allowed,0.0,bitonic,10,largest,False,1000,1000,0,1.0,1.0,1.0,1.0,1.0,1.0
periodic,upstream,b8_n32_duplicates_allowed,8,32,duplicates_allowed,0.0,bitonic,32,largest,True,1000,1000,0,1.0,1.0,1.0,1.0,1.0,1.0
periodic,upstream,b8_n32_duplicates_allowed,8,32,duplicates_allowed,0.0,rank,1,largest,False,1000,1000,0,1.0,1.0,1.0,1.0,1.0,1.0
periodic,upstream,b8_n32_duplicates_allowed,8,32,duplicates_allowed,0.0,rank,5,largest,False,1000,1000,0,1.0,1.0,1.0,1.0,1.0,1.0
periodic,upstream,b8_n32_duplicates_allowed,8,32,duplicates_allowed,0.0,rank,10,largest,False,1000,1000,0,1.0,1.0,1.0,1.0,1.0,1.0
periodic,upstream,b8_n32_duplicates_allowed,8,32,duplicates_allowed,0.0,rank,32,largest,True,1000,1000,0,1.0,1.0,1.0,1.0,1.0,1.0
periodic,upstream,b8_n32_duplicates_allowed,8,32,duplicates_allowed,0.05,bitonic,1,largest,False,1000,1000,0,1.0,1.0,1.0,1.0,1.0,1.0
periodic,upstream,b8_n32_duplicates_allowed,8,32,duplicates_allowed,0.05,bitonic,5,largest,False,1000,1000,0,1.0,1.0,1.0,1.0,1.0,1.0
periodic,upstream,b8_n32_duplicates_allowed,8,32,duplicates_allowed,0.05,bitonic,10,largest,False,1000,1000,0,1.0,1.0,1.0,1.0,1.0,1.0
periodic,upstream,b8_n32_duplicates_allowed,8,32,duplicates_allowed,0.05,bitonic,32,largest,True,1000,1000,0,1.0,1.0,1.0,1.0,1.0,1.0
periodic,upstream,b8_n32_duplicates_allowed,8,32,duplicates_allowed,0.05,rank,1,largest,False,1000,1000,0,1.0,1.0,1.0,1.0,1.0,1.0
periodic,upstream,b8_n32_duplicates_allowed,8,32,duplicates_allowed,0.05,rank,5,largest,False,1000,1000,0,1.0,1.0,1.0,1.0,1.0,1.0
periodic,upstream,b8_n32_duplicates_allowed,8,32,duplicates_allowed,0.05,rank,10,largest,False,1000,1000,0,1.0,1.0,1.0,1.0,1.0,1.0
periodic,upstream,b8_n32_duplicates_allowed,8,32,duplicates_allowed,0.05,rank,32,largest,True,1000,1000,0,1.0,1.0,1.0,1.0,1.0,1.0
periodic,upstream,b8_n32_duplicates_allowed,8,32,duplicates_allowed,0.1,bitonic,1,largest,False,1000,1000,0,1.0,1.0,1.0,1.0,1.0,1.0
periodic,upstream,b8_n32_duplicates_allowed,8,32,duplicates_allowed,0.1,bitonic,5,largest,False,1000,1000,0,1.0,1.0,1.0,1.0,1.0,1.0
periodic,upstream,b8_n32_duplicates_allowed,8,32,duplicates_allowed,0.1,bitonic,10,largest,False,1000,1000,0,1.0,1.0,1.0,1.0,1.0,1.0
periodic,upstream,b8_n32_duplicates_allowed,8,32,duplicates_allowed,0.1,bitonic,32,largest,True,1000,1000,0,1.0,1.0,1.0,1.0,1.0,1.0
periodic,upstream,b8_n32_duplicates_allowed,8,32,duplicates_allowed,0.1,rank,1,largest,False,1000,1000,0,1.0,1.0,1.0,1.0,1.0,1.0
periodic,upstream,b8_n32_duplicates_allowed,8,32,duplicates_allowed,0.1,rank,5,largest,False,1000,1000,0,1.0,1.0,1.0,1.0,1.0,1.0
periodic,upstream,b8_n32_duplicates_allowed,8,32,duplicates_allowed,0.1,rank,10,largest,False,1000,1000,0,1.0,1.0,1.0,1.0,1.0,1.0
periodic,upstream,b8_n32_duplicates_allowed,8,32,duplicates_allowed,0.1,rank,32,largest,True,1000,1000,0,1.0,1.0,1.0,1.0,1.0,1.0
periodic,upstream,b8_n32_duplicates_allowed,8,32,duplicates_allowed,0.15,bitonic,1,largest,False,1000,1000,0,1.0,1.0,1.0,1.0,1.0,1.0
periodic,upstream,b8_n32_duplicates_allowed,8,32,duplicates_allowed,0.15,bitonic,5,largest,False,1000,1000,0,1.0,1.0,1.0,1.0,1.0,1.0
periodic,upstream,b8_n32_duplicates_allowed,8,32,duplicates_allowed,0.15,bitonic,10,largest,False,1000,1000,0,1.0,1.0,1.0,1.0,1.0,1.0
periodic,upstream,b8_n32_duplicates_allowed,8,32,duplicates_allowed,0.15,bitonic,32,largest,True,1000,1000,0,1.0,1.0,1.0,1.0,1.0,1.0
periodic,upstream,b8_n32_duplicates_allowed,8,32,duplicates_allowed,0.15,rank,1,largest,False,1000,1000,0,1.0,1.0,1.0,1.0,1.0,1.0
periodic,upstream,b8_n32_duplicates_allowed,8,32,duplicates_allowed,0.15,rank,5,largest,False,1000,1000,0,1.0,1.0,1.0,1.0,1.0,1.0
periodic,upstream,b8_n32_duplicates_allowed,8,32,duplicates_allowed,0.15,rank,10,largest,False,1000,1000,0,1.0,1.0,1.0,1.0,1.0,1.0
periodic,upstream,b8_n32_duplicates_allowed,8,32,duplicates_allowed,0.15,rank,32,largest,True,1000,1000,0,1.0,1.0,1.0,1.0,1.0,1.0
periodic,upstream,b8_n32_duplicates_allowed,8,32,duplicates_allowed,0.2,bitonic,1,largest,False,1000,1000,0,0.999,0.0,0.999,0.999,0.0,0.999
periodic,upstream,b8_n32_duplicates_allowed,8,32,duplicates_allowed,0.2,bitonic,5,largest,False,1000,1000,0,0.9997999999999999,0.8,0.9997999999999999,0.9997999999999999,0.8,0.9997999999999999
periodic,upstream,b8_n32_duplicates_allowed,8,32,duplicates_allowed,0.2,bitonic,10,largest,False,1000,1000,0,1.0,1.0,1.0,1.0,1.0,1.0
periodic,upstream,b8_n32_duplicates_allowed,8,32,duplicates_allowed,0.2,bitonic,32,largest,True,1000,1000,0,1.0,1.0,1.0,1.0,1.0,1.0
periodic,upstream,b8_n32_duplicates_allowed,8,32,duplicates_allowed,0.2,rank,1,largest,False,1000,998,2,0.998997995991984,0.0,0.997,1.0,1.0,0.998
periodic,upstream,b8_n32_duplicates_allowed,8,32,duplicates_allowed,0.2,rank,5,largest,False,1000,998,2,1.0,1.0,0.998,1.0,1.0,0.998
periodic,upstream,b8_n32_duplicates_allowed,8,32,duplicates_allowed,0.2,rank,10,largest,False,1000,998,2,0.9998997995991984,0.9,0.9979,0.9998997995991984,0.9,0.9979
periodic,upstream,b8_n32_duplicates_allowed,8,32,duplicates_allowed,0.2,rank,32,largest,True,1000,998,2,1.0,1.0,0.998,1.0,1.0,0.998
periodic,upstream,b8_n32_duplicates_allowed,8,32,duplicates_allowed,0.25,bitonic,1,largest,False,1000,1000,0,0.997,0.0,0.997,0.997,0.0,0.997
periodic,upstream,b8_n32_duplicates_allowed,8,32,duplicates_allowed,0.25,bitonic,5,largest,False,1000,1000,0,0.9996,0.8,0.9996,0.9997999999999999,0.8,0.9997999999999999
periodic,upstream,b8_n32_duplicates_allowed,8,32,duplicates_allowed,0.25,bitonic,10,largest,False,1000,1000,0,0.9997,0.9,0.9997,0.9999,0.9,0.9999
periodic,upstream,b8_n32_duplicates_allowed,8,32,duplicates_allowed,0.25,bitonic,32,largest,True,1000,1000,0,1.0,1.0,1.0,1.0,1.0,1.0
periodic,upstream,b8_n32_duplicates_allowed,8,32,duplicates_allowed,0.25,rank,1,largest,False,1000,993,7,0.9949647532729103,0.0,0.988,0.9969788519637462,0.0,0.99
periodic,upstream,b8_n32_duplicates_allowed,8,32,duplicates_allowed,0.25,rank,5,largest,False,1000,993,7,1.0,1.0,0.993,1.0,1.0,0.993
periodic,upstream,b8_n32_duplicates_allowed,8,32,duplicates_allowed,0.25,rank,10,largest,False,1000,993,7,0.9996978851963747,0.9,0.9927,0.9997985901309163,0.9,0.9927999999999999
periodic,upstream,b8_n32_duplicates_allowed,8,32,duplicates_allowed,0.25,rank,32,largest,True,1000,993,7,1.0,1.0,0.993,1.0,1.0,0.993
periodic,output,b8_n32_duplicates_allowed,8,32,duplicates_allowed,0.0,bitonic,1,largest,False,1000,1000,0,1.0,1.0,1.0,1.0,1.0,1.0
periodic,output,b8_n32_duplicates_allowed,8,32,duplicates_allowed,0.0,bitonic,5,largest,False,1000,1000,0,1.0,1.0,1.0,1.0,1.0,1.0
periodic,output,b8_n32_duplicates_allowed,8,32,duplicates_allowed,0.0,bitonic,10,largest,False,1000,1000,0,1.0,1.0,1.0,1.0,1.0,1.0
periodic,output,b8_n32_duplicates_allowed,8,32,duplicates_allowed,0.0,bitonic,32,largest,True,1000,1000,0,1.0,1.0,1.0,1.0,1.0,1.0
periodic,output,b8_n32_duplicates_allowed,8,32,duplicates_allowed,0.0,rank,1,largest,False,1000,1000,0,1.0,1.0,1.0,1.0,1.0,1.0
periodic,output,b8_n32_duplicates_allowed,8,32,duplicates_allowed,0.0,rank,5,largest,False,1000,1000,0,1.0,1.0,1.0,1.0,1.0,1.0
periodic,output,b8_n32_duplicates_allowed,8,32,duplicates_allowed,0.0,rank,10,largest,False,1000,1000,0,1.0,1.0,1.0,1.0,1.0,1.0
periodic,output,b8_n32_duplicates_allowed,8,32,duplicates_allowed,0.0,rank,32,largest,True,1000,1000,0,1.0,1.0,1.0,1.0,1.0,1.0
periodic,output,b8_n32_duplicates_allowed,8,32,duplicates_allowed,0.05,bitonic,1,largest,False,1000,1000,0,0.967,0.0,0.967,1.0,1.0,1.0
periodic,output,b8_n32_duplicates_allowed,8,32,duplicates_allowed,0.05,bitonic,5,largest,False,1000,1000,0,0.9948,0.8,0.9948,1.0,1.0,1.0
periodic,output,b8_n32_duplicates_allowed,8,32,duplicates_allowed,0.05,bitonic,10,largest,False,1000,1000,0,0.996,0.9,0.996,1.0,1.0,1.0
periodic,output,b8_n32_duplicates_allowed,8,32,duplicates_allowed,0.05,bitonic,32,largest,True,1000,1000,0,1.0,1.0,1.0,1.0,1.0,1.0
periodic,output,b8_n32_duplicates_allowed,8,32,duplicates_allowed,0.05,rank,1,largest,False,1000,982,18,0.9714867617107943,0.0,0.954,1.0,1.0,0.982
periodic,output,b8_n32_duplicates_allowed,8,32,duplicates_allowed,0.05,rank,5,largest,False,1000,982,18,0.9945010183299388,0.8,0.9766,1.0,1.0,0.982
periodic,output,b8_n32_duplicates_allowed,8,32,duplicates_allowed,0.05,rank,10,largest,False,1000,982,18,0.9965376782077393,0.9,0.9785999999999999,1.0,1.0,0.982
periodic,output,b8_n32_duplicates_allowed,8,32,duplicates_allowed,0.05,rank,32,largest,True,1000,982,18,1.0,1.0,0.982,1.0,1.0,0.982
periodic,output,b8_n32_duplicates_allowed,8,32,duplicates_allowed,0.1,bitonic,1,largest,False,1000,1000,0,0.967,0.0,0.967,1.0,1.0,1.0
periodic,output,b8_n32_duplicates_allowed,8,32,duplicates_allowed,0.1,bitonic,5,largest,False,1000,1000,0,0.9948,0.8,0.9948,1.0,1.0,1.0
periodic,output,b8_n32_duplicates_allowed,8,32,duplicates_allowed,0.1,bitonic,10,largest,False,1000,1000,0,0.996,0.9,0.996,1.0,1.0,1.0
periodic,output,b8_n32_duplicates_allowed,8,32,duplicates_allowed,0.1,bitonic,32,largest,True,1000,1000,0,1.0,1.0,1.0,1.0,1.0,1.0
periodic,output,b8_n32_duplicates_allowed,8,32,duplicates_allowed,0.1,rank,1,largest,False,1000,982,18,0.9714867617107943,0.0,0.954,1.0,1.0,0.982
periodic,output,b8_n32_duplicates_allowed,8,32,duplicates_allowed,0.1,rank,5,largest,False,1000,982,18,0.9945010183299388,0.8,0.9766,1.0,1.0,0.982
periodic,output,b8_n32_duplicates_allowed,8,32,duplicates_allowed,0.1,rank,10,largest,False,1000,982,18,0.9965376782077393,0.9,0.9785999999999999,1.0,1.0,0.982
periodic,output,b8_n32_duplicates_allowed,8,32,duplicates_allowed,0.1,rank,32,largest,True,1000,982,18,1.0,1.0,0.982,1.0,1.0,0.982
periodic,output,b8_n32_duplicates_allowed,8,32,duplicates_allowed,0.15,bitonic,1,largest,False,1000,1000,0,0.967,0.0,0.967,1.0,1.0,1.0
periodic,output,b8_n32_duplicates_allowed,8,32,duplicates_allowed,0.15,bitonic,5,largest,False,1000,1000,0,0.9948,0.8,0.9948,1.0,1.0,1.0
periodic,output,b8_n32_duplicates_allowed,8,32,duplicates_allowed,0.15,bitonic,10,largest,False,1000,1000,0,0.996,0.9,0.996,1.0,1.0,1.0
periodic,output,b8_n32_duplicates_allowed,8,32,duplicates_allowed,0.15,bitonic,32,largest,True,1000,1000,0,1.0,1.0,1.0,1.0,1.0,1.0
periodic,output,b8_n32_duplicates_allowed,8,32,duplicates_allowed,0.15,rank,1,largest,False,1000,982,18,0.9714867617107943,0.0,0.954,1.0,1.0,0.982
periodic,output,b8_n32_duplicates_allowed,8,32,duplicates_allowed,0.15,rank,5,largest,False,1000,982,18,0.9945010183299388,0.8,0.9766,1.0,1.0,0.982
periodic,output,b8_n32_duplicates_allowed,8,32,duplicates_allowed,0.15,rank,10,largest,False,1000,982,18,0.9965376782077393,0.9,0.9785999999999999,1.0,1.0,0.982
periodic,output,b8_n32_duplicates_allowed,8,32,duplicates_allowed,0.15,rank,32,largest,True,1000,982,18,1.0,1.0,0.982,1.0,1.0,0.982
periodic,output,b8_n32_duplicates_allowed,8,32,duplicates_allowed,0.2,bitonic,1,largest,False,1000,1000,0,0.967,0.0,0.967,1.0,1.0,1.0
periodic,output,b8_n32_duplicates_allowed,8,32,duplicates_allowed,0.2,bitonic,5,largest,False,1000,1000,0,0.9948,0.8,0.9948,1.0,1.0,1.0
periodic,output,b8_n32_duplicates_allowed,8,32,duplicates_allowed,0.2,bitonic,10,largest,False,1000,1000,0,0.996,0.9,0.996,1.0,1.0,1.0
periodic,output,b8_n32_duplicates_allowed,8,32,duplicates_allowed,0.2,bitonic,32,largest,True,1000,1000,0,1.0,1.0,1.0,1.0,1.0,1.0
periodic,output,b8_n32_duplicates_allowed,8,32,duplicates_allowed,0.2,rank,1,largest,False,1000,982,18,0.9714867617107943,0.0,0.954,1.0,1.0,0.982
periodic,output,b8_n32_duplicates_allowed,8,32,duplicates_allowed,0.2,rank,5,largest,False,1000,982,18,0.9945010183299388,0.8,0.9766,1.0,1.0,0.982
periodic,output,b8_n32_duplicates_allowed,8,32,duplicates_allowed,0.2,rank,10,largest,False,1000,982,18,0.9965376782077393,0.9,0.9785999999999999,1.0,1.0,0.982
periodic,output,b8_n32_duplicates_allowed,8,32,duplicates_allowed,0.2,rank,32,largest,True,1000,982,18,1.0,1.0,0.982,1.0,1.0,0.982
periodic,output,b8_n32_duplicates_allowed,8,32,duplicates_allowed,0.25,bitonic,1,largest,False,1000,1000,0,0.967,0.0,0.967,1.0,1.0,1.0
periodic,output,b8_n32_duplicates_allowed,8,32,duplicates_allowed,0.25,bitonic,5,largest,False,1000,1000,0,0.9948,0.8,0.9948,1.0,1.0,1.0
periodic,output,b8_n32_duplicates_allowed,8,32,duplicates_allowed,0.25,bitonic,10,largest,False,1000,1000,0,0.996,0.9,0.996,1.0,1.0,1.0
periodic,output,b8_n32_duplicates_allowed,8,32,duplicates_allowed,0.25,bitonic,32,largest,True,1000,1000,0,1.0,1.0,1.0,1.0,1.0,1.0
periodic,output,b8_n32_duplicates_allowed,8,32,duplicates_allowed,0.25,rank,1,largest,False,1000,982,18,0.9714867617107943,0.0,0.954,1.0,1.0,0.982
periodic,output,b8_n32_duplicates_allowed,8,32,duplicates_allowed,0.25,rank,5,largest,False,1000,982,18,0.9945010183299388,0.8,0.9766,1.0,1.0,0.982
periodic,output,b8_n32_duplicates_allowed,8,32,duplicates_allowed,0.25,rank,10,largest,False,1000,982,18,0.9965376782077393,0.9,0.9785999999999999,1.0,1.0,0.982
periodic,output,b8_n32_duplicates_allowed,8,32,duplicates_allowed,0.25,rank,32,largest,True,1000,982,18,1.0,1.0,0.982,1.0,1.0,0.982
periodic,upstream,b8_n64_distinct,8,64,distinct,0.0,bitonic,1,largest,False,1000,1000,0,1.0,1.0,1.0,1.0,1.0,1.0
periodic,upstream,b8_n64_distinct,8,64,distinct,0.0,bitonic,5,largest,False,1000,1000,0,1.0,1.0,1.0,1.0,1.0,1.0
periodic,upstream,b8_n64_distinct,8,64,distinct,0.0,bitonic,10,largest,False,1000,1000,0,1.0,1.0,1.0,1.0,1.0,1.0
periodic,upstream,b8_n64_distinct,8,64,distinct,0.0,bitonic,32,largest,False,1000,1000,0,1.0,1.0,1.0,1.0,1.0,1.0
periodic,upstream,b8_n64_distinct,8,64,distinct,0.0,bitonic,64,largest,True,1000,1000,0,1.0,1.0,1.0,1.0,1.0,1.0
periodic,upstream,b8_n64_distinct,8,64,distinct,0.0,rank,1,largest,False,1000,1000,0,1.0,1.0,1.0,1.0,1.0,1.0
periodic,upstream,b8_n64_distinct,8,64,distinct,0.0,rank,5,largest,False,1000,1000,0,1.0,1.0,1.0,1.0,1.0,1.0
periodic,upstream,b8_n64_distinct,8,64,distinct,0.0,rank,10,largest,False,1000,1000,0,1.0,1.0,1.0,1.0,1.0,1.0
periodic,upstream,b8_n64_distinct,8,64,distinct,0.0,rank,32,largest,False,1000,1000,0,1.0,1.0,1.0,1.0,1.0,1.0
periodic,upstream,b8_n64_distinct,8,64,distinct,0.0,rank,64,largest,True,1000,1000,0,1.0,1.0,1.0,1.0,1.0,1.0
periodic,upstream,b8_n64_distinct,8,64,distinct,0.05,bitonic,1,largest,False,1000,1000,0,1.0,1.0,1.0,1.0,1.0,1.0
periodic,upstream,b8_n64_distinct,8,64,distinct,0.05,bitonic,5,largest,False,1000,1000,0,1.0,1.0,1.0,1.0,1.0,1.0
periodic,upstream,b8_n64_distinct,8,64,distinct,0.05,bitonic,10,largest,False,1000,1000,0,1.0,1.0,1.0,1.0,1.0,1.0
periodic,upstream,b8_n64_distinct,8,64,distinct,0.05,bitonic,32,largest,False,1000,1000,0,1.0,1.0,1.0,1.0,1.0,1.0
periodic,upstream,b8_n64_distinct,8,64,distinct,0.05,bitonic,64,largest,True,1000,1000,0,1.0,1.0,1.0,1.0,1.0,1.0
periodic,upstream,b8_n64_distinct,8,64,distinct,0.05,rank,1,largest,False,1000,1000,0,1.0,1.0,1.0,1.0,1.0,1.0
periodic,upstream,b8_n64_distinct,8,64,distinct,0.05,rank,5,largest,False,1000,1000,0,1.0,1.0,1.0,1.0,1.0,1.0
periodic,upstream,b8_n64_distinct,8,64,distinct,0.05,rank,10,largest,False,1000,1000,0,1.0,1.0,1.0,1.0,1.0,1.0
periodic,upstream,b8_n64_distinct,8,64,distinct,0.05,rank,32,largest,False,1000,1000,0,1.0,1.0,1.0,1.0,1.0,1.0
periodic,upstream,b8_n64_distinct,8,64,distinct,0.05,rank,64,largest,True,1000,1000,0,1.0,1.0,1.0,1.0,1.0,1.0
periodic,upstream,b8_n64_distinct,8,64,distinct,0.1,bitonic,1,largest,False,1000,1000,0,1.0,1.0,1.0,1.0,1.0,1.0
periodic,upstream,b8_n64_distinct,8,64,distinct,0.1,bitonic,5,largest,False,1000,1000,0,1.0,1.0,1.0,1.0,1.0,1.0
periodic,upstream,b8_n64_distinct,8,64,distinct,0.1,bitonic,10,largest,False,1000,1000,0,1.0,1.0,1.0,1.0,1.0,1.0
periodic,upstream,b8_n64_distinct,8,64,distinct,0.1,bitonic,32,largest,False,1000,1000,0,1.0,1.0,1.0,1.0,1.0,1.0
periodic,upstream,b8_n64_distinct,8,64,distinct,0.1,bitonic,64,largest,True,1000,1000,0,1.0,1.0,1.0,1.0,1.0,1.0
periodic,upstream,b8_n64_distinct,8,64,distinct,0.1,rank,1,largest,False,1000,1000,0,1.0,1.0,1.0,1.0,1.0,1.0
periodic,upstream,b8_n64_distinct,8,64,distinct,0.1,rank,5,largest,False,1000,1000,0,1.0,1.0,1.0,1.0,1.0,1.0
periodic,upstream,b8_n64_distinct,8,64,distinct,0.1,rank,10,largest,False,1000,1000,0,1.0,1.0,1.0,1.0,1.0,1.0
periodic,upstream,b8_n64_distinct,8,64,distinct,0.1,rank,32,largest,False,1000,1000,0,1.0,1.0,1.0,1.0,1.0,1.0
periodic,upstream,b8_n64_distinct,8,64,distinct,0.1,rank,64,largest,True,1000,1000,0,1.0,1.0,1.0,1.0,1.0,1.0
periodic,upstream,b8_n64_distinct,8,64,distinct,0.15,bitonic,1,largest,False,1000,1000,0,1.0,1.0,1.0,1.0,1.0,1.0
periodic,upstream,b8_n64_distinct,8,64,distinct,0.15,bitonic,5,largest,False,1000,1000,0,1.0,1.0,1.0,1.0,1.0,1.0
periodic,upstream,b8_n64_distinct,8,64,distinct,0.15,bitonic,10,largest,False,1000,1000,0,1.0,1.0,1.0,1.0,1.0,1.0
periodic,upstream,b8_n64_distinct,8,64,distinct,0.15,bitonic,32,largest,False,1000,1000,0,1.0,1.0,1.0,1.0,1.0,1.0
periodic,upstream,b8_n64_distinct,8,64,distinct,0.15,bitonic,64,largest,True,1000,1000,0,1.0,1.0,1.0,1.0,1.0,1.0
periodic,upstream,b8_n64_distinct,8,64,distinct,0.15,rank,1,largest,False,1000,1000,0,1.0,1.0,1.0,1.0,1.0,1.0
periodic,upstream,b8_n64_distinct,8,64,distinct,0.15,rank,5,largest,False,1000,1000,0,1.0,1.0,1.0,1.0,1.0,1.0
periodic,upstream,b8_n64_distinct,8,64,distinct,0.15,rank,10,largest,False,1000,1000,0,0.9999,0.9,0.9999,0.9999,0.9,0.9999
periodic,upstream,b8_n64_distinct,8,64,distinct,0.15,rank,32,largest,False,1000,1000,0,1.0,1.0,1.0,1.0,1.0,1.0
periodic,upstream,b8_n64_distinct,8,64,distinct,0.15,rank,64,largest,True,1000,1000,0,1.0,1.0,1.0,1.0,1.0,1.0
periodic,upstream,b8_n64_distinct,8,64,distinct,0.2,bitonic,1,largest,False,1000,1000,0,0.999,0.0,0.999,0.999,0.0,0.999
periodic,upstream,b8_n64_distinct,8,64,distinct,0.2,bitonic,5,largest,False,1000,1000,0,0.9997999999999999,0.8,0.9997999999999999,0.9997999999999999,0.8,0.9997999999999999
periodic,upstream,b8_n64_distinct,8,64,distinct,0.2,bitonic,10,largest,False,1000,1000,0,1.0,1.0,1.0,1.0,1.0,1.0
periodic,upstream,b8_n64_distinct,8,64,distinct,0.2,bitonic,32,largest,False,1000,1000,0,1.0,1.0,1.0,1.0,1.0,1.0
periodic,upstream,b8_n64_distinct,8,64,distinct,0.2,bitonic,64,largest,True,1000,1000,0,1.0,1.0,1.0,1.0,1.0,1.0
periodic,upstream,b8_n64_distinct,8,64,distinct,0.2,rank,1,largest,False,1000,1000,0,0.999,0.0,0.999,0.999,0.0,0.999
periodic,upstream,b8_n64_distinct,8,64,distinct,0.2,rank,5,largest,False,1000,1000,0,1.0,1.0,1.0,1.0,1.0,1.0
periodic,upstream,b8_n64_distinct,8,64,distinct,0.2,rank,10,largest,False,1000,1000,0,0.9997999999999999,0.9,0.9997999999999999,0.9997999999999999,0.9,0.9997999999999999
periodic,upstream,b8_n64_distinct,8,64,distinct,0.2,rank,32,largest,False,1000,1000,0,0.99996875,0.96875,0.99996875,0.99996875,0.96875,0.99996875
periodic,upstream,b8_n64_distinct,8,64,distinct,0.2,rank,64,largest,True,1000,1000,0,1.0,1.0,1.0,1.0,1.0,1.0
periodic,upstream,b8_n64_distinct,8,64,distinct,0.25,bitonic,1,largest,False,1000,1000,0,0.997,0.0,0.997,0.997,0.0,0.997
periodic,upstream,b8_n64_distinct,8,64,distinct,0.25,bitonic,5,largest,False,1000,1000,0,0.999,0.8,0.999,0.999,0.8,0.999
periodic,upstream,b8_n64_distinct,8,64,distinct,0.25,bitonic,10,largest,False,1000,1000,0,1.0,1.0,1.0,1.0,1.0,1.0
periodic,upstream,b8_n64_distinct,8,64,distinct,0.25,bitonic,32,largest,False,1000,1000,0,0.99996875,0.96875,0.99996875,0.99996875,0.96875,0.99996875
periodic,upstream,b8_n64_distinct,8,64,distinct,0.25,bitonic,64,largest,True,1000,1000,0,1.0,1.0,1.0,1.0,1.0,1.0
periodic,upstream,b8_n64_distinct,8,64,distinct,0.25,rank,1,largest,False,1000,999,1,0.997997997997998,0.0,0.997,0.997997997997998,0.0,0.997
periodic,upstream,b8_n64_distinct,8,64,distinct,0.25,rank,5,largest,False,1000,999,1,1.0,1.0,0.999,1.0,1.0,0.999
periodic,upstream,b8_n64_distinct,8,64,distinct,0.25,rank,10,largest,False,1000,999,1,0.9996996996996997,0.9,0.9987,0.9996996996996997,0.9,0.9987
periodic,upstream,b8_n64_distinct,8,64,distinct,0.25,rank,32,largest,False,1000,999,1,0.9999374374374375,0.96875,0.9989375,0.9999374374374375,0.96875,0.9989375
periodic,upstream,b8_n64_distinct,8,64,distinct,0.25,rank,64,largest,True,1000,999,1,1.0,1.0,0.999,1.0,1.0,0.999
periodic,output,b8_n64_distinct,8,64,distinct,0.0,bitonic,1,largest,False,1000,1000,0,1.0,1.0,1.0,1.0,1.0,1.0
periodic,output,b8_n64_distinct,8,64,distinct,0.0,bitonic,5,largest,False,1000,1000,0,1.0,1.0,1.0,1.0,1.0,1.0
periodic,output,b8_n64_distinct,8,64,distinct,0.0,bitonic,10,largest,False,1000,1000,0,1.0,1.0,1.0,1.0,1.0,1.0
periodic,output,b8_n64_distinct,8,64,distinct,0.0,bitonic,32,largest,False,1000,1000,0,1.0,1.0,1.0,1.0,1.0,1.0
periodic,output,b8_n64_distinct,8,64,distinct,0.0,bitonic,64,largest,True,1000,1000,0,1.0,1.0,1.0,1.0,1.0,1.0
periodic,output,b8_n64_distinct,8,64,distinct,0.0,rank,1,largest,False,1000,1000,0,1.0,1.0,1.0,1.0,1.0,1.0
periodic,output,b8_n64_distinct,8,64,distinct,0.0,rank,5,largest,False,1000,1000,0,1.0,1.0,1.0,1.0,1.0,1.0
periodic,output,b8_n64_distinct,8,64,distinct,0.0,rank,10,largest,False,1000,1000,0,1.0,1.0,1.0,1.0,1.0,1.0
periodic,output,b8_n64_distinct,8,64,distinct,0.0,rank,32,largest,False,1000,1000,0,1.0,1.0,1.0,1.0,1.0,1.0
periodic,output,b8_n64_distinct,8,64,distinct,0.0,rank,64,largest,True,1000,1000,0,1.0,1.0,1.0,1.0,1.0,1.0
periodic,output,b8_n64_distinct,8,64,distinct,0.05,bitonic,1,largest,False,1000,1000,0,1.0,1.0,1.0,1.0,1.0,1.0
periodic,output,b8_n64_distinct,8,64,distinct,0.05,bitonic,5,largest,False,1000,1000,0,1.0,1.0,1.0,1.0,1.0,1.0
periodic,output,b8_n64_distinct,8,64,distinct,0.05,bitonic,10,largest,False,1000,1000,0,1.0,1.0,1.0,1.0,1.0,1.0
periodic,output,b8_n64_distinct,8,64,distinct,0.05,bitonic,32,largest,False,1000,1000,0,1.0,1.0,1.0,1.0,1.0,1.0
periodic,output,b8_n64_distinct,8,64,distinct,0.05,bitonic,64,largest,True,1000,1000,0,1.0,1.0,1.0,1.0,1.0,1.0
periodic,output,b8_n64_distinct,8,64,distinct,0.05,rank,1,largest,False,1000,1000,0,1.0,1.0,1.0,1.0,1.0,1.0
periodic,output,b8_n64_distinct,8,64,distinct,0.05,rank,5,largest,False,1000,1000,0,1.0,1.0,1.0,1.0,1.0,1.0
periodic,output,b8_n64_distinct,8,64,distinct,0.05,rank,10,largest,False,1000,1000,0,1.0,1.0,1.0,1.0,1.0,1.0
periodic,output,b8_n64_distinct,8,64,distinct,0.05,rank,32,largest,False,1000,1000,0,1.0,1.0,1.0,1.0,1.0,1.0
periodic,output,b8_n64_distinct,8,64,distinct,0.05,rank,64,largest,True,1000,1000,0,1.0,1.0,1.0,1.0,1.0,1.0
periodic,output,b8_n64_distinct,8,64,distinct,0.1,bitonic,1,largest,False,1000,1000,0,1.0,1.0,1.0,1.0,1.0,1.0
periodic,output,b8_n64_distinct,8,64,distinct,0.1,bitonic,5,largest,False,1000,1000,0,1.0,1.0,1.0,1.0,1.0,1.0
periodic,output,b8_n64_distinct,8,64,distinct,0.1,bitonic,10,largest,False,1000,1000,0,1.0,1.0,1.0,1.0,1.0,1.0
periodic,output,b8_n64_distinct,8,64,distinct,0.1,bitonic,32,largest,False,1000,1000,0,1.0,1.0,1.0,1.0,1.0,1.0
periodic,output,b8_n64_distinct,8,64,distinct,0.1,bitonic,64,largest,True,1000,1000,0,1.0,1.0,1.0,1.0,1.0,1.0
periodic,output,b8_n64_distinct,8,64,distinct,0.1,rank,1,largest,False,1000,1000,0,1.0,1.0,1.0,1.0,1.0,1.0
periodic,output,b8_n64_distinct,8,64,distinct,0.1,rank,5,largest,False,1000,1000,0,1.0,1.0,1.0,1.0,1.0,1.0
periodic,output,b8_n64_distinct,8,64,distinct,0.1,rank,10,largest,False,1000,1000,0,1.0,1.0,1.0,1.0,1.0,1.0
periodic,output,b8_n64_distinct,8,64,distinct,0.1,rank,32,largest,False,1000,1000,0,1.0,1.0,1.0,1.0,1.0,1.0
periodic,output,b8_n64_distinct,8,64,distinct,0.1,rank,64,largest,True,1000,1000,0,1.0,1.0,1.0,1.0,1.0,1.0
periodic,output,b8_n64_distinct,8,64,distinct,0.15,bitonic,1,largest,False,1000,1000,0,1.0,1.0,1.0,1.0,1.0,1.0
periodic,output,b8_n64_distinct,8,64,distinct,0.15,bitonic,5,largest,False,1000,1000,0,1.0,1.0,1.0,1.0,1.0,1.0
periodic,output,b8_n64_distinct,8,64,distinct,0.15,bitonic,10,largest,False,1000,1000,0,1.0,1.0,1.0,1.0,1.0,1.0
periodic,output,b8_n64_distinct,8,64,distinct,0.15,bitonic,32,largest,False,1000,1000,0,1.0,1.0,1.0,1.0,1.0,1.0
periodic,output,b8_n64_distinct,8,64,distinct,0.15,bitonic,64,largest,True,1000,1000,0,1.0,1.0,1.0,1.0,1.0,1.0
periodic,output,b8_n64_distinct,8,64,distinct,0.15,rank,1,largest,False,1000,1000,0,1.0,1.0,1.0,1.0,1.0,1.0
periodic,output,b8_n64_distinct,8,64,distinct,0.15,rank,5,largest,False,1000,1000,0,1.0,1.0,1.0,1.0,1.0,1.0
periodic,output,b8_n64_distinct,8,64,distinct,0.15,rank,10,largest,False,1000,1000,0,1.0,1.0,1.0,1.0,1.0,1.0
periodic,output,b8_n64_distinct,8,64,distinct,0.15,rank,32,largest,False,1000,1000,0,1.0,1.0,1.0,1.0,1.0,1.0
periodic,output,b8_n64_distinct,8,64,distinct,0.15,rank,64,largest,True,1000,1000,0,1.0,1.0,1.0,1.0,1.0,1.0
periodic,output,b8_n64_distinct,8,64,distinct,0.2,bitonic,1,largest,False,1000,1000,0,1.0,1.0,1.0,1.0,1.0,1.0
periodic,output,b8_n64_distinct,8,64,distinct,0.2,bitonic,5,largest,False,1000,1000,0,1.0,1.0,1.0,1.0,1.0,1.0
periodic,output,b8_n64_distinct,8,64,distinct,0.2,bitonic,10,largest,False,1000,1000,0,1.0,1.0,1.0,1.0,1.0,1.0
periodic,output,b8_n64_distinct,8,64,distinct,0.2,bitonic,32,largest,False,1000,1000,0,1.0,1.0,1.0,1.0,1.0,1.0
periodic,output,b8_n64_distinct,8,64,distinct,0.2,bitonic,64,largest,True,1000,1000,0,1.0,1.0,1.0,1.0,1.0,1.0
periodic,output,b8_n64_distinct,8,64,distinct,0.2,rank,1,largest,False,1000,1000,0,1.0,1.0,1.0,1.0,1.0,1.0
periodic,output,b8_n64_distinct,8,64,distinct,0.2,rank,5,largest,False,1000,1000,0,1.0,1.0,1.0,1.0,1.0,1.0
periodic,output,b8_n64_distinct,8,64,distinct,0.2,rank,10,largest,False,1000,1000,0,1.0,1.0,1.0,1.0,1.0,1.0
periodic,output,b8_n64_distinct,8,64,distinct,0.2,rank,32,largest,False,1000,1000,0,1.0,1.0,1.0,1.0,1.0,1.0
periodic,output,b8_n64_distinct,8,64,distinct,0.2,rank,64,largest,True,1000,1000,0,1.0,1.0,1.0,1.0,1.0,1.0
periodic,output,b8_n64_distinct,8,64,distinct,0.25,bitonic,1,largest,False,1000,1000,0,1.0,1.0,1.0,1.0,1.0,1.0
periodic,output,b8_n64_distinct,8,64,distinct,0.25,bitonic,5,largest,False,1000,1000,0,1.0,1.0,1.0,1.0,1.0,1.0
periodic,output,b8_n64_distinct,8,64,distinct,0.25,bitonic,10,largest,False,1000,1000,0,1.0,1.0,1.0,1.0,1.0,1.0
periodic,output,b8_n64_distinct,8,64,distinct,0.25,bitonic,32,largest,False,1000,1000,0,1.0,1.0,1.0,1.0,1.0,1.0
periodic,output,b8_n64_distinct,8,64,distinct,0.25,bitonic,64,largest,True,1000,1000,0,1.0,1.0,1.0,1.0,1.0,1.0
periodic,output,b8_n64_distinct,8,64,distinct,0.25,rank,1,largest,False,1000,1000,0,1.0,1.0,1.0,1.0,1.0,1.0
periodic,output,b8_n64_distinct,8,64,distinct,0.25,rank,5,largest,False,1000,1000,0,1.0,1.0,1.0,1.0,1.0,1.0
periodic,output,b8_n64_distinct,8,64,distinct,0.25,rank,10,largest,False,1000,1000,0,1.0,1.0,1.0,1.0,1.0,1.0
periodic,output,b8_n64_distinct,8,64,distinct,0.25,rank,32,largest,False,1000,1000,0,1.0,1.0,1.0,1.0,1.0,1.0
periodic,output,b8_n64_distinct,8,64,distinct,0.25,rank,64,largest,True,1000,1000,0,1.0,1.0,1.0,1.0,1.0,1.0
periodic,upstream,b8_n64_duplicates_allowed,8,64,duplicates_allowed,0.0,bitonic,1,largest,False,1000,1000,0,1.0,1.0,1.0,1.0,1.0,1.0
periodic,upstream,b8_n64_duplicates_allowed,8,64,duplicates_allowed,0.0,bitonic,5,largest,False,1000,1000,0,1.0,1.0,1.0,1.0,1.0,1.0
periodic,upstream,b8_n64_duplicates_allowed,8,64,duplicates_allowed,0.0,bitonic,10,largest,False,1000,1000,0,1.0,1.0,1.0,1.0,1.0,1.0
periodic,upstream,b8_n64_duplicates_allowed,8,64,duplicates_allowed,0.0,bitonic,32,largest,False,1000,1000,0,1.0,1.0,1.0,1.0,1.0,1.0
periodic,upstream,b8_n64_duplicates_allowed,8,64,duplicates_allowed,0.0,bitonic,64,largest,True,1000,1000,0,1.0,1.0,1.0,1.0,1.0,1.0
periodic,upstream,b8_n64_duplicates_allowed,8,64,duplicates_allowed,0.0,rank,1,largest,False,1000,1000,0,1.0,1.0,1.0,1.0,1.0,1.0
periodic,upstream,b8_n64_duplicates_allowed,8,64,duplicates_allowed,0.0,rank,5,largest,False,1000,1000,0,1.0,1.0,1.0,1.0,1.0,1.0
periodic,upstream,b8_n64_duplicates_allowed,8,64,duplicates_allowed,0.0,rank,10,largest,False,1000,1000,0,1.0,1.0,1.0,1.0,1.0,1.0
periodic,upstream,b8_n64_duplicates_allowed,8,64,duplicates_allowed,0.0,rank,32,largest,False,1000,1000,0,1.0,1.0,1.0,1.0,1.0,1.0
periodic,upstream,b8_n64_duplicates_allowed,8,64,duplicates_allowed,0.0,rank,64,largest,True,1000,1000,0,1.0,1.0,1.0,1.0,1.0,1.0
periodic,upstream,b8_n64_duplicates_allowed,8,64,duplicates_allowed,0.05,bitonic,1,largest,False,1000,1000,0,1.0,1.0,1.0,1.0,1.0,1.0
periodic,upstream,b8_n64_duplicates_allowed,8,64,duplicates_allowed,0.05,bitonic,5,largest,False,1000,1000,0,1.0,1.0,1.0,1.0,1.0,1.0
periodic,upstream,b8_n64_duplicates_allowed,8,64,duplicates_allowed,0.05,bitonic,10,largest,False,1000,1000,0,1.0,1.0,1.0,1.0,1.0,1.0
periodic,upstream,b8_n64_duplicates_allowed,8,64,duplicates_allowed,0.05,bitonic,32,largest,False,1000,1000,0,1.0,1.0,1.0,1.0,1.0,1.0
periodic,upstream,b8_n64_duplicates_allowed,8,64,duplicates_allowed,0.05,bitonic,64,largest,True,1000,1000,0,1.0,1.0,1.0,1.0,1.0,1.0
periodic,upstream,b8_n64_duplicates_allowed,8,64,duplicates_allowed,0.05,rank,1,largest,False,1000,1000,0,1.0,1.0,1.0,1.0,1.0,1.0
periodic,upstream,b8_n64_duplicates_allowed,8,64,duplicates_allowed,0.05,rank,5,largest,False,1000,1000,0,1.0,1.0,1.0,1.0,1.0,1.0
periodic,upstream,b8_n64_duplicates_allowed,8,64,duplicates_allowed,0.05,rank,10,largest,False,1000,1000,0,1.0,1.0,1.0,1.0,1.0,1.0
periodic,upstream,b8_n64_duplicates_allowed,8,64,duplicates_allowed,0.05,rank,32,largest,False,1000,1000,0,1.0,1.0,1.0,1.0,1.0,1.0
periodic,upstream,b8_n64_duplicates_allowed,8,64,duplicates_allowed,0.05,rank,64,largest,True,1000,1000,0,1.0,1.0,1.0,1.0,1.0,1.0
periodic,upstream,b8_n64_duplicates_allowed,8,64,duplicates_allowed,0.1,bitonic,1,largest,False,1000,1000,0,1.0,1.0,1.0,1.0,1.0,1.0
periodic,upstream,b8_n64_duplicates_allowed,8,64,duplicates_allowed,0.1,bitonic,5,largest,False,1000,1000,0,1.0,1.0,1.0,1.0,1.0,1.0
periodic,upstream,b8_n64_duplicates_allowed,8,64,duplicates_allowed,0.1,bitonic,10,largest,False,1000,1000,0,1.0,1.0,1.0,1.0,1.0,1.0
periodic,upstream,b8_n64_duplicates_allowed,8,64,duplicates_allowed,0.1,bitonic,32,largest,False,1000,1000,0,1.0,1.0,1.0,1.0,1.0,1.0
periodic,upstream,b8_n64_duplicates_allowed,8,64,duplicates_allowed,0.1,bitonic,64,largest,True,1000,1000,0,1.0,1.0,1.0,1.0,1.0,1.0
periodic,upstream,b8_n64_duplicates_allowed,8,64,duplicates_allowed,0.1,rank,1,largest,False,1000,1000,0,1.0,1.0,1.0,1.0,1.0,1.0
periodic,upstream,b8_n64_duplicates_allowed,8,64,duplicates_allowed,0.1,rank,5,largest,False,1000,1000,0,1.0,1.0,1.0,1.0,1.0,1.0
periodic,upstream,b8_n64_duplicates_allowed,8,64,duplicates_allowed,0.1,rank,10,largest,False,1000,1000,0,1.0,1.0,1.0,1.0,1.0,1.0
periodic,upstream,b8_n64_duplicates_allowed,8,64,duplicates_allowed,0.1,rank,32,largest,False,1000,1000,0,1.0,1.0,1.0,1.0,1.0,1.0
periodic,upstream,b8_n64_duplicates_allowed,8,64,duplicates_allowed,0.1,rank,64,largest,True,1000,1000,0,1.0,1.0,1.0,1.0,1.0,1.0
periodic,upstream,b8_n64_duplicates_allowed,8,64,duplicates_allowed,0.15,bitonic,1,largest,False,1000,1000,0,1.0,1.0,1.0,1.0,1.0,1.0
periodic,upstream,b8_n64_duplicates_allowed,8,64,duplicates_allowed,0.15,bitonic,5,largest,False,1000,1000,0,1.0,1.0,1.0,1.0,1.0,1.0
periodic,upstream,b8_n64_duplicates_allowed,8,64,duplicates_allowed,0.15,bitonic,10,largest,False,1000,1000,0,1.0,1.0,1.0,1.0,1.0,1.0
periodic,upstream,b8_n64_duplicates_allowed,8,64,duplicates_allowed,0.15,bitonic,32,largest,False,1000,1000,0,1.0,1.0,1.0,1.0,1.0,1.0
periodic,upstream,b8_n64_duplicates_allowed,8,64,duplicates_allowed,0.15,bitonic,64,largest,True,1000,1000,0,1.0,1.0,1.0,1.0,1.0,1.0
periodic,upstream,b8_n64_duplicates_allowed,8,64,duplicates_allowed,0.15,rank,1,largest,False,1000,998,2,1.0,1.0,0.998,1.0,1.0,0.998
periodic,upstream,b8_n64_duplicates_allowed,8,64,duplicates_allowed,0.15,rank,5,largest,False,1000,998,2,0.9997995991983968,0.8,0.9977999999999999,0.9997995991983968,0.8,0.9977999999999999
periodic,upstream,b8_n64_duplicates_allowed,8,64,duplicates_allowed,0.15,rank,10,largest,False,1000,998,2,1.0,1.0,0.998,1.0,1.0,0.998
periodic,upstream,b8_n64_duplicates_allowed,8,64,duplicates_allowed,0.15,rank,32,largest,False,1000,998,2,1.0,1.0,0.998,1.0,1.0,0.998
periodic,upstream,b8_n64_duplicates_allowed,8,64,duplicates_allowed,0.15,rank,64,largest,True,1000,998,2,1.0,1.0,0.998,1.0,1.0,0.998
periodic,upstream,b8_n64_duplicates_allowed,8,64,duplicates_allowed,0.2,bitonic,1,largest,False,1000,1000,0,0.999,0.0,0.999,1.0,1.0,1.0
periodic,upstream,b8_n64_duplicates_allowed,8,64,duplicates_allowed,0.2,bitonic,5,largest,False,1000,1000,0,0.9994000000000001,0.8,0.9994000000000001,0.9997999999999999,0.8,0.9997999999999999
periodic,upstream,b8_n64_duplicates_allowed,8,64,duplicates_allowed,0.2,bitonic,10,largest,False,1000,1000,0,0.9997,0.9,0.9997,0.9997999999999999,0.9,0.9997999999999999
periodic,upstream,b8_n64_duplicates_allowed,8,64,duplicates_allowed,0.2,bitonic,32,largest,False,1000,1000,0,0.9999375,0.96875,0.9999375,0.99996875,0.96875,0.99996875
periodic,upstream,b8_n64_duplicates_allowed,8,64,duplicates_allowed,0.2,bitonic,64,largest,True,1000,1000,0,1.0,1.0,1.0,1.0,1.0,1.0
periodic,upstream,b8_n64_duplicates_allowed,8,64,duplicates_allowed,0.2,rank,1,largest,False,1000,990,10,0.996969696969697,0.0,0.987,0.997979797979798,0.0,0.988
periodic,upstream,b8_n64_duplicates_allowed,8,64,duplicates_allowed,0.2,rank,5,largest,False,1000,990,10,0.9993939393939395,0.8,0.9894000000000001,0.9993939393939395,0.8,0.9894000000000001
periodic,upstream,b8_n64_duplicates_allowed,8,64,duplicates_allowed,0.2,rank,10,largest,False,1000,990,10,0.9998989898989898,0.9,0.9899,0.9998989898989898,0.9,0.9899
periodic,upstream,b8_n64_duplicates_allowed,8,64,duplicates_allowed,0.2,rank,32,largest,False,1000,990,10,0.9999684343434343,0.96875,0.98996875,0.9999684343434343,0.96875,0.98996875
periodic,upstream,b8_n64_duplicates_allowed,8,64,duplicates_allowed,0.2,rank,64,largest,True,1000,990,10,1.0,1.0,0.99,1.0,1.0,0.99
periodic,upstream,b8_n64_duplicates_allowed,8,64,duplicates_allowed,0.25,bitonic,1,largest,False,1000,1000,0,0.997,0.0,0.997,0.999,0.0,0.999
periodic,upstream,b8_n64_duplicates_allowed,8,64,duplicates_allowed,0.25,bitonic,5,largest,False,1000,1000,0,0.9987999999999999,0.8,0.9987999999999999,0.9994,0.8,0.9994
periodic,upstream,b8_n64_duplicates_allowed,8,64,duplicates_allowed,0.25,bitonic,10,largest,False,1000,1000,0,0.9991,0.9,0.9991,0.9994000000000001,0.9,0.9994000000000001
periodic,upstream,b8_n64_duplicates_allowed,8,64,duplicates_allowed,0.25,bitonic,32,largest,False,1000,1000,0,0.999875,0.96875,0.999875,0.9999375,0.96875,0.9999375
periodic,upstream,b8_n64_duplicates_allowed,8,64,duplicates_allowed,0.25,bitonic,64,largest,True,1000,1000,0,1.0,1.0,1.0,1.0,1.0,1.0
periodic,upstream,b8_n64_duplicates_allowed,8,64,duplicates_allowed,0.25,rank,1,largest,False,1000,961,39,0.9895941727367326,0.0,0.951,0.9927159209157128,0.0,0.954
periodic,upstream,b8_n64_duplicates_allowed,8,64,duplicates_allowed,0.25,rank,5,largest,False,1000,961,39,0.9989594172736732,0.8,0.96,0.9991675338189386,0.8,0.9602
periodic,upstream,b8_n64_duplicates_allowed,8,64,duplicates_allowed,0.25,rank,10,largest,False,1000,961,39,0.9994797086368367,0.9,0.9605,0.9997918834547346,0.9,0.9608
periodic,upstream,b8_n64_duplicates_allowed,8,64,duplicates_allowed,0.25,rank,32,largest,False,1000,961,39,0.9998374089490114,0.96875,0.96084375,0.9999024453694069,0.96875,0.96090625
periodic,upstream,b8_n64_duplicates_allowed,8,64,duplicates_allowed,0.25,rank,64,largest,True,1000,961,39,1.0,1.0,0.961,1.0,1.0,0.961
periodic,output,b8_n64_duplicates_allowed,8,64,duplicates_allowed,0.0,bitonic,1,largest,False,1000,1000,0,1.0,1.0,1.0,1.0,1.0,1.0
periodic,output,b8_n64_duplicates_allowed,8,64,duplicates_allowed,0.0,bitonic,5,largest,False,1000,1000,0,1.0,1.0,1.0,1.0,1.0,1.0
periodic,output,b8_n64_duplicates_allowed,8,64,duplicates_allowed,0.0,bitonic,10,largest,False,1000,1000,0,1.0,1.0,1.0,1.0,1.0,1.0
periodic,output,b8_n64_duplicates_allowed,8,64,duplicates_allowed,0.0,bitonic,32,largest,False,1000,1000,0,1.0,1.0,1.0,1.0,1.0,1.0
periodic,output,b8_n64_duplicates_allowed,8,64,duplicates_allowed,0.0,bitonic,64,largest,True,1000,1000,0,1.0,1.0,1.0,1.0,1.0,1.0
periodic,output,b8_n64_duplicates_allowed,8,64,duplicates_allowed,0.0,rank,1,largest,False,1000,1000,0,1.0,1.0,1.0,1.0,1.0,1.0
periodic,output,b8_n64_duplicates_allowed,8,64,duplicates_allowed,0.0,rank,5,largest,False,1000,1000,0,1.0,1.0,1.0,1.0,1.0,1.0
periodic,output,b8_n64_duplicates_allowed,8,64,duplicates_allowed,0.0,rank,10,largest,False,1000,1000,0,1.0,1.0,1.0,1.0,1.0,1.0
periodic,output,b8_n64_duplicates_allowed,8,64,duplicates_allowed,0.0,rank,32,largest,False,1000,1000,0,1.0,1.0,1.0,1.0,1.0,1.0
periodic,output,b8_n64_duplicates_allowed,8,64,duplicates_allowed,0.0,rank,64,largest,True,1000,1000,0,1.0,1.0,1.0,1.0,1.0,1.0
periodic,output,b8_n64_duplicates_allowed,8,64,duplicates_allowed,0.05,bitonic,1,largest,False,1000,1000,0,0.939,0.0,0.939,1.0,1.0,1.0
periodic,output,b8_n64_duplicates_allowed,8,64,duplicates_allowed,0.05,bitonic,5,largest,False,1000,1000,0,0.9874,0.8,0.9874,1.0,1.0,1.0
periodic,output,b8_n64_duplicates_allowed,8,64,duplicates_allowed,0.05,bitonic,10,largest,False,1000,1000,0,0.9945,0.9,0.9945,1.0,1.0,1.0
periodic,output,b8_n64_duplicates_allowed,8,64,duplicates_allowed,0.05,bitonic,32,largest,False,1000,1000,0,0.9980625,0.9375,0.9980625,1.0,1.0,1.0
periodic,output,b8_n64_duplicates_allowed,8,64,duplicates_allowed,0.05,bitonic,64,largest,True,1000,1000,0,1.0,1.0,1.0,1.0,1.0,1.0
periodic,output,b8_n64_duplicates_allowed,8,64,duplicates_allowed,0.05,rank,1,largest,False,1000,886,114,0.9345372460496614,0.0,0.828,1.0,1.0,0.886
periodic,output,b8_n64_duplicates_allowed,8,64,duplicates_allowed,0.05,rank,5,largest,False,1000,886,114,0.989390519187359,0.8,0.8766,1.0,1.0,0.886
periodic,output,b8_n64_duplicates_allowed,8,64,duplicates_allowed,0.05,rank,10,largest,False,1000,886,114,0.9954853273137697,0.9,0.882,1.0,1.0,0.886
periodic,output,b8_n64_duplicates_allowed,8,64,duplicates_allowed,0.05,rank,32,largest,False,1000,886,114,0.9983069977426636,0.96875,0.8845,1.0,1.0,0.886
periodic,output,b8_n64_duplicates_allowed,8,64,duplicates_allowed,0.05,rank,64,largest,True,1000,886,114,1.0,1.0,0.886,1.0,1.0,0.886
periodic,output,b8_n64_duplicates_allowed,8,64,duplicates_allowed,0.1,bitonic,1,largest,False,1000,1000,0,0.939,0.0,0.939,1.0,1.0,1.0
periodic,output,b8_n64_duplicates_allowed,8,64,duplicates_allowed,0.1,bitonic,5,largest,False,1000,1000,0,0.9874,0.8,0.9874,1.0,1.0,1.0
periodic,output,b8_n64_duplicates_allowed,8,64,duplicates_allowed,0.1,bitonic,10,largest,False,1000,1000,0,0.9945,0.9,0.9945,1.0,1.0,1.0
periodic,output,b8_n64_duplicates_allowed,8,64,duplicates_allowed,0.1,bitonic,32,largest,False,1000,1000,0,0.9980625,0.9375,0.9980625,1.0,1.0,1.0
periodic,output,b8_n64_duplicates_allowed,8,64,duplicates_allowed,0.1,bitonic,64,largest,True,1000,1000,0,1.0,1.0,1.0,1.0,1.0,1.0
periodic,output,b8_n64_duplicates_allowed,8,64,duplicates_allowed,0.1,rank,1,largest,False,1000,886,114,0.9345372460496614,0.0,0.828,1.0,1.0,0.886
periodic,output,b8_n64_duplicates_allowed,8,64,duplicates_allowed,0.1,rank,5,largest,False,1000,886,114,0.989390519187359,0.8,0.8766,1.0,1.0,0.886
periodic,output,b8_n64_duplicates_allowed,8,64,duplicates_allowed,0.1,rank,10,largest,False,1000,886,114,0.9954853273137697,0.9,0.882,1.0,1.0,0.886
periodic,output,b8_n64_duplicates_allowed,8,64,duplicates_allowed,0.1,rank,32,largest,False,1000,886,114,0.9983069977426636,0.96875,0.8845,1.0,1.0,0.886
periodic,output,b8_n64_duplicates_allowed,8,64,duplicates_allowed,0.1,rank,64,largest,True,1000,886,114,1.0,1.0,0.886,1.0,1.0,0.886
periodic,output,b8_n64_duplicates_allowed,8,64,duplicates_allowed,0.15,bitonic,1,largest,False,1000,1000,0,0.939,0.0,0.939,1.0,1.0,1.0
periodic,output,b8_n64_duplicates_allowed,8,64,duplicates_allowed,0.15,bitonic,5,largest,False,1000,1000,0,0.9874,0.8,0.9874,1.0,1.0,1.0
periodic,output,b8_n64_duplicates_allowed,8,64,duplicates_allowed,0.15,bitonic,10,largest,False,1000,1000,0,0.9945,0.9,0.9945,1.0,1.0,1.0
periodic,output,b8_n64_duplicates_allowed,8,64,duplicates_allowed,0.15,bitonic,32,largest,False,1000,1000,0,0.9980625,0.9375,0.9980625,1.0,1.0,1.0
periodic,output,b8_n64_duplicates_allowed,8,64,duplicates_allowed,0.15,bitonic,64,largest,True,1000,1000,0,1.0,1.0,1.0,1.0,1.0,1.0
periodic,output,b8_n64_duplicates_allowed,8,64,duplicates_allowed,0.15,rank,1,largest,False,1000,886,114,0.9345372460496614,0.0,0.828,1.0,1.0,0.886
periodic,output,b8_n64_duplicates_allowed,8,64,duplicates_allowed,0.15,rank,5,largest,False,1000,886,114,0.989390519187359,0.8,0.8766,1.0,1.0,0.886
periodic,output,b8_n64_duplicates_allowed,8,64,duplicates_allowed,0.15,rank,10,largest,False,1000,886,114,0.9954853273137697,0.9,0.882,1.0,1.0,0.886
periodic,output,b8_n64_duplicates_allowed,8,64,duplicates_allowed,0.15,rank,32,largest,False,1000,886,114,0.9983069977426636,0.96875,0.8845,1.0,1.0,0.886
periodic,output,b8_n64_duplicates_allowed,8,64,duplicates_allowed,0.15,rank,64,largest,True,1000,886,114,1.0,1.0,0.886,1.0,1.0,0.886
periodic,output,b8_n64_duplicates_allowed,8,64,duplicates_allowed,0.2,bitonic,1,largest,False,1000,1000,0,0.939,0.0,0.939,1.0,1.0,1.0
periodic,output,b8_n64_duplicates_allowed,8,64,duplicates_allowed,0.2,bitonic,5,largest,False,1000,1000,0,0.9874,0.8,0.9874,1.0,1.0,1.0
periodic,output,b8_n64_duplicates_allowed,8,64,duplicates_allowed,0.2,bitonic,10,largest,False,1000,1000,0,0.9945,0.9,0.9945,1.0,1.0,1.0
periodic,output,b8_n64_duplicates_allowed,8,64,duplicates_allowed,0.2,bitonic,32,largest,False,1000,1000,0,0.9980625,0.9375,0.9980625,1.0,1.0,1.0
periodic,output,b8_n64_duplicates_allowed,8,64,duplicates_allowed,0.2,bitonic,64,largest,True,1000,1000,0,1.0,1.0,1.0,1.0,1.0,1.0
periodic,output,b8_n64_duplicates_allowed,8,64,duplicates_allowed,0.2,rank,1,largest,False,1000,886,114,0.9345372460496614,0.0,0.828,1.0,1.0,0.886
periodic,output,b8_n64_duplicates_allowed,8,64,duplicates_allowed,0.2,rank,5,largest,False,1000,886,114,0.989390519187359,0.8,0.8766,1.0,1.0,0.886
periodic,output,b8_n64_duplicates_allowed,8,64,duplicates_allowed,0.2,rank,10,largest,False,1000,886,114,0.9954853273137697,0.9,0.882,1.0,1.0,0.886
periodic,output,b8_n64_duplicates_allowed,8,64,duplicates_allowed,0.2,rank,32,largest,False,1000,886,114,0.9983069977426636,0.96875,0.8845,1.0,1.0,0.886
periodic,output,b8_n64_duplicates_allowed,8,64,duplicates_allowed,0.2,rank,64,largest,True,1000,886,114,1.0,1.0,0.886,1.0,1.0,0.886
periodic,output,b8_n64_duplicates_allowed,8,64,duplicates_allowed,0.25,bitonic,1,largest,False,1000,1000,0,0.939,0.0,0.939,1.0,1.0,1.0
periodic,output,b8_n64_duplicates_allowed,8,64,duplicates_allowed,0.25,bitonic,5,largest,False,1000,1000,0,0.9874,0.8,0.9874,1.0,1.0,1.0
periodic,output,b8_n64_duplicates_allowed,8,64,duplicates_allowed,0.25,bitonic,10,largest,False,1000,1000,0,0.9945,0.9,0.9945,1.0,1.0,1.0
periodic,output,b8_n64_duplicates_allowed,8,64,duplicates_allowed,0.25,bitonic,32,largest,False,1000,1000,0,0.9980625,0.9375,0.9980625,1.0,1.0,1.0
periodic,output,b8_n64_duplicates_allowed,8,64,duplicates_allowed,0.25,bitonic,64,largest,True,1000,1000,0,1.0,1.0,1.0,1.0,1.0,1.0
periodic,output,b8_n64_duplicates_allowed,8,64,duplicates_allowed,0.25,rank,1,largest,False,1000,886,114,0.9345372460496614,0.0,0.828,1.0,1.0,0.886
periodic,output,b8_n64_duplicates_allowed,8,64,duplicates_allowed,0.25,rank,5,largest,False,1000,886,114,0.989390519187359,0.8,0.8766,1.0,1.0,0.886
periodic,output,b8_n64_duplicates_allowed,8,64,duplicates_allowed,0.25,rank,10,largest,False,1000,886,114,0.9954853273137697,0.9,0.882,1.0,1.0,0.886
periodic,output,b8_n64_duplicates_allowed,8,64,duplicates_allowed,0.25,rank,32,largest,False,1000,886,114,0.9983069977426636,0.96875,0.8845,1.0,1.0,0.886
periodic,output,b8_n64_duplicates_allowed,8,64,duplicates_allowed,0.25,rank,64,largest,True,1000,886,114,1.0,1.0,0.886,1.0,1.0,0.886
periodic,upstream,b8_n128_distinct,8,128,distinct,0.0,bitonic,1,largest,False,1000,1000,0,1.0,1.0,1.0,1.0,1.0,1.0
periodic,upstream,b8_n128_distinct,8,128,distinct,0.0,bitonic,5,largest,False,1000,1000,0,1.0,1.0,1.0,1.0,1.0,1.0
periodic,upstream,b8_n128_distinct,8,128,distinct,0.0,bitonic,10,largest,False,1000,1000,0,1.0,1.0,1.0,1.0,1.0,1.0
periodic,upstream,b8_n128_distinct,8,128,distinct,0.0,bitonic,32,largest,False,1000,1000,0,1.0,1.0,1.0,1.0,1.0,1.0
periodic,upstream,b8_n128_distinct,8,128,distinct,0.0,bitonic,128,largest,True,1000,1000,0,1.0,1.0,1.0,1.0,1.0,1.0
periodic,upstream,b8_n128_distinct,8,128,distinct,0.0,rank,1,largest,False,1000,1000,0,1.0,1.0,1.0,1.0,1.0,1.0
periodic,upstream,b8_n128_distinct,8,128,distinct,0.0,rank,5,largest,False,1000,1000,0,1.0,1.0,1.0,1.0,1.0,1.0
periodic,upstream,b8_n128_distinct,8,128,distinct,0.0,rank,10,largest,False,1000,1000,0,1.0,1.0,1.0,1.0,1.0,1.0
periodic,upstream,b8_n128_distinct,8,128,distinct,0.0,rank,32,largest,False,1000,1000,0,1.0,1.0,1.0,1.0,1.0,1.0
periodic,upstream,b8_n128_distinct,8,128,distinct,0.0,rank,128,largest,True,1000,1000,0,1.0,1.0,1.0,1.0,1.0,1.0
periodic,upstream,b8_n128_distinct,8,128,distinct,0.05,bitonic,1,largest,False,1000,1000,0,1.0,1.0,1.0,1.0,1.0,1.0
periodic,upstream,b8_n128_distinct,8,128,distinct,0.05,bitonic,5,largest,False,1000,1000,0,1.0,1.0,1.0,1.0,1.0,1.0
periodic,upstream,b8_n128_distinct,8,128,distinct,0.05,bitonic,10,largest,False,1000,1000,0,1.0,1.0,1.0,1.0,1.0,1.0
periodic,upstream,b8_n128_distinct,8,128,distinct,0.05,bitonic,32,largest,False,1000,1000,0,1.0,1.0,1.0,1.0,1.0,1.0
periodic,upstream,b8_n128_distinct,8,128,distinct,0.05,bitonic,128,largest,True,1000,1000,0,1.0,1.0,1.0,1.0,1.0,1.0
periodic,upstream,b8_n128_distinct,8,128,distinct,0.05,rank,1,largest,False,1000,1000,0,1.0,1.0,1.0,1.0,1.0,1.0
periodic,upstream,b8_n128_distinct,8,128,distinct,0.05,rank,5,largest,False,1000,1000,0,1.0,1.0,1.0,1.0,1.0,1.0
periodic,upstream,b8_n128_distinct,8,128,distinct,0.05,rank,10,largest,False,1000,1000,0,1.0,1.0,1.0,1.0,1.0,1.0
periodic,upstream,b8_n128_distinct,8,128,distinct,0.05,rank,32,largest,False,1000,1000,0,1.0,1.0,1.0,1.0,1.0,1.0
periodic,upstream,b8_n128_distinct,8,128,distinct,0.05,rank,128,largest,True,1000,1000,0,1.0,1.0,1.0,1.0,1.0,1.0
periodic,upstream,b8_n128_distinct,8,128,distinct,0.1,bitonic,1,largest,False,1000,1000,0,1.0,1.0,1.0,1.0,1.0,1.0
periodic,upstream,b8_n128_distinct,8,128,distinct,0.1,bitonic,5,largest,False,1000,1000,0,1.0,1.0,1.0,1.0,1.0,1.0
periodic,upstream,b8_n128_distinct,8,128,distinct,0.1,bitonic,10,largest,False,1000,1000,0,1.0,1.0,1.0,1.0,1.0,1.0
periodic,upstream,b8_n128_distinct,8,128,distinct,0.1,bitonic,32,largest,False,1000,1000,0,1.0,1.0,1.0,1.0,1.0,1.0
periodic,upstream,b8_n128_distinct,8,128,distinct,0.1,bitonic,128,largest,True,1000,1000,0,1.0,1.0,1.0,1.0,1.0,1.0
periodic,upstream,b8_n128_distinct,8,128,distinct,0.1,rank,1,largest,False,1000,1000,0,1.0,1.0,1.0,1.0,1.0,1.0
periodic,upstream,b8_n128_distinct,8,128,distinct,0.1,rank,5,largest,False,1000,1000,0,1.0,1.0,1.0,1.0,1.0,1.0
periodic,upstream,b8_n128_distinct,8,128,distinct,0.1,rank,10,largest,False,1000,1000,0,1.0,1.0,1.0,1.0,1.0,1.0
periodic,upstream,b8_n128_distinct,8,128,distinct,0.1,rank,32,largest,False,1000,1000,0,1.0,1.0,1.0,1.0,1.0,1.0
periodic,upstream,b8_n128_distinct,8,128,distinct,0.1,rank,128,largest,True,1000,1000,0,1.0,1.0,1.0,1.0,1.0,1.0
periodic,upstream,b8_n128_distinct,8,128,distinct,0.15,bitonic,1,largest,False,1000,1000,0,1.0,1.0,1.0,1.0,1.0,1.0
periodic,upstream,b8_n128_distinct,8,128,distinct,0.15,bitonic,5,largest,False,1000,1000,0,1.0,1.0,1.0,1.0,1.0,1.0
periodic,upstream,b8_n128_distinct,8,128,distinct,0.15,bitonic,10,largest,False,1000,1000,0,1.0,1.0,1.0,1.0,1.0,1.0
periodic,upstream,b8_n128_distinct,8,128,distinct,0.15,bitonic,32,largest,False,1000,1000,0,1.0,1.0,1.0,1.0,1.0,1.0
periodic,upstream,b8_n128_distinct,8,128,distinct,0.15,bitonic,128,largest,True,1000,1000,0,1.0,1.0,1.0,1.0,1.0,1.0
periodic,upstream,b8_n128_distinct,8,128,distinct,0.15,rank,1,largest,False,1000,1000,0,1.0,1.0,1.0,1.0,1.0,1.0
periodic,upstream,b8_n128_distinct,8,128,distinct,0.15,rank,5,largest,False,1000,1000,0,1.0,1.0,1.0,1.0,1.0,1.0
periodic,upstream,b8_n128_distinct,8,128,distinct,0.15,rank,10,largest,False,1000,1000,0,1.0,1.0,1.0,1.0,1.0,1.0
periodic,upstream,b8_n128_distinct,8,128,distinct,0.15,rank,32,largest,False,1000,1000,0,1.0,1.0,1.0,1.0,1.0,1.0
periodic,upstream,b8_n128_distinct,8,128,distinct,0.15,rank,128,largest,True,1000,1000,0,1.0,1.0,1.0,1.0,1.0,1.0
periodic,upstream,b8_n128_distinct,8,128,distinct,0.2,bitonic,1,largest,False,1000,1000,0,0.997,0.0,0.997,0.997,0.0,0.997
periodic,upstream,b8_n128_distinct,8,128,distinct,0.2,bitonic,5,largest,False,1000,1000,0,0.9997999999999999,0.8,0.9997999999999999,0.9997999999999999,0.8,0.9997999999999999
periodic,upstream,b8_n128_distinct,8,128,distinct,0.2,bitonic,10,largest,False,1000,1000,0,0.9995,0.9,0.9995,0.9995,0.9,0.9995
periodic,upstream,b8_n128_distinct,8,128,distinct,0.2,bitonic,32,largest,False,1000,1000,0,0.9999375,0.96875,0.9999375,0.9999375,0.96875,0.9999375
periodic,upstream,b8_n128_distinct,8,128,distinct,0.2,bitonic,128,largest,True,1000,1000,0,1.0,1.0,1.0,1.0,1.0,1.0
periodic,upstream,b8_n128_distinct,8,128,distinct,0.2,rank,1,largest,False,1000,1000,0,0.999,0.0,0.999,0.999,0.0,0.999
periodic,upstream,b8_n128_distinct,8,128,distinct,0.2,rank,5,largest,False,1000,1000,0,1.0,1.0,1.0,1.0,1.0,1.0
periodic,upstream,b8_n128_distinct,8,128,distinct,0.2,rank,10,largest,False,1000,1000,0,0.9999,0.9,0.9999,0.9999,0.9,0.9999
periodic,upstream,b8_n128_distinct,8,128,distinct,0.2,rank,32,largest,False,1000,1000,0,0.9999375,0.96875,0.9999375,0.9999375,0.96875,0.9999375
periodic,upstream,b8_n128_distinct,8,128,distinct,0.2,rank,128,largest,True,1000,1000,0,1.0,1.0,1.0,1.0,1.0,1.0
periodic,upstream,b8_n128_distinct,8,128,distinct,0.25,bitonic,1,largest,False,1000,1000,0,0.993,0.0,0.993,0.993,0.0,0.993
periodic,upstream,b8_n128_distinct,8,128,distinct,0.25,bitonic,5,largest,False,1000,1000,0,0.999,0.8,0.999,0.999,0.8,0.999
periodic,upstream,b8_n128_distinct,8,128,distinct,0.25,bitonic,10,largest,False,1000,1000,0,0.9992000000000001,0.9,0.9992000000000001,0.9992000000000001,0.9,0.9992000000000001
periodic,upstream,b8_n128_distinct,8,128,distinct,0.25,bitonic,32,largest,False,1000,1000,0,0.9996875,0.96875,0.9996875,0.9996875,0.96875,0.9996875
periodic,upstream,b8_n128_distinct,8,128,distinct,0.25,bitonic,128,largest,True,1000,1000,0,1.0,1.0,1.0,1.0,1.0,1.0
periodic,upstream,b8_n128_distinct,8,128,distinct,0.25,rank,1,largest,False,1000,996,4,0.9959839357429718,0.0,0.992,0.9959839357429718,0.0,0.992
periodic,upstream,b8_n128_distinct,8,128,distinct,0.25,rank,5,largest,False,1000,996,4,0.9983935742971889,0.8,0.9944000000000001,0.9983935742971889,0.8,0.9944000000000001
periodic,upstream,b8_n128_distinct,8,128,distinct,0.25,rank,10,largest,False,1000,996,4,0.9993975903614458,0.9,0.9954000000000001,0.9993975903614458,0.9,0.9954000000000001
periodic,upstream,b8_n128_distinct,8,128,distinct,0.25,rank,32,largest,False,1000,996,4,0.9998431224899599,0.96875,0.99584375,0.9998431224899599,0.96875,0.99584375
periodic,upstream,b8_n128_distinct,8,128,distinct,0.25,rank,128,largest,True,1000,996,4,1.0,1.0,0.996,1.0,1.0,0.996
periodic,output,b8_n128_distinct,8,128,distinct,0.0,bitonic,1,largest,False,1000,1000,0,1.0,1.0,1.0,1.0,1.0,1.0
periodic,output,b8_n128_distinct,8,128,distinct,0.0,bitonic,5,largest,False,1000,1000,0,1.0,1.0,1.0,1.0,1.0,1.0
periodic,output,b8_n128_distinct,8,128,distinct,0.0,bitonic,10,largest,False,1000,1000,0,1.0,1.0,1.0,1.0,1.0,1.0
periodic,output,b8_n128_distinct,8,128,distinct,0.0,bitonic,32,largest,False,1000,1000,0,1.0,1.0,1.0,1.0,1.0,1.0
periodic,output,b8_n128_distinct,8,128,distinct,0.0,bitonic,128,largest,True,1000,1000,0,1.0,1.0,1.0,1.0,1.0,1.0
periodic,output,b8_n128_distinct,8,128,distinct,0.0,rank,1,largest,False,1000,1000,0,1.0,1.0,1.0,1.0,1.0,1.0
periodic,output,b8_n128_distinct,8,128,distinct,0.0,rank,5,largest,False,1000,1000,0,1.0,1.0,1.0,1.0,1.0,1.0
periodic,output,b8_n128_distinct,8,128,distinct,0.0,rank,10,largest,False,1000,1000,0,1.0,1.0,1.0,1.0,1.0,1.0
periodic,output,b8_n128_distinct,8,128,distinct,0.0,rank,32,largest,False,1000,1000,0,1.0,1.0,1.0,1.0,1.0,1.0
periodic,output,b8_n128_distinct,8,128,distinct,0.0,rank,128,largest,True,1000,1000,0,1.0,1.0,1.0,1.0,1.0,1.0
periodic,output,b8_n128_distinct,8,128,distinct,0.05,bitonic,1,largest,False,1000,1000,0,1.0,1.0,1.0,1.0,1.0,1.0
periodic,output,b8_n128_distinct,8,128,distinct,0.05,bitonic,5,largest,False,1000,1000,0,1.0,1.0,1.0,1.0,1.0,1.0
periodic,output,b8_n128_distinct,8,128,distinct,0.05,bitonic,10,largest,False,1000,1000,0,1.0,1.0,1.0,1.0,1.0,1.0
periodic,output,b8_n128_distinct,8,128,distinct,0.05,bitonic,32,largest,False,1000,1000,0,1.0,1.0,1.0,1.0,1.0,1.0
periodic,output,b8_n128_distinct,8,128,distinct,0.05,bitonic,128,largest,True,1000,1000,0,1.0,1.0,1.0,1.0,1.0,1.0
periodic,output,b8_n128_distinct,8,128,distinct,0.05,rank,1,largest,False,1000,1000,0,1.0,1.0,1.0,1.0,1.0,1.0
periodic,output,b8_n128_distinct,8,128,distinct,0.05,rank,5,largest,False,1000,1000,0,1.0,1.0,1.0,1.0,1.0,1.0
periodic,output,b8_n128_distinct,8,128,distinct,0.05,rank,10,largest,False,1000,1000,0,1.0,1.0,1.0,1.0,1.0,1.0
periodic,output,b8_n128_distinct,8,128,distinct,0.05,rank,32,largest,False,1000,1000,0,1.0,1.0,1.0,1.0,1.0,1.0
periodic,output,b8_n128_distinct,8,128,distinct,0.05,rank,128,largest,True,1000,1000,0,1.0,1.0,1.0,1.0,1.0,1.0
periodic,output,b8_n128_distinct,8,128,distinct,0.1,bitonic,1,largest,False,1000,1000,0,1.0,1.0,1.0,1.0,1.0,1.0
periodic,output,b8_n128_distinct,8,128,distinct,0.1,bitonic,5,largest,False,1000,1000,0,1.0,1.0,1.0,1.0,1.0,1.0
periodic,output,b8_n128_distinct,8,128,distinct,0.1,bitonic,10,largest,False,1000,1000,0,1.0,1.0,1.0,1.0,1.0,1.0
periodic,output,b8_n128_distinct,8,128,distinct,0.1,bitonic,32,largest,False,1000,1000,0,1.0,1.0,1.0,1.0,1.0,1.0
periodic,output,b8_n128_distinct,8,128,distinct,0.1,bitonic,128,largest,True,1000,1000,0,1.0,1.0,1.0,1.0,1.0,1.0
periodic,output,b8_n128_distinct,8,128,distinct,0.1,rank,1,largest,False,1000,1000,0,1.0,1.0,1.0,1.0,1.0,1.0
periodic,output,b8_n128_distinct,8,128,distinct,0.1,rank,5,largest,False,1000,1000,0,1.0,1.0,1.0,1.0,1.0,1.0
periodic,output,b8_n128_distinct,8,128,distinct,0.1,rank,10,largest,False,1000,1000,0,1.0,1.0,1.0,1.0,1.0,1.0
periodic,output,b8_n128_distinct,8,128,distinct,0.1,rank,32,largest,False,1000,1000,0,1.0,1.0,1.0,1.0,1.0,1.0
periodic,output,b8_n128_distinct,8,128,distinct,0.1,rank,128,largest,True,1000,1000,0,1.0,1.0,1.0,1.0,1.0,1.0
periodic,output,b8_n128_distinct,8,128,distinct,0.15,bitonic,1,largest,False,1000,1000,0,1.0,1.0,1.0,1.0,1.0,1.0
periodic,output,b8_n128_distinct,8,128,distinct,0.15,bitonic,5,largest,False,1000,1000,0,1.0,1.0,1.0,1.0,1.0,1.0
periodic,output,b8_n128_distinct,8,128,distinct,0.15,bitonic,10,largest,False,1000,1000,0,1.0,1.0,1.0,1.0,1.0,1.0
periodic,output,b8_n128_distinct,8,128,distinct,0.15,bitonic,32,largest,False,1000,1000,0,1.0,1.0,1.0,1.0,1.0,1.0
periodic,output,b8_n128_distinct,8,128,distinct,0.15,bitonic,128,largest,True,1000,1000,0,1.0,1.0,1.0,1.0,1.0,1.0
periodic,output,b8_n128_distinct,8,128,distinct,0.15,rank,1,largest,False,1000,1000,0,1.0,1.0,1.0,1.0,1.0,1.0
periodic,output,b8_n128_distinct,8,128,distinct,0.15,rank,5,largest,False,1000,1000,0,1.0,1.0,1.0,1.0,1.0,1.0
periodic,output,b8_n128_distinct,8,128,distinct,0.15,rank,10,largest,False,1000,1000,0,1.0,1.0,1.0,1.0,1.0,1.0
periodic,output,b8_n128_distinct,8,128,distinct,0.15,rank,32,largest,False,1000,1000,0,1.0,1.0,1.0,1.0,1.0,1.0
periodic,output,b8_n128_distinct,8,128,distinct,0.15,rank,128,largest,True,1000,1000,0,1.0,1.0,1.0,1.0,1.0,1.0
periodic,output,b8_n128_distinct,8,128,distinct,0.2,bitonic,1,largest,False,1000,1000,0,1.0,1.0,1.0,1.0,1.0,1.0
periodic,output,b8_n128_distinct,8,128,distinct,0.2,bitonic,5,largest,False,1000,1000,0,1.0,1.0,1.0,1.0,1.0,1.0
periodic,output,b8_n128_distinct,8,128,distinct,0.2,bitonic,10,largest,False,1000,1000,0,1.0,1.0,1.0,1.0,1.0,1.0
periodic,output,b8_n128_distinct,8,128,distinct,0.2,bitonic,32,largest,False,1000,1000,0,1.0,1.0,1.0,1.0,1.0,1.0
periodic,output,b8_n128_distinct,8,128,distinct,0.2,bitonic,128,largest,True,1000,1000,0,1.0,1.0,1.0,1.0,1.0,1.0
periodic,output,b8_n128_distinct,8,128,distinct,0.2,rank,1,largest,False,1000,1000,0,1.0,1.0,1.0,1.0,1.0,1.0
periodic,output,b8_n128_distinct,8,128,distinct,0.2,rank,5,largest,False,1000,1000,0,1.0,1.0,1.0,1.0,1.0,1.0
periodic,output,b8_n128_distinct,8,128,distinct,0.2,rank,10,largest,False,1000,1000,0,1.0,1.0,1.0,1.0,1.0,1.0
periodic,output,b8_n128_distinct,8,128,distinct,0.2,rank,32,largest,False,1000,1000,0,1.0,1.0,1.0,1.0,1.0,1.0
periodic,output,b8_n128_distinct,8,128,distinct,0.2,rank,128,largest,True,1000,1000,0,1.0,1.0,1.0,1.0,1.0,1.0
periodic,output,b8_n128_distinct,8,128,distinct,0.25,bitonic,1,largest,False,1000,1000,0,1.0,1.0,1.0,1.0,1.0,1.0
periodic,output,b8_n128_distinct,8,128,distinct,0.25,bitonic,5,largest,False,1000,1000,0,1.0,1.0,1.0,1.0,1.0,1.0
periodic,output,b8_n128_distinct,8,128,distinct,0.25,bitonic,10,largest,False,1000,1000,0,1.0,1.0,1.0,1.0,1.0,1.0
periodic,output,b8_n128_distinct,8,128,distinct,0.25,bitonic,32,largest,False,1000,1000,0,1.0,1.0,1.0,1.0,1.0,1.0
periodic,output,b8_n128_distinct,8,128,distinct,0.25,bitonic,128,largest,True,1000,1000,0,1.0,1.0,1.0,1.0,1.0,1.0
periodic,output,b8_n128_distinct,8,128,distinct,0.25,rank,1,largest,False,1000,1000,0,1.0,1.0,1.0,1.0,1.0,1.0
periodic,output,b8_n128_distinct,8,128,distinct,0.25,rank,5,largest,False,1000,1000,0,1.0,1.0,1.0,1.0,1.0,1.0
periodic,output,b8_n128_distinct,8,128,distinct,0.25,rank,10,largest,False,1000,1000,0,1.0,1.0,1.0,1.0,1.0,1.0
periodic,output,b8_n128_distinct,8,128,distinct,0.25,rank,32,largest,False,1000,1000,0,1.0,1.0,1.0,1.0,1.0,1.0
periodic,output,b8_n128_distinct,8,128,distinct,0.25,rank,128,largest,True,1000,1000,0,1.0,1.0,1.0,1.0,1.0,1.0
periodic,upstream,b8_n128_duplicates_allowed,8,128,duplicates_allowed,0.0,bitonic,1,largest,False,1000,1000,0,1.0,1.0,1.0,1.0,1.0,1.0
periodic,upstream,b8_n128_duplicates_allowed,8,128,duplicates_allowed,0.0,bitonic,5,largest,False,1000,1000,0,1.0,1.0,1.0,1.0,1.0,1.0
periodic,upstream,b8_n128_duplicates_allowed,8,128,duplicates_allowed,0.0,bitonic,10,largest,False,1000,1000,0,1.0,1.0,1.0,1.0,1.0,1.0
periodic,upstream,b8_n128_duplicates_allowed,8,128,duplicates_allowed,0.0,bitonic,32,largest,False,1000,1000,0,1.0,1.0,1.0,1.0,1.0,1.0
periodic,upstream,b8_n128_duplicates_allowed,8,128,duplicates_allowed,0.0,bitonic,128,largest,True,1000,1000,0,1.0,1.0,1.0,1.0,1.0,1.0
periodic,upstream,b8_n128_duplicates_allowed,8,128,duplicates_allowed,0.0,rank,1,largest,False,1000,1000,0,1.0,1.0,1.0,1.0,1.0,1.0
periodic,upstream,b8_n128_duplicates_allowed,8,128,duplicates_allowed,0.0,rank,5,largest,False,1000,1000,0,1.0,1.0,1.0,1.0,1.0,1.0
periodic,upstream,b8_n128_duplicates_allowed,8,128,duplicates_allowed,0.0,rank,10,largest,False,1000,1000,0,1.0,1.0,1.0,1.0,1.0,1.0
periodic,upstream,b8_n128_duplicates_allowed,8,128,duplicates_allowed,0.0,rank,32,largest,False,1000,1000,0,1.0,1.0,1.0,1.0,1.0,1.0
periodic,upstream,b8_n128_duplicates_allowed,8,128,duplicates_allowed,0.0,rank,128,largest,True,1000,1000,0,1.0,1.0,1.0,1.0,1.0,1.0
periodic,upstream,b8_n128_duplicates_allowed,8,128,duplicates_allowed,0.05,bitonic,1,largest,False,1000,1000,0,1.0,1.0,1.0,1.0,1.0,1.0
periodic,upstream,b8_n128_duplicates_allowed,8,128,duplicates_allowed,0.05,bitonic,5,largest,False,1000,1000,0,1.0,1.0,1.0,1.0,1.0,1.0
periodic,upstream,b8_n128_duplicates_allowed,8,128,duplicates_allowed,0.05,bitonic,10,largest,False,1000,1000,0,1.0,1.0,1.0,1.0,1.0,1.0
periodic,upstream,b8_n128_duplicates_allowed,8,128,duplicates_allowed,0.05,bitonic,32,largest,False,1000,1000,0,1.0,1.0,1.0,1.0,1.0,1.0
periodic,upstream,b8_n128_duplicates_allowed,8,128,duplicates_allowed,0.05,bitonic,128,largest,True,1000,1000,0,1.0,1.0,1.0,1.0,1.0,1.0
periodic,upstream,b8_n128_duplicates_allowed,8,128,duplicates_allowed,0.05,rank,1,largest,False,1000,1000,0,1.0,1.0,1.0,1.0,1.0,1.0
periodic,upstream,b8_n128_duplicates_allowed,8,128,duplicates_allowed,0.05,rank,5,largest,False,1000,1000,0,1.0,1.0,1.0,1.0,1.0,1.0
periodic,upstream,b8_n128_duplicates_allowed,8,128,duplicates_allowed,0.05,rank,10,largest,False,1000,1000,0,1.0,1.0,1.0,1.0,1.0,1.0
periodic,upstream,b8_n128_duplicates_allowed,8,128,duplicates_allowed,0.05,rank,32,largest,False,1000,1000,0,1.0,1.0,1.0,1.0,1.0,1.0
periodic,upstream,b8_n128_duplicates_allowed,8,128,duplicates_allowed,0.05,rank,128,largest,True,1000,1000,0,1.0,1.0,1.0,1.0,1.0,1.0
periodic,upstream,b8_n128_duplicates_allowed,8,128,duplicates_allowed,0.1,bitonic,1,largest,False,1000,1000,0,1.0,1.0,1.0,1.0,1.0,1.0
periodic,upstream,b8_n128_duplicates_allowed,8,128,duplicates_allowed,0.1,bitonic,5,largest,False,1000,1000,0,1.0,1.0,1.0,1.0,1.0,1.0
periodic,upstream,b8_n128_duplicates_allowed,8,128,duplicates_allowed,0.1,bitonic,10,largest,False,1000,1000,0,1.0,1.0,1.0,1.0,1.0,1.0
periodic,upstream,b8_n128_duplicates_allowed,8,128,duplicates_allowed,0.1,bitonic,32,largest,False,1000,1000,0,1.0,1.0,1.0,1.0,1.0,1.0
periodic,upstream,b8_n128_duplicates_allowed,8,128,duplicates_allowed,0.1,bitonic,128,largest,True,1000,1000,0,1.0,1.0,1.0,1.0,1.0,1.0
periodic,upstream,b8_n128_duplicates_allowed,8,128,duplicates_allowed,0.1,rank,1,largest,False,1000,1000,0,1.0,1.0,1.0,1.0,1.0,1.0
periodic,upstream,b8_n128_duplicates_allowed,8,128,duplicates_allowed,0.1,rank,5,largest,False,1000,1000,0,1.0,1.0,1.0,1.0,1.0,1.0
periodic,upstream,b8_n128_duplicates_allowed,8,128,duplicates_allowed,0.1,rank,10,largest,False,1000,1000,0,1.0,1.0,1.0,1.0,1.0,1.0
periodic,upstream,b8_n128_duplicates_allowed,8,128,duplicates_allowed,0.1,rank,32,largest,False,1000,1000,0,1.0,1.0,1.0,1.0,1.0,1.0
periodic,upstream,b8_n128_duplicates_allowed,8,128,duplicates_allowed,0.1,rank,128,largest,True,1000,1000,0,1.0,1.0,1.0,1.0,1.0,1.0
periodic,upstream,b8_n128_duplicates_allowed,8,128,duplicates_allowed,0.15,bitonic,1,largest,False,1000,1000,0,1.0,1.0,1.0,1.0,1.0,1.0
periodic,upstream,b8_n128_duplicates_allowed,8,128,duplicates_allowed,0.15,bitonic,5,largest,False,1000,1000,0,1.0,1.0,1.0,1.0,1.0,1.0
periodic,upstream,b8_n128_duplicates_allowed,8,128,duplicates_allowed,0.15,bitonic,10,largest,False,1000,1000,0,1.0,1.0,1.0,1.0,1.0,1.0
periodic,upstream,b8_n128_duplicates_allowed,8,128,duplicates_allowed,0.15,bitonic,32,largest,False,1000,1000,0,1.0,1.0,1.0,1.0,1.0,1.0
periodic,upstream,b8_n128_duplicates_allowed,8,128,duplicates_allowed,0.15,bitonic,128,largest,True,1000,1000,0,1.0,1.0,1.0,1.0,1.0,1.0
periodic,upstream,b8_n128_duplicates_allowed,8,128,duplicates_allowed,0.15,rank,1,largest,False,1000,995,5,1.0,1.0,0.995,1.0,1.0,0.995
periodic,upstream,b8_n128_duplicates_allowed,8,128,duplicates_allowed,0.15,rank,5,largest,False,1000,995,5,1.0,1.0,0.995,1.0,1.0,0.995
periodic,upstream,b8_n128_duplicates_allowed,8,128,duplicates_allowed,0.15,rank,10,largest,False,1000,995,5,1.0,1.0,0.995,1.0,1.0,0.995
periodic,upstream,b8_n128_duplicates_allowed,8,128,duplicates_allowed,0.15,rank,32,largest,False,1000,995,5,1.0,1.0,0.995,1.0,1.0,0.995
periodic,upstream,b8_n128_duplicates_allowed,8,128,duplicates_allowed,0.15,rank,128,largest,True,1000,995,5,1.0,1.0,0.995,1.0,1.0,0.995
periodic,upstream,b8_n128_duplicates_allowed,8,128,duplicates_allowed,0.2,bitonic,1,largest,False,1000,1000,0,1.0,1.0,1.0,1.0,1.0,1.0
periodic,upstream,b8_n128_duplicates_allowed,8,128,duplicates_allowed,0.2,bitonic,5,largest,False,1000,1000,0,0.9997999999999999,0.8,0.9997999999999999,1.0,1.0,1.0
periodic,upstream,b8_n128_duplicates_allowed,8,128,duplicates_allowed,0.2,bitonic,10,largest,False,1000,1000,0,0.9999,0.9,0.9999,0.9999,0.9,0.9999
periodic,upstream,b8_n128_duplicates_allowed,8,128,duplicates_allowed,0.2,bitonic,32,largest,False,1000,1000,0,0.99996875,0.96875,0.99996875,0.99996875,0.96875,0.99996875
periodic,upstream,b8_n128_duplicates_allowed,8,128,duplicates_allowed,0.2,bitonic,128,largest,True,1000,1000,0,1.0,1.0,1.0,1.0,1.0,1.0
periodic,upstream,b8_n128_duplicates_allowed,8,128,duplicates_allowed,0.2,rank,1,largest,False,1000,923,77,1.0,1.0,0.923,1.0,1.0,0.923
periodic,upstream,b8_n128_duplicates_allowed,8,128,duplicates_allowed,0.2,rank,5,largest,False,1000,923,77,0.999566630552546,0.8,0.9226,0.999566630552546,0.8,0.9226
periodic,upstream,b8_n128_duplicates_allowed,8,128,duplicates_allowed,0.2,rank,10,largest,False,1000,923,77,0.9998916576381365,0.9,0.9228999999999999,1.0,1.0,0.923
periodic,upstream,b8_n128_duplicates_allowed,8,128,duplicates_allowed,0.2,rank,32,largest,False,1000,923,77,0.9999322860238353,0.96875,0.9229375,1.0,1.0,0.923
periodic,upstream,b8_n128_duplicates_allowed,8,128,duplicates_allowed,0.2,rank,128,largest,True,1000,923,77,1.0,1.0,0.923,1.0,1.0,0.923
periodic,upstream,b8_n128_duplicates_allowed,8,128,duplicates_allowed,0.25,bitonic,1,largest,False,1000,1000,0,0.991,0.0,0.991,0.998,0.0,0.998
periodic,upstream,b8_n128_duplicates_allowed,8,128,duplicates_allowed,0.25,bitonic,5,largest,False,1000,1000,0,0.9976,0.8,0.9976,0.9992000000000001,0.8,0.9992000000000001
periodic,upstream,b8_n128_duplicates_allowed,8,128,duplicates_allowed,0.25,bitonic,10,largest,False,1000,1000,0,0.9991,0.9,0.9991,0.9995999999999999,0.9,0.9995999999999999
periodic,upstream,b8_n128_duplicates_allowed,8,128,duplicates_allowed,0.25,bitonic,32,largest,False,1000,1000,0,0.99965625,0.96875,0.99965625,0.9998125,0.96875,0.9998125
periodic,upstream,b8_n128_duplicates_allowed,8,128,duplicates_allowed,0.25,bitonic,128,largest,True,1000,1000,0,1.0,1.0,1.0,1.0,1.0,1.0
periodic,upstream,b8_n128_duplicates_allowed,8,128,duplicates_allowed,0.25,rank,1,largest,False,1000,753,247,0.9920318725099602,0.0,0.747,0.99867197875166,0.0,0.752
periodic,upstream,b8_n128_duplicates_allowed,8,128,duplicates_allowed,0.25,rank,5,largest,False,1000,753,247,0.9992031872509961,0.8,0.7524000000000001,0.999468791500664,0.8,0.7526
periodic,upstream,b8_n128_duplicates_allowed,8,128,duplicates_allowed,0.25,rank,10,largest,False,1000,753,247,0.9989375830013281,0.9,0.7522000000000001,0.99933598937583,0.9,0.7525
periodic,upstream,b8_n128_duplicates_allowed,8,128,duplicates_allowed,0.25,rank,32,largest,False,1000,753,247,0.9995849933598937,0.96875,0.7526875,0.9998339973439575,0.96875,0.752875
periodic,upstream,b8_n128_duplicates_allowed,8,128,duplicates_allowed,0.25,rank,128,largest,True,1000,753,247,1.0,1.0,0.753,1.0,1.0,0.753
periodic,output,b8_n128_duplicates_allowed,8,128,duplicates_allowed,0.0,bitonic,1,largest,False,1000,1000,0,1.0,1.0,1.0,1.0,1.0,1.0
periodic,output,b8_n128_duplicates_allowed,8,128,duplicates_allowed,0.0,bitonic,5,largest,False,1000,1000,0,1.0,1.0,1.0,1.0,1.0,1.0
periodic,output,b8_n128_duplicates_allowed,8,128,duplicates_allowed,0.0,bitonic,10,largest,False,1000,1000,0,1.0,1.0,1.0,1.0,1.0,1.0
periodic,output,b8_n128_duplicates_allowed,8,128,duplicates_allowed,0.0,bitonic,32,largest,False,1000,1000,0,1.0,1.0,1.0,1.0,1.0,1.0
periodic,output,b8_n128_duplicates_allowed,8,128,duplicates_allowed,0.0,bitonic,128,largest,True,1000,1000,0,1.0,1.0,1.0,1.0,1.0,1.0
periodic,output,b8_n128_duplicates_allowed,8,128,duplicates_allowed,0.0,rank,1,largest,False,1000,1000,0,1.0,1.0,1.0,1.0,1.0,1.0
periodic,output,b8_n128_duplicates_allowed,8,128,duplicates_allowed,0.0,rank,5,largest,False,1000,1000,0,1.0,1.0,1.0,1.0,1.0,1.0
periodic,output,b8_n128_duplicates_allowed,8,128,duplicates_allowed,0.0,rank,10,largest,False,1000,1000,0,1.0,1.0,1.0,1.0,1.0,1.0
periodic,output,b8_n128_duplicates_allowed,8,128,duplicates_allowed,0.0,rank,32,largest,False,1000,1000,0,1.0,1.0,1.0,1.0,1.0,1.0
periodic,output,b8_n128_duplicates_allowed,8,128,duplicates_allowed,0.0,rank,128,largest,True,1000,1000,0,1.0,1.0,1.0,1.0,1.0,1.0
periodic,output,b8_n128_duplicates_allowed,8,128,duplicates_allowed,0.05,bitonic,1,largest,False,1000,1000,0,0.883,0.0,0.883,1.0,1.0,1.0
periodic,output,b8_n128_duplicates_allowed,8,128,duplicates_allowed,0.05,bitonic,5,largest,False,1000,1000,0,0.976,0.8,0.976,1.0,1.0,1.0
periodic,output,b8_n128_duplicates_allowed,8,128,duplicates_allowed,0.05,bitonic,10,largest,False,1000,1000,0,0.9887999999999999,0.8,0.9887999999999999,1.0,1.0,1.0
periodic,output,b8_n128_duplicates_allowed,8,128,duplicates_allowed,0.05,bitonic,32,largest,False,1000,1000,0,0.99596875,0.9375,0.99596875,1.0,1.0,1.0
periodic,output,b8_n128_duplicates_allowed,8,128,duplicates_allowed,0.05,bitonic,128,largest,True,1000,1000,0,1.0,1.0,1.0,1.0,1.0,1.0
periodic,output,b8_n128_duplicates_allowed,8,128,duplicates_allowed,0.05,rank,1,largest,False,1000,338,662,0.8757396449704142,0.0,0.296,1.0,1.0,0.338
periodic,output,b8_n128_duplicates_allowed,8,128,duplicates_allowed,0.05,rank,5,largest,False,1000,338,662,0.9816568047337276,0.8,0.3318,1.0,1.0,0.338
periodic,output,b8_n128_duplicates_allowed,8,128,duplicates_allowed,0.05,rank,10,largest,False,1000,338,662,0.9896449704142012,0.9,0.3345000000000001,1.0,1.0,0.338
periodic,output,b8_n128_duplicates_allowed,8,128,duplicates_allowed,0.05,rank,32,largest,False,1000,338,662,0.9968565088757396,0.96875,0.3369375,1.0,1.0,0.338
periodic,output,b8_n128_duplicates_allowed,8,128,duplicates_allowed,0.05,rank,128,largest,True,1000,338,662,1.0,1.0,0.338,1.0,1.0,0.338
periodic,output,b8_n128_duplicates_allowed,8,128,duplicates_allowed,0.1,bitonic,1,largest,False,1000,1000,0,0.883,0.0,0.883,1.0,1.0,1.0
periodic,output,b8_n128_duplicates_allowed,8,128,duplicates_allowed,0.1,bitonic,5,largest,False,1000,1000,0,0.976,0.8,0.976,1.0,1.0,1.0
periodic,output,b8_n128_duplicates_allowed,8,128,duplicates_allowed,0.1,bitonic,10,largest,False,1000,1000,0,0.9887999999999999,0.8,0.9887999999999999,1.0,1.0,1.0
periodic,output,b8_n128_duplicates_allowed,8,128,duplicates_allowed,0.1,bitonic,32,largest,False,1000,1000,0,0.99596875,0.9375,0.99596875,1.0,1.0,1.0
periodic,output,b8_n128_duplicates_allowed,8,128,duplicates_allowed,0.1,bitonic,128,largest,True,1000,1000,0,1.0,1.0,1.0,1.0,1.0,1.0
periodic,output,b8_n128_duplicates_allowed,8,128,duplicates_allowed,0.1,rank,1,largest,False,1000,338,662,0.8757396449704142,0.0,0.296,1.0,1.0,0.338
periodic,output,b8_n128_duplicates_allowed,8,128,duplicates_allowed,0.1,rank,5,largest,False,1000,338,662,0.9816568047337276,0.8,0.3318,1.0,1.0,0.338
periodic,output,b8_n128_duplicates_allowed,8,128,duplicates_allowed,0.1,rank,10,largest,False,1000,338,662,0.9896449704142012,0.9,0.3345000000000001,1.0,1.0,0.338
periodic,output,b8_n128_duplicates_allowed,8,128,duplicates_allowed,0.1,rank,32,largest,False,1000,338,662,0.9968565088757396,0.96875,0.3369375,1.0,1.0,0.338
periodic,output,b8_n128_duplicates_allowed,8,128,duplicates_allowed,0.1,rank,128,largest,True,1000,338,662,1.0,1.0,0.338,1.0,1.0,0.338
periodic,output,b8_n128_duplicates_allowed,8,128,duplicates_allowed,0.15,bitonic,1,largest,False,1000,1000,0,0.883,0.0,0.883,1.0,1.0,1.0
periodic,output,b8_n128_duplicates_allowed,8,128,duplicates_allowed,0.15,bitonic,5,largest,False,1000,1000,0,0.976,0.8,0.976,1.0,1.0,1.0
periodic,output,b8_n128_duplicates_allowed,8,128,duplicates_allowed,0.15,bitonic,10,largest,False,1000,1000,0,0.9887999999999999,0.8,0.9887999999999999,1.0,1.0,1.0
periodic,output,b8_n128_duplicates_allowed,8,128,duplicates_allowed,0.15,bitonic,32,largest,False,1000,1000,0,0.99596875,0.9375,0.99596875,1.0,1.0,1.0
periodic,output,b8_n128_duplicates_allowed,8,128,duplicates_allowed,0.15,bitonic,128,largest,True,1000,1000,0,1.0,1.0,1.0,1.0,1.0,1.0
periodic,output,b8_n128_duplicates_allowed,8,128,duplicates_allowed,0.15,rank,1,largest,False,1000,338,662,0.8757396449704142,0.0,0.296,1.0,1.0,0.338
periodic,output,b8_n128_duplicates_allowed,8,128,duplicates_allowed,0.15,rank,5,largest,False,1000,338,662,0.9816568047337276,0.8,0.3318,1.0,1.0,0.338
periodic,output,b8_n128_duplicates_allowed,8,128,duplicates_allowed,0.15,rank,10,largest,False,1000,338,662,0.9896449704142012,0.9,0.3345000000000001,1.0,1.0,0.338
periodic,output,b8_n128_duplicates_allowed,8,128,duplicates_allowed,0.15,rank,32,largest,False,1000,338,662,0.9968565088757396,0.96875,0.3369375,1.0,1.0,0.338
periodic,output,b8_n128_duplicates_allowed,8,128,duplicates_allowed,0.15,rank,128,largest,True,1000,338,662,1.0,1.0,0.338,1.0,1.0,0.338
periodic,output,b8_n128_duplicates_allowed,8,128,duplicates_allowed,0.2,bitonic,1,largest,False,1000,1000,0,0.883,0.0,0.883,1.0,1.0,1.0
periodic,output,b8_n128_duplicates_allowed,8,128,duplicates_allowed,0.2,bitonic,5,largest,False,1000,1000,0,0.976,0.8,0.976,1.0,1.0,1.0
periodic,output,b8_n128_duplicates_allowed,8,128,duplicates_allowed,0.2,bitonic,10,largest,False,1000,1000,0,0.9887999999999999,0.8,0.9887999999999999,1.0,1.0,1.0
periodic,output,b8_n128_duplicates_allowed,8,128,duplicates_allowed,0.2,bitonic,32,largest,False,1000,1000,0,0.99596875,0.9375,0.99596875,1.0,1.0,1.0
periodic,output,b8_n128_duplicates_allowed,8,128,duplicates_allowed,0.2,bitonic,128,largest,True,1000,1000,0,1.0,1.0,1.0,1.0,1.0,1.0
periodic,output,b8_n128_duplicates_allowed,8,128,duplicates_allowed,0.2,rank,1,largest,False,1000,338,662,0.8757396449704142,0.0,0.296,1.0,1.0,0.338
periodic,output,b8_n128_duplicates_allowed,8,128,duplicates_allowed,0.2,rank,5,largest,False,1000,338,662,0.9816568047337276,0.8,0.3318,1.0,1.0,0.338
periodic,output,b8_n128_duplicates_allowed,8,128,duplicates_allowed,0.2,rank,10,largest,False,1000,338,662,0.9896449704142012,0.9,0.3345000000000001,1.0,1.0,0.338
periodic,output,b8_n128_duplicates_allowed,8,128,duplicates_allowed,0.2,rank,32,largest,False,1000,338,662,0.9968565088757396,0.96875,0.3369375,1.0,1.0,0.338
periodic,output,b8_n128_duplicates_allowed,8,128,duplicates_allowed,0.2,rank,128,largest,True,1000,338,662,1.0,1.0,0.338,1.0,1.0,0.338
periodic,output,b8_n128_duplicates_allowed,8,128,duplicates_allowed,0.25,bitonic,1,largest,False,1000,1000,0,0.883,0.0,0.883,1.0,1.0,1.0
periodic,output,b8_n128_duplicates_allowed,8,128,duplicates_allowed,0.25,bitonic,5,largest,False,1000,1000,0,0.976,0.8,0.976,1.0,1.0,1.0
periodic,output,b8_n128_duplicates_allowed,8,128,duplicates_allowed,0.25,bitonic,10,largest,False,1000,1000,0,0.9887999999999999,0.8,0.9887999999999999,1.0,1.0,1.0
periodic,output,b8_n128_duplicates_allowed,8,128,duplicates_allowed,0.25,bitonic,32,largest,False,1000,1000,0,0.99596875,0.9375,0.99596875,1.0,1.0,1.0
periodic,output,b8_n128_duplicates_allowed,8,128,duplicates_allowed,0.25,bitonic,128,largest,True,1000,1000,0,1.0,1.0,1.0,1.0,1.0,1.0
periodic,output,b8_n128_duplicates_allowed,8,128,duplicates_allowed,0.25,rank,1,largest,False,1000,338,662,0.8757396449704142,0.0,0.296,1.0,1.0,0.338
periodic,output,b8_n128_duplicates_allowed,8,128,duplicates_allowed,0.25,rank,5,largest,False,1000,338,662,0.9816568047337276,0.8,0.3318,1.0,1.0,0.338
periodic,output,b8_n128_duplicates_allowed,8,128,duplicates_allowed,0.25,rank,10,largest,False,1000,338,662,0.9896449704142012,0.9,0.3345000000000001,1.0,1.0,0.338
periodic,output,b8_n128_duplicates_allowed,8,128,duplicates_allowed,0.25,rank,32,largest,False,1000,338,662,0.9968565088757396,0.96875,0.3369375,1.0,1.0,0.338
periodic,output,b8_n128_duplicates_allowed,8,128,duplicates_allowed,0.25,rank,128,largest,True,1000,338,662,1.0,1.0,0.338,1.0,1.0,0.338
periodic,upstream,b8_n256_distinct,8,256,distinct,0.0,bitonic,1,largest,False,1000,1000,0,1.0,1.0,1.0,1.0,1.0,1.0
periodic,upstream,b8_n256_distinct,8,256,distinct,0.0,bitonic,5,largest,False,1000,1000,0,1.0,1.0,1.0,1.0,1.0,1.0
periodic,upstream,b8_n256_distinct,8,256,distinct,0.0,bitonic,10,largest,False,1000,1000,0,1.0,1.0,1.0,1.0,1.0,1.0
periodic,upstream,b8_n256_distinct,8,256,distinct,0.0,bitonic,32,largest,False,1000,1000,0,1.0,1.0,1.0,1.0,1.0,1.0
periodic,upstream,b8_n256_distinct,8,256,distinct,0.0,bitonic,256,largest,True,1000,1000,0,1.0,1.0,1.0,1.0,1.0,1.0
periodic,upstream,b8_n256_distinct,8,256,distinct,0.0,rank,1,largest,False,1000,1000,0,1.0,1.0,1.0,1.0,1.0,1.0
periodic,upstream,b8_n256_distinct,8,256,distinct,0.0,rank,5,largest,False,1000,1000,0,1.0,1.0,1.0,1.0,1.0,1.0
periodic,upstream,b8_n256_distinct,8,256,distinct,0.0,rank,10,largest,False,1000,1000,0,1.0,1.0,1.0,1.0,1.0,1.0
periodic,upstream,b8_n256_distinct,8,256,distinct,0.0,rank,32,largest,False,1000,1000,0,1.0,1.0,1.0,1.0,1.0,1.0
periodic,upstream,b8_n256_distinct,8,256,distinct,0.0,rank,256,largest,True,1000,1000,0,1.0,1.0,1.0,1.0,1.0,1.0
periodic,upstream,b8_n256_distinct,8,256,distinct,0.05,bitonic,1,largest,False,1000,1000,0,1.0,1.0,1.0,1.0,1.0,1.0
periodic,upstream,b8_n256_distinct,8,256,distinct,0.05,bitonic,5,largest,False,1000,1000,0,1.0,1.0,1.0,1.0,1.0,1.0
periodic,upstream,b8_n256_distinct,8,256,distinct,0.05,bitonic,10,largest,False,1000,1000,0,1.0,1.0,1.0,1.0,1.0,1.0
periodic,upstream,b8_n256_distinct,8,256,distinct,0.05,bitonic,32,largest,False,1000,1000,0,1.0,1.0,1.0,1.0,1.0,1.0
periodic,upstream,b8_n256_distinct,8,256,distinct,0.05,bitonic,256,largest,True,1000,1000,0,1.0,1.0,1.0,1.0,1.0,1.0
periodic,upstream,b8_n256_distinct,8,256,distinct,0.05,rank,1,largest,False,1000,1000,0,1.0,1.0,1.0,1.0,1.0,1.0
periodic,upstream,b8_n256_distinct,8,256,distinct,0.05,rank,5,largest,False,1000,1000,0,1.0,1.0,1.0,1.0,1.0,1.0
periodic,upstream,b8_n256_distinct,8,256,distinct,0.05,rank,10,largest,False,1000,1000,0,1.0,1.0,1.0,1.0,1.0,1.0
periodic,upstream,b8_n256_distinct,8,256,distinct,0.05,rank,32,largest,False,1000,1000,0,1.0,1.0,1.0,1.0,1.0,1.0
periodic,upstream,b8_n256_distinct,8,256,distinct,0.05,rank,256,largest,True,1000,1000,0,1.0,1.0,1.0,1.0,1.0,1.0
periodic,upstream,b8_n256_distinct,8,256,distinct,0.1,bitonic,1,largest,False,1000,1000,0,1.0,1.0,1.0,1.0,1.0,1.0
periodic,upstream,b8_n256_distinct,8,256,distinct,0.1,bitonic,5,largest,False,1000,1000,0,1.0,1.0,1.0,1.0,1.0,1.0
periodic,upstream,b8_n256_distinct,8,256,distinct,0.1,bitonic,10,largest,False,1000,1000,0,1.0,1.0,1.0,1.0,1.0,1.0
periodic,upstream,b8_n256_distinct,8,256,distinct,0.1,bitonic,32,largest,False,1000,1000,0,1.0,1.0,1.0,1.0,1.0,1.0
periodic,upstream,b8_n256_distinct,8,256,distinct,0.1,bitonic,256,largest,True,1000,1000,0,1.0,1.0,1.0,1.0,1.0,1.0
periodic,upstream,b8_n256_distinct,8,256,distinct,0.1,rank,1,largest,False,1000,1000,0,1.0,1.0,1.0,1.0,1.0,1.0
periodic,upstream,b8_n256_distinct,8,256,distinct,0.1,rank,5,largest,False,1000,1000,0,1.0,1.0,1.0,1.0,1.0,1.0
periodic,upstream,b8_n256_distinct,8,256,distinct,0.1,rank,10,largest,False,1000,1000,0,1.0,1.0,1.0,1.0,1.0,1.0
periodic,upstream,b8_n256_distinct,8,256,distinct,0.1,rank,32,largest,False,1000,1000,0,1.0,1.0,1.0,1.0,1.0,1.0
periodic,upstream,b8_n256_distinct,8,256,distinct,0.1,rank,256,largest,True,1000,1000,0,1.0,1.0,1.0,1.0,1.0,1.0
periodic,upstream,b8_n256_distinct,8,256,distinct,0.15,bitonic,1,largest,False,1000,1000,0,1.0,1.0,1.0,1.0,1.0,1.0
periodic,upstream,b8_n256_distinct,8,256,distinct,0.15,bitonic,5,largest,False,1000,1000,0,1.0,1.0,1.0,1.0,1.0,1.0
periodic,upstream,b8_n256_distinct,8,256,distinct,0.15,bitonic,10,largest,False,1000,1000,0,1.0,1.0,1.0,1.0,1.0,1.0
periodic,upstream,b8_n256_distinct,8,256,distinct,0.15,bitonic,32,largest,False,1000,1000,0,1.0,1.0,1.0,1.0,1.0,1.0
periodic,upstream,b8_n256_distinct,8,256,distinct,0.15,bitonic,256,largest,True,1000,1000,0,1.0,1.0,1.0,1.0,1.0,1.0
periodic,upstream,b8_n256_distinct,8,256,distinct,0.15,rank,1,largest,False,1000,1000,0,1.0,1.0,1.0,1.0,1.0,1.0
periodic,upstream,b8_n256_distinct,8,256,distinct,0.15,rank,5,largest,False,1000,1000,0,1.0,1.0,1.0,1.0,1.0,1.0
periodic,upstream,b8_n256_distinct,8,256,distinct,0.15,rank,10,largest,False,1000,1000,0,1.0,1.0,1.0,1.0,1.0,1.0
periodic,upstream,b8_n256_distinct,8,256,distinct,0.15,rank,32,largest,False,1000,1000,0,1.0,1.0,1.0,1.0,1.0,1.0
periodic,upstream,b8_n256_distinct,8,256,distinct,0.15,rank,256,largest,True,1000,1000,0,1.0,1.0,1.0,1.0,1.0,1.0
periodic,upstream,b8_n256_distinct,8,256,distinct,0.2,bitonic,1,largest,False,1000,1000,0,0.998,0.0,0.998,0.998,0.0,0.998
periodic,upstream,b8_n256_distinct,8,256,distinct,0.2,bitonic,5,largest,False,1000,1000,0,0.9996,0.8,0.9996,0.9996,0.8,0.9996
periodic,upstream,b8_n256_distinct,8,256,distinct,0.2,bitonic,10,largest,False,1000,1000,0,1.0,1.0,1.0,1.0,1.0,1.0
periodic,upstream,b8_n256_distinct,8,256,distinct,0.2,bitonic,32,largest,False,1000,1000,0,0.99996875,0.96875,0.99996875,0.99996875,0.96875,0.99996875
periodic,upstream,b8_n256_distinct,8,256,distinct,0.2,bitonic,256,largest,True,1000,1000,0,1.0,1.0,1.0,1.0,1.0,1.0
periodic,upstream,b8_n256_distinct,8,256,distinct,0.2,rank,1,largest,False,1000,999,1,0.994994994994995,0.0,0.994,0.994994994994995,0.0,0.994
periodic,upstream,b8_n256_distinct,8,256,distinct,0.2,rank,5,largest,False,1000,999,1,0.998998998998999,0.8,0.998,0.998998998998999,0.8,0.998
periodic,upstream,b8_n256_distinct,8,256,distinct,0.2,rank,10,largest,False,1000,999,1,0.9994994994994995,0.9,0.9985,0.9994994994994995,0.9,0.9985
periodic,upstream,b8_n256_distinct,8,256,distinct,0.2,rank,32,largest,False,1000,999,1,0.9999374374374375,0.96875,0.9989375,0.9999374374374375,0.96875,0.9989375
periodic,upstream,b8_n256_distinct,8,256,distinct,0.2,rank,256,largest,True,1000,999,1,1.0,1.0,0.999,1.0,1.0,0.999
periodic,upstream,b8_n256_distinct,8,256,distinct,0.25,bitonic,1,largest,False,1000,1000,0,0.988,0.0,0.988,0.988,0.0,0.988
periodic,upstream,b8_n256_distinct,8,256,distinct,0.25,bitonic,5,largest,False,1000,1000,0,0.9966,0.8,0.9966,0.9966,0.8,0.9966
periodic,upstream,b8_n256_distinct,8,256,distinct,0.25,bitonic,10,largest,False,1000,1000,0,0.9987999999999999,0.9,0.9987999999999999,0.9987999999999999,0.9,0.9987999999999999
periodic,upstream,b8_n256_distinct,8,256,distinct,0.25,bitonic,32,largest,False,1000,1000,0,0.9998125,0.96875,0.9998125,0.9998125,0.96875,0.9998125
periodic,upstream,b8_n256_distinct,8,256,distinct,0.25,bitonic,256,largest,True,1000,1000,0,1.0,1.0,1.0,1.0,1.0,1.0
periodic,upstream,b8_n256_distinct,8,256,distinct,0.25,rank,1,largest,False,1000,984,16,0.9867886178861789,0.0,0.971,0.9867886178861789,0.0,0.971
periodic,upstream,b8_n256_distinct,8,256,distinct,0.25,rank,5,largest,False,1000,984,16,0.9969512195121951,0.8,0.981,0.9969512195121951,0.8,0.981
periodic,upstream,b8_n256_distinct,8,256,distinct,0.25,rank,10,largest,False,1000,984,16,0.998780487804878,0.9,0.9828,0.998780487804878,0.9,0.9828
periodic,upstream,b8_n256_distinct,8,256,distinct,0.25,rank,32,largest,False,1000,984,16,0.999682418699187,0.96875,0.9836875,0.999682418699187,0.96875,0.9836875
periodic,upstream,b8_n256_distinct,8,256,distinct,0.25,rank,256,largest,True,1000,984,16,1.0,1.0,0.984,1.0,1.0,0.984
periodic,output,b8_n256_distinct,8,256,distinct,0.0,bitonic,1,largest,False,1000,1000,0,1.0,1.0,1.0,1.0,1.0,1.0
periodic,output,b8_n256_distinct,8,256,distinct,0.0,bitonic,5,largest,False,1000,1000,0,1.0,1.0,1.0,1.0,1.0,1.0
periodic,output,b8_n256_distinct,8,256,distinct,0.0,bitonic,10,largest,False,1000,1000,0,1.0,1.0,1.0,1.0,1.0,1.0
periodic,output,b8_n256_distinct,8,256,distinct,0.0,bitonic,32,largest,False,1000,1000,0,1.0,1.0,1.0,1.0,1.0,1.0
periodic,output,b8_n256_distinct,8,256,distinct,0.0,bitonic,256,largest,True,1000,1000,0,1.0,1.0,1.0,1.0,1.0,1.0
periodic,output,b8_n256_distinct,8,256,distinct,0.0,rank,1,largest,False,1000,1000,0,1.0,1.0,1.0,1.0,1.0,1.0
periodic,output,b8_n256_distinct,8,256,distinct,0.0,rank,5,largest,False,1000,1000,0,1.0,1.0,1.0,1.0,1.0,1.0
periodic,output,b8_n256_distinct,8,256,distinct,0.0,rank,10,largest,False,1000,1000,0,1.0,1.0,1.0,1.0,1.0,1.0
periodic,output,b8_n256_distinct,8,256,distinct,0.0,rank,32,largest,False,1000,1000,0,1.0,1.0,1.0,1.0,1.0,1.0
periodic,output,b8_n256_distinct,8,256,distinct,0.0,rank,256,largest,True,1000,1000,0,1.0,1.0,1.0,1.0,1.0,1.0
periodic,output,b8_n256_distinct,8,256,distinct,0.05,bitonic,1,largest,False,1000,1000,0,1.0,1.0,1.0,1.0,1.0,1.0
periodic,output,b8_n256_distinct,8,256,distinct,0.05,bitonic,5,largest,False,1000,1000,0,1.0,1.0,1.0,1.0,1.0,1.0
periodic,output,b8_n256_distinct,8,256,distinct,0.05,bitonic,10,largest,False,1000,1000,0,1.0,1.0,1.0,1.0,1.0,1.0
periodic,output,b8_n256_distinct,8,256,distinct,0.05,bitonic,32,largest,False,1000,1000,0,1.0,1.0,1.0,1.0,1.0,1.0
periodic,output,b8_n256_distinct,8,256,distinct,0.05,bitonic,256,largest,True,1000,1000,0,1.0,1.0,1.0,1.0,1.0,1.0
periodic,output,b8_n256_distinct,8,256,distinct,0.05,rank,1,largest,False,1000,1000,0,1.0,1.0,1.0,1.0,1.0,1.0
periodic,output,b8_n256_distinct,8,256,distinct,0.05,rank,5,largest,False,1000,1000,0,1.0,1.0,1.0,1.0,1.0,1.0
periodic,output,b8_n256_distinct,8,256,distinct,0.05,rank,10,largest,False,1000,1000,0,1.0,1.0,1.0,1.0,1.0,1.0
periodic,output,b8_n256_distinct,8,256,distinct,0.05,rank,32,largest,False,1000,1000,0,1.0,1.0,1.0,1.0,1.0,1.0
periodic,output,b8_n256_distinct,8,256,distinct,0.05,rank,256,largest,True,1000,1000,0,1.0,1.0,1.0,1.0,1.0,1.0
periodic,output,b8_n256_distinct,8,256,distinct,0.1,bitonic,1,largest,False,1000,1000,0,1.0,1.0,1.0,1.0,1.0,1.0
periodic,output,b8_n256_distinct,8,256,distinct,0.1,bitonic,5,largest,False,1000,1000,0,1.0,1.0,1.0,1.0,1.0,1.0
periodic,output,b8_n256_distinct,8,256,distinct,0.1,bitonic,10,largest,False,1000,1000,0,1.0,1.0,1.0,1.0,1.0,1.0
periodic,output,b8_n256_distinct,8,256,distinct,0.1,bitonic,32,largest,False,1000,1000,0,1.0,1.0,1.0,1.0,1.0,1.0
periodic,output,b8_n256_distinct,8,256,distinct,0.1,bitonic,256,largest,True,1000,1000,0,1.0,1.0,1.0,1.0,1.0,1.0
periodic,output,b8_n256_distinct,8,256,distinct,0.1,rank,1,largest,False,1000,1000,0,1.0,1.0,1.0,1.0,1.0,1.0
periodic,output,b8_n256_distinct,8,256,distinct,0.1,rank,5,largest,False,1000,1000,0,1.0,1.0,1.0,1.0,1.0,1.0
periodic,output,b8_n256_distinct,8,256,distinct,0.1,rank,10,largest,False,1000,1000,0,1.0,1.0,1.0,1.0,1.0,1.0
periodic,output,b8_n256_distinct,8,256,distinct,0.1,rank,32,largest,False,1000,1000,0,1.0,1.0,1.0,1.0,1.0,1.0
periodic,output,b8_n256_distinct,8,256,distinct,0.1,rank,256,largest,True,1000,1000,0,1.0,1.0,1.0,1.0,1.0,1.0
periodic,output,b8_n256_distinct,8,256,distinct,0.15,bitonic,1,largest,False,1000,1000,0,1.0,1.0,1.0,1.0,1.0,1.0
periodic,output,b8_n256_distinct,8,256,distinct,0.15,bitonic,5,largest,False,1000,1000,0,1.0,1.0,1.0,1.0,1.0,1.0
periodic,output,b8_n256_distinct,8,256,distinct,0.15,bitonic,10,largest,False,1000,1000,0,1.0,1.0,1.0,1.0,1.0,1.0
periodic,output,b8_n256_distinct,8,256,distinct,0.15,bitonic,32,largest,False,1000,1000,0,1.0,1.0,1.0,1.0,1.0,1.0
periodic,output,b8_n256_distinct,8,256,distinct,0.15,bitonic,256,largest,True,1000,1000,0,1.0,1.0,1.0,1.0,1.0,1.0
periodic,output,b8_n256_distinct,8,256,distinct,0.15,rank,1,largest,False,1000,1000,0,1.0,1.0,1.0,1.0,1.0,1.0
periodic,output,b8_n256_distinct,8,256,distinct,0.15,rank,5,largest,False,1000,1000,0,1.0,1.0,1.0,1.0,1.0,1.0
periodic,output,b8_n256_distinct,8,256,distinct,0.15,rank,10,largest,False,1000,1000,0,1.0,1.0,1.0,1.0,1.0,1.0
periodic,output,b8_n256_distinct,8,256,distinct,0.15,rank,32,largest,False,1000,1000,0,1.0,1.0,1.0,1.0,1.0,1.0
periodic,output,b8_n256_distinct,8,256,distinct,0.15,rank,256,largest,True,1000,1000,0,1.0,1.0,1.0,1.0,1.0,1.0
periodic,output,b8_n256_distinct,8,256,distinct,0.2,bitonic,1,largest,False,1000,1000,0,1.0,1.0,1.0,1.0,1.0,1.0
periodic,output,b8_n256_distinct,8,256,distinct,0.2,bitonic,5,largest,False,1000,1000,0,1.0,1.0,1.0,1.0,1.0,1.0
periodic,output,b8_n256_distinct,8,256,distinct,0.2,bitonic,10,largest,False,1000,1000,0,1.0,1.0,1.0,1.0,1.0,1.0
periodic,output,b8_n256_distinct,8,256,distinct,0.2,bitonic,32,largest,False,1000,1000,0,1.0,1.0,1.0,1.0,1.0,1.0
periodic,output,b8_n256_distinct,8,256,distinct,0.2,bitonic,256,largest,True,1000,1000,0,1.0,1.0,1.0,1.0,1.0,1.0
periodic,output,b8_n256_distinct,8,256,distinct,0.2,rank,1,largest,False,1000,1000,0,1.0,1.0,1.0,1.0,1.0,1.0
periodic,output,b8_n256_distinct,8,256,distinct,0.2,rank,5,largest,False,1000,1000,0,1.0,1.0,1.0,1.0,1.0,1.0
periodic,output,b8_n256_distinct,8,256,distinct,0.2,rank,10,largest,False,1000,1000,0,1.0,1.0,1.0,1.0,1.0,1.0
periodic,output,b8_n256_distinct,8,256,distinct,0.2,rank,32,largest,False,1000,1000,0,1.0,1.0,1.0,1.0,1.0,1.0
periodic,output,b8_n256_distinct,8,256,distinct,0.2,rank,256,largest,True,1000,1000,0,1.0,1.0,1.0,1.0,1.0,1.0
periodic,output,b8_n256_distinct,8,256,distinct,0.25,bitonic,1,largest,False,1000,1000,0,1.0,1.0,1.0,1.0,1.0,1.0
periodic,output,b8_n256_distinct,8,256,distinct,0.25,bitonic,5,largest,False,1000,1000,0,1.0,1.0,1.0,1.0,1.0,1.0
periodic,output,b8_n256_distinct,8,256,distinct,0.25,bitonic,10,largest,False,1000,1000,0,1.0,1.0,1.0,1.0,1.0,1.0
periodic,output,b8_n256_distinct,8,256,distinct,0.25,bitonic,32,largest,False,1000,1000,0,1.0,1.0,1.0,1.0,1.0,1.0
periodic,output,b8_n256_distinct,8,256,distinct,0.25,bitonic,256,largest,True,1000,1000,0,1.0,1.0,1.0,1.0,1.0,1.0
periodic,output,b8_n256_distinct,8,256,distinct,0.25,rank,1,largest,False,1000,1000,0,1.0,1.0,1.0,1.0,1.0,1.0
periodic,output,b8_n256_distinct,8,256,distinct,0.25,rank,5,largest,False,1000,1000,0,1.0,1.0,1.0,1.0,1.0,1.0
periodic,output,b8_n256_distinct,8,256,distinct,0.25,rank,10,largest,False,1000,1000,0,1.0,1.0,1.0,1.0,1.0,1.0
periodic,output,b8_n256_distinct,8,256,distinct,0.25,rank,32,largest,False,1000,1000,0,1.0,1.0,1.0,1.0,1.0,1.0
periodic,output,b8_n256_distinct,8,256,distinct,0.25,rank,256,largest,True,1000,1000,0,1.0,1.0,1.0,1.0,1.0,1.0
periodic,upstream,b8_n256_duplicates_allowed,8,256,duplicates_allowed,0.0,bitonic,1,largest,False,1000,1000,0,1.0,1.0,1.0,1.0,1.0,1.0
periodic,upstream,b8_n256_duplicates_allowed,8,256,duplicates_allowed,0.0,bitonic,5,largest,False,1000,1000,0,1.0,1.0,1.0,1.0,1.0,1.0
periodic,upstream,b8_n256_duplicates_allowed,8,256,duplicates_allowed,0.0,bitonic,10,largest,False,1000,1000,0,1.0,1.0,1.0,1.0,1.0,1.0
periodic,upstream,b8_n256_duplicates_allowed,8,256,duplicates_allowed,0.0,bitonic,32,largest,False,1000,1000,0,1.0,1.0,1.0,1.0,1.0,1.0
periodic,upstream,b8_n256_duplicates_allowed,8,256,duplicates_allowed,0.0,bitonic,256,largest,True,1000,1000,0,1.0,1.0,1.0,1.0,1.0,1.0
periodic,upstream,b8_n256_duplicates_allowed,8,256,duplicates_allowed,0.0,rank,1,largest,False,1000,1000,0,1.0,1.0,1.0,1.0,1.0,1.0
periodic,upstream,b8_n256_duplicates_allowed,8,256,duplicates_allowed,0.0,rank,5,largest,False,1000,1000,0,1.0,1.0,1.0,1.0,1.0,1.0
periodic,upstream,b8_n256_duplicates_allowed,8,256,duplicates_allowed,0.0,rank,10,largest,False,1000,1000,0,1.0,1.0,1.0,1.0,1.0,1.0
periodic,upstream,b8_n256_duplicates_allowed,8,256,duplicates_allowed,0.0,rank,32,largest,False,1000,1000,0,1.0,1.0,1.0,1.0,1.0,1.0
periodic,upstream,b8_n256_duplicates_allowed,8,256,duplicates_allowed,0.0,rank,256,largest,True,1000,1000,0,1.0,1.0,1.0,1.0,1.0,1.0
periodic,upstream,b8_n256_duplicates_allowed,8,256,duplicates_allowed,0.05,bitonic,1,largest,False,1000,1000,0,1.0,1.0,1.0,1.0,1.0,1.0
periodic,upstream,b8_n256_duplicates_allowed,8,256,duplicates_allowed,0.05,bitonic,5,largest,False,1000,1000,0,1.0,1.0,1.0,1.0,1.0,1.0
periodic,upstream,b8_n256_duplicates_allowed,8,256,duplicates_allowed,0.05,bitonic,10,largest,False,1000,1000,0,1.0,1.0,1.0,1.0,1.0,1.0
periodic,upstream,b8_n256_duplicates_allowed,8,256,duplicates_allowed,0.05,bitonic,32,largest,False,1000,1000,0,1.0,1.0,1.0,1.0,1.0,1.0
periodic,upstream,b8_n256_duplicates_allowed,8,256,duplicates_allowed,0.05,bitonic,256,largest,True,1000,1000,0,1.0,1.0,1.0,1.0,1.0,1.0
periodic,upstream,b8_n256_duplicates_allowed,8,256,duplicates_allowed,0.05,rank,1,largest,False,1000,1000,0,1.0,1.0,1.0,1.0,1.0,1.0
periodic,upstream,b8_n256_duplicates_allowed,8,256,duplicates_allowed,0.05,rank,5,largest,False,1000,1000,0,1.0,1.0,1.0,1.0,1.0,1.0
periodic,upstream,b8_n256_duplicates_allowed,8,256,duplicates_allowed,0.05,rank,10,largest,False,1000,1000,0,1.0,1.0,1.0,1.0,1.0,1.0
periodic,upstream,b8_n256_duplicates_allowed,8,256,duplicates_allowed,0.05,rank,32,largest,False,1000,1000,0,1.0,1.0,1.0,1.0,1.0,1.0
periodic,upstream,b8_n256_duplicates_allowed,8,256,duplicates_allowed,0.05,rank,256,largest,True,1000,1000,0,1.0,1.0,1.0,1.0,1.0,1.0
periodic,upstream,b8_n256_duplicates_allowed,8,256,duplicates_allowed,0.1,bitonic,1,largest,False,1000,1000,0,1.0,1.0,1.0,1.0,1.0,1.0
periodic,upstream,b8_n256_duplicates_allowed,8,256,duplicates_allowed,0.1,bitonic,5,largest,False,1000,1000,0,1.0,1.0,1.0,1.0,1.0,1.0
periodic,upstream,b8_n256_duplicates_allowed,8,256,duplicates_allowed,0.1,bitonic,10,largest,False,1000,1000,0,1.0,1.0,1.0,1.0,1.0,1.0
periodic,upstream,b8_n256_duplicates_allowed,8,256,duplicates_allowed,0.1,bitonic,32,largest,False,1000,1000,0,1.0,1.0,1.0,1.0,1.0,1.0
periodic,upstream,b8_n256_duplicates_allowed,8,256,duplicates_allowed,0.1,bitonic,256,largest,True,1000,1000,0,1.0,1.0,1.0,1.0,1.0,1.0
periodic,upstream,b8_n256_duplicates_allowed,8,256,duplicates_allowed,0.1,rank,1,largest,False,1000,1000,0,1.0,1.0,1.0,1.0,1.0,1.0
periodic,upstream,b8_n256_duplicates_allowed,8,256,duplicates_allowed,0.1,rank,5,largest,False,1000,1000,0,1.0,1.0,1.0,1.0,1.0,1.0
periodic,upstream,b8_n256_duplicates_allowed,8,256,duplicates_allowed,0.1,rank,10,largest,False,1000,1000,0,1.0,1.0,1.0,1.0,1.0,1.0
periodic,upstream,b8_n256_duplicates_allowed,8,256,duplicates_allowed,0.1,rank,32,largest,False,1000,1000,0,1.0,1.0,1.0,1.0,1.0,1.0
periodic,upstream,b8_n256_duplicates_allowed,8,256,duplicates_allowed,0.1,rank,256,largest,True,1000,1000,0,1.0,1.0,1.0,1.0,1.0,1.0
periodic,upstream,b8_n256_duplicates_allowed,8,256,duplicates_allowed,0.15,bitonic,1,largest,False,1000,1000,0,1.0,1.0,1.0,1.0,1.0,1.0
periodic,upstream,b8_n256_duplicates_allowed,8,256,duplicates_allowed,0.15,bitonic,5,largest,False,1000,1000,0,1.0,1.0,1.0,1.0,1.0,1.0
periodic,upstream,b8_n256_duplicates_allowed,8,256,duplicates_allowed,0.15,bitonic,10,largest,False,1000,1000,0,0.9996,0.9,0.9996,0.9997999999999999,0.9,0.9997999999999999
periodic,upstream,b8_n256_duplicates_allowed,8,256,duplicates_allowed,0.15,bitonic,32,largest,False,1000,1000,0,0.99996875,0.96875,0.99996875,0.99996875,0.96875,0.99996875
periodic,upstream,b8_n256_duplicates_allowed,8,256,duplicates_allowed,0.15,bitonic,256,largest,True,1000,1000,0,1.0,1.0,1.0,1.0,1.0,1.0
periodic,upstream,b8_n256_duplicates_allowed,8,256,duplicates_allowed,0.15,rank,1,largest,False,1000,976,24,1.0,1.0,0.976,1.0,1.0,0.976
periodic,upstream,b8_n256_duplicates_allowed,8,256,duplicates_allowed,0.15,rank,5,largest,False,1000,976,24,1.0,1.0,0.976,1.0,1.0,0.976
periodic,upstream,b8_n256_duplicates_allowed,8,256,duplicates_allowed,0.15,rank,10,largest,False,1000,976,24,0.9998975409836065,0.9,0.9759,1.0,1.0,0.976
periodic,upstream,b8_n256_duplicates_allowed,8,256,duplicates_allowed,0.15,rank,32,largest,False,1000,976,24,1.0,1.0,0.976,1.0,1.0,0.976
periodic,upstream,b8_n256_duplicates_allowed,8,256,duplicates_allowed,0.15,rank,256,largest,True,1000,976,24,1.0,1.0,0.976,1.0,1.0,0.976
periodic,upstream,b8_n256_duplicates_allowed,8,256,duplicates_allowed,0.2,bitonic,1,largest,False,1000,1000,0,0.996,0.0,0.996,0.998,0.0,0.998
periodic,upstream,b8_n256_duplicates_allowed,8,256,duplicates_allowed,0.2,bitonic,5,largest,False,1000,1000,0,0.9987999999999999,0.8,0.9987999999999999,0.9992000000000001,0.8,0.9992000000000001
periodic,upstream,b8_n256_duplicates_allowed,8,256,duplicates_allowed,0.2,bitonic,10,largest,False,1000,1000,0,0.9993000000000001,0.9,0.9993000000000001,0.9995999999999999,0.9,0.9995999999999999
periodic,upstream,b8_n256_duplicates_allowed,8,256,duplicates_allowed,0.2,bitonic,32,largest,False,1000,1000,0,0.99965625,0.96875,0.99965625,0.99990625,0.96875,0.99990625
periodic,upstream,b8_n256_duplicates_allowed,8,256,duplicates_allowed,0.2,bitonic,256,largest,True,1000,1000,0,1.0,1.0,1.0,1.0,1.0,1.0
periodic,upstream,b8_n256_duplicates_allowed,8,256,duplicates_allowed,0.2,rank,1,largest,False,1000,580,420,1.0,1.0,0.58,1.0,1.0,0.58
periodic,upstream,b8_n256_duplicates_allowed,8,256,duplicates_allowed,0.2,rank,5,largest,False,1000,580,420,0.9993103448275863,0.8,0.5796,0.9993103448275863,0.8,0.5796
periodic,upstream,b8_n256_duplicates_allowed,8,256,duplicates_allowed,0.2,rank,10,largest,False,1000,580,420,0.999655172413793,0.9,0.5798,0.9998275862068965,0.9,0.5799
periodic,upstream,b8_n256_duplicates_allowed,8,256,duplicates_allowed,0.2,rank,32,largest,False,1000,580,420,1.0,1.0,0.58,1.0,1.0,0.58
periodic,upstream,b8_n256_duplicates_allowed,8,256,duplicates_allowed,0.2,rank,256,largest,True,1000,580,420,1.0,1.0,0.58,1.0,1.0,0.58
periodic,upstream,b8_n256_duplicates_allowed,8,256,duplicates_allowed,0.25,bitonic,1,largest,False,1000,1000,0,0.983,0.0,0.983,0.993,0.0,0.993
periodic,upstream,b8_n256_duplicates_allowed,8,256,duplicates_allowed,0.25,bitonic,5,largest,False,1000,1000,0,0.9957999999999999,0.8,0.9957999999999999,0.9977999999999999,0.8,0.9977999999999999
periodic,upstream,b8_n256_duplicates_allowed,8,256,duplicates_allowed,0.25,bitonic,10,largest,False,1000,1000,0,0.9977999999999999,0.9,0.9977999999999999,0.9985,0.9,0.9985
periodic,upstream,b8_n256_duplicates_allowed,8,256,duplicates_allowed,0.25,bitonic,32,largest,False,1000,1000,0,0.9990625,0.96875,0.9990625,0.99975,0.96875,0.99975
periodic,upstream,b8_n256_duplicates_allowed,8,256,duplicates_allowed,0.25,bitonic,256,largest,True,1000,1000,0,1.0,1.0,1.0,1.0,1.0,1.0
periodic,upstream,b8_n256_duplicates_allowed,8,256,duplicates_allowed,0.25,rank,1,largest,False,1000,137,863,0.9927007299270073,0.0,0.136,1.0,1.0,0.137
periodic,upstream,b8_n256_duplicates_allowed,8,256,duplicates_allowed,0.25,rank,5,largest,False,1000,137,863,0.9985401459854015,0.8,0.1368,1.0,1.0,0.137
periodic,upstream,b8_n256_duplicates_allowed,8,256,duplicates_allowed,0.25,rank,10,largest,False,1000,137,863,0.9992700729927008,0.9,0.1369,0.9992700729927008,0.9,0.1369
periodic,upstream,b8_n256_duplicates_allowed,8,256,duplicates_allowed,0.25,rank,32,largest,False,1000,137,863,0.9995437956204379,0.96875,0.1369375,0.9995437956204379,0.96875,0.1369375
periodic,upstream,b8_n256_duplicates_allowed,8,256,duplicates_allowed,0.25,rank,256,largest,True,1000,137,863,1.0,1.0,0.137,1.0,1.0,0.137
periodic,output,b8_n256_duplicates_allowed,8,256,duplicates_allowed,0.0,bitonic,1,largest,False,1000,1000,0,1.0,1.0,1.0,1.0,1.0,1.0
periodic,output,b8_n256_duplicates_allowed,8,256,duplicates_allowed,0.0,bitonic,5,largest,False,1000,1000,0,1.0,1.0,1.0,1.0,1.0,1.0
periodic,output,b8_n256_duplicates_allowed,8,256,duplicates_allowed,0.0,bitonic,10,largest,False,1000,1000,0,1.0,1.0,1.0,1.0,1.0,1.0
periodic,output,b8_n256_duplicates_allowed,8,256,duplicates_allowed,0.0,bitonic,32,largest,False,1000,1000,0,1.0,1.0,1.0,1.0,1.0,1.0
periodic,output,b8_n256_duplicates_allowed,8,256,duplicates_allowed,0.0,bitonic,256,largest,True,1000,1000,0,1.0,1.0,1.0,1.0,1.0,1.0
periodic,output,b8_n256_duplicates_allowed,8,256,duplicates_allowed,0.0,rank,1,largest,False,1000,1000,0,1.0,1.0,1.0,1.0,1.0,1.0
periodic,output,b8_n256_duplicates_allowed,8,256,duplicates_allowed,0.0,rank,5,largest,False,1000,1000,0,1.0,1.0,1.0,1.0,1.0,1.0
periodic,output,b8_n256_duplicates_allowed,8,256,duplicates_allowed,0.0,rank,10,largest,False,1000,1000,0,1.0,1.0,1.0,1.0,1.0,1.0
periodic,output,b8_n256_duplicates_allowed,8,256,duplicates_allowed,0.0,rank,32,largest,False,1000,1000,0,1.0,1.0,1.0,1.0,1.0,1.0
periodic,output,b8_n256_duplicates_allowed,8,256,duplicates_allowed,0.0,rank,256,largest,True,1000,1000,0,1.0,1.0,1.0,1.0,1.0,1.0
periodic,output,b8_n256_duplicates_allowed,8,256,duplicates_allowed,0.05,bitonic,1,largest,False,1000,1000,0,0.767,0.0,0.767,1.0,1.0,1.0
periodic,output,b8_n256_duplicates_allowed,8,256,duplicates_allowed,0.05,bitonic,5,largest,False,1000,1000,0,0.9566000000000001,0.6,0.9566000000000001,1.0,1.0,1.0
periodic,output,b8_n256_duplicates_allowed,8,256,duplicates_allowed,0.05,bitonic,10,largest,False,1000,1000,0,0.9776,0.8,0.9776,1.0,1.0,1.0
periodic,output,b8_n256_duplicates_allowed,8,256,duplicates_allowed,0.05,bitonic,32,largest,False,1000,1000,0,0.9935625,0.9375,0.9935625,1.0,1.0,1.0
periodic,output,b8_n256_duplicates_allowed,8,256,duplicates_allowed,0.05,bitonic,256,largest,True,1000,1000,0,1.0,1.0,1.0,1.0,1.0,1.0
periodic,output,b8_n256_duplicates_allowed,8,256,duplicates_allowed,0.05,rank,1,largest,False,1000,0,1000,,,0.0,,,0.0
periodic,output,b8_n256_duplicates_allowed,8,256,duplicates_allowed,0.05,rank,5,largest,False,1000,0,1000,,,0.0,,,0.0
periodic,output,b8_n256_duplicates_allowed,8,256,duplicates_allowed,0.05,rank,10,largest,False,1000,0,1000,,,0.0,,,0.0
periodic,output,b8_n256_duplicates_allowed,8,256,duplicates_allowed,0.05,rank,32,largest,False,1000,0,1000,,,0.0,,,0.0
periodic,output,b8_n256_duplicates_allowed,8,256,duplicates_allowed,0.05,rank,256,largest,True,1000,0,1000,,,0.0,,,0.0
periodic,output,b8_n256_duplicates_allowed,8,256,duplicates_allowed,0.1,bitonic,1,largest,False,1000,1000,0,0.767,0.0,0.767,1.0,1.0,1.0
periodic,output,b8_n256_duplicates_allowed,8,256,duplicates_allowed,0.1,bitonic,5,largest,False,1000,1000,0,0.9566000000000001,0.6,0.9566000000000001,1.0,1.0,1.0
periodic,output,b8_n256_duplicates_allowed,8,256,duplicates_allowed,0.1,bitonic,10,largest,False,1000,1000,0,0.9776,0.8,0.9776,1.0,1.0,1.0
periodic,output,b8_n256_duplicates_allowed,8,256,duplicates_allowed,0.1,bitonic,32,largest,False,1000,1000,0,0.9935625,0.9375,0.9935625,1.0,1.0,1.0
periodic,output,b8_n256_duplicates_allowed,8,256,duplicates_allowed,0.1,bitonic,256,largest,True,1000,1000,0,1.0,1.0,1.0,1.0,1.0,1.0
periodic,output,b8_n256_duplicates_allowed,8,256,duplicates_allowed,0.1,rank,1,largest,False,1000,0,1000,,,0.0,,,0.0
periodic,output,b8_n256_duplicates_allowed,8,256,duplicates_allowed,0.1,rank,5,largest,False,1000,0,1000,,,0.0,,,0.0
periodic,output,b8_n256_duplicates_allowed,8,256,duplicates_allowed,0.1,rank,10,largest,False,1000,0,1000,,,0.0,,,0.0
periodic,output,b8_n256_duplicates_allowed,8,256,duplicates_allowed,0.1,rank,32,largest,False,1000,0,1000,,,0.0,,,0.0
periodic,output,b8_n256_duplicates_allowed,8,256,duplicates_allowed,0.1,rank,256,largest,True,1000,0,1000,,,0.0,,,0.0
periodic,output,b8_n256_duplicates_allowed,8,256,duplicates_allowed,0.15,bitonic,1,largest,False,1000,1000,0,0.767,0.0,0.767,1.0,1.0,1.0
periodic,output,b8_n256_duplicates_allowed,8,256,duplicates_allowed,0.15,bitonic,5,largest,False,1000,1000,0,0.9566000000000001,0.6,0.9566000000000001,1.0,1.0,1.0
periodic,output,b8_n256_duplicates_allowed,8,256,duplicates_allowed,0.15,bitonic,10,largest,False,1000,1000,0,0.9776,0.8,0.9776,1.0,1.0,1.0
periodic,output,b8_n256_duplicates_allowed,8,256,duplicates_allowed,0.15,bitonic,32,largest,False,1000,1000,0,0.9935625,0.9375,0.9935625,1.0,1.0,1.0
periodic,output,b8_n256_duplicates_allowed,8,256,duplicates_allowed,0.15,bitonic,256,largest,True,1000,1000,0,1.0,1.0,1.0,1.0,1.0,1.0
periodic,output,b8_n256_duplicates_allowed,8,256,duplicates_allowed,0.15,rank,1,largest,False,1000,0,1000,,,0.0,,,0.0
periodic,output,b8_n256_duplicates_allowed,8,256,duplicates_allowed,0.15,rank,5,largest,False,1000,0,1000,,,0.0,,,0.0
periodic,output,b8_n256_duplicates_allowed,8,256,duplicates_allowed,0.15,rank,10,largest,False,1000,0,1000,,,0.0,,,0.0
periodic,output,b8_n256_duplicates_allowed,8,256,duplicates_allowed,0.15,rank,32,largest,False,1000,0,1000,,,0.0,,,0.0
periodic,output,b8_n256_duplicates_allowed,8,256,duplicates_allowed,0.15,rank,256,largest,True,1000,0,1000,,,0.0,,,0.0
periodic,output,b8_n256_duplicates_allowed,8,256,duplicates_allowed,0.2,bitonic,1,largest,False,1000,1000,0,0.767,0.0,0.767,1.0,1.0,1.0
periodic,output,b8_n256_duplicates_allowed,8,256,duplicates_allowed,0.2,bitonic,5,largest,False,1000,1000,0,0.9566000000000001,0.6,0.9566000000000001,1.0,1.0,1.0
periodic,output,b8_n256_duplicates_allowed,8,256,duplicates_allowed,0.2,bitonic,10,largest,False,1000,1000,0,0.9776,0.8,0.9776,1.0,1.0,1.0
periodic,output,b8_n256_duplicates_allowed,8,256,duplicates_allowed,0.2,bitonic,32,largest,False,1000,1000,0,0.9935625,0.9375,0.9935625,1.0,1.0,1.0
periodic,output,b8_n256_duplicates_allowed,8,256,duplicates_allowed,0.2,bitonic,256,largest,True,1000,1000,0,1.0,1.0,1.0,1.0,1.0,1.0
periodic,output,b8_n256_duplicates_allowed,8,256,duplicates_allowed,0.2,rank,1,largest,False,1000,0,1000,,,0.0,,,0.0
periodic,output,b8_n256_duplicates_allowed,8,256,duplicates_allowed,0.2,rank,5,largest,False,1000,0,1000,,,0.0,,,0.0
periodic,output,b8_n256_duplicates_allowed,8,256,duplicates_allowed,0.2,rank,10,largest,False,1000,0,1000,,,0.0,,,0.0
periodic,output,b8_n256_duplicates_allowed,8,256,duplicates_allowed,0.2,rank,32,largest,False,1000,0,1000,,,0.0,,,0.0
periodic,output,b8_n256_duplicates_allowed,8,256,duplicates_allowed,0.2,rank,256,largest,True,1000,0,1000,,,0.0,,,0.0
periodic,output,b8_n256_duplicates_allowed,8,256,duplicates_allowed,0.25,bitonic,1,largest,False,1000,1000,0,0.767,0.0,0.767,1.0,1.0,1.0
periodic,output,b8_n256_duplicates_allowed,8,256,duplicates_allowed,0.25,bitonic,5,largest,False,1000,1000,0,0.9566000000000001,0.6,0.9566000000000001,1.0,1.0,1.0
periodic,output,b8_n256_duplicates_allowed,8,256,duplicates_allowed,0.25,bitonic,10,largest,False,1000,1000,0,0.9776,0.8,0.9776,1.0,1.0,1.0
periodic,output,b8_n256_duplicates_allowed,8,256,duplicates_allowed,0.25,bitonic,32,largest,False,1000,1000,0,0.9935625,0.9375,0.9935625,1.0,1.0,1.0
periodic,output,b8_n256_duplicates_allowed,8,256,duplicates_allowed,0.25,bitonic,256,largest,True,1000,1000,0,1.0,1.0,1.0,1.0,1.0,1.0
periodic,output,b8_n256_duplicates_allowed,8,256,duplicates_allowed,0.25,rank,1,largest,False,1000,0,1000,,,0.0,,,0.0
periodic,output,b8_n256_duplicates_allowed,8,256,duplicates_allowed,0.25,rank,5,largest,False,1000,0,1000,,,0.0,,,0.0
periodic,output,b8_n256_duplicates_allowed,8,256,duplicates_allowed,0.25,rank,10,largest,False,1000,0,1000,,,0.0,,,0.0
periodic,output,b8_n256_duplicates_allowed,8,256,duplicates_allowed,0.25,rank,32,largest,False,1000,0,1000,,,0.0,,,0.0
periodic,output,b8_n256_duplicates_allowed,8,256,duplicates_allowed,0.25,rank,256,largest,True,1000,0,1000,,,0.0,,,0.0
periodic_deadband,output_deadband,b4_n2_distinct,4,2,distinct,0.0,bitonic,1,largest,False,1000,1000,0,1.0,1.0,1.0,1.0,1.0,1.0
periodic_deadband,output_deadband,b4_n2_distinct,4,2,distinct,0.0,bitonic,2,largest,True,1000,1000,0,1.0,1.0,1.0,1.0,1.0,1.0
periodic_deadband,output_deadband,b4_n2_distinct,4,2,distinct,0.0,rank,1,largest,False,1000,1000,0,1.0,1.0,1.0,1.0,1.0,1.0
periodic_deadband,output_deadband,b4_n2_distinct,4,2,distinct,0.0,rank,2,largest,True,1000,1000,0,1.0,1.0,1.0,1.0,1.0,1.0
periodic_deadband,output_deadband,b4_n2_distinct,4,2,distinct,0.05,bitonic,1,largest,False,1000,1000,0,1.0,1.0,1.0,1.0,1.0,1.0
periodic_deadband,output_deadband,b4_n2_distinct,4,2,distinct,0.05,bitonic,2,largest,True,1000,1000,0,1.0,1.0,1.0,1.0,1.0,1.0
periodic_deadband,output_deadband,b4_n2_distinct,4,2,distinct,0.05,rank,1,largest,False,1000,1000,0,1.0,1.0,1.0,1.0,1.0,1.0
periodic_deadband,output_deadband,b4_n2_distinct,4,2,distinct,0.05,rank,2,largest,True,1000,1000,0,1.0,1.0,1.0,1.0,1.0,1.0
periodic_deadband,output_deadband,b4_n2_distinct,4,2,distinct,0.1,bitonic,1,largest,False,1000,1000,0,1.0,1.0,1.0,1.0,1.0,1.0
periodic_deadband,output_deadband,b4_n2_distinct,4,2,distinct,0.1,bitonic,2,largest,True,1000,1000,0,1.0,1.0,1.0,1.0,1.0,1.0
periodic_deadband,output_deadband,b4_n2_distinct,4,2,distinct,0.1,rank,1,largest,False,1000,1000,0,1.0,1.0,1.0,1.0,1.0,1.0
periodic_deadband,output_deadband,b4_n2_distinct,4,2,distinct,0.1,rank,2,largest,True,1000,1000,0,1.0,1.0,1.0,1.0,1.0,1.0
periodic_deadband,output_deadband,b4_n2_distinct,4,2,distinct,0.15,bitonic,1,largest,False,1000,1000,0,1.0,1.0,1.0,1.0,1.0,1.0
periodic_deadband,output_deadband,b4_n2_distinct,4,2,distinct,0.15,bitonic,2,largest,True,1000,1000,0,1.0,1.0,1.0,1.0,1.0,1.0
periodic_deadband,output_deadband,b4_n2_distinct,4,2,distinct,0.15,rank,1,largest,False,1000,1000,0,1.0,1.0,1.0,1.0,1.0,1.0
periodic_deadband,output_deadband,b4_n2_distinct,4,2,distinct,0.15,rank,2,largest,True,1000,1000,0,1.0,1.0,1.0,1.0,1.0,1.0
periodic_deadband,output_deadband,b4_n2_distinct,4,2,distinct,0.2,bitonic,1,largest,False,1000,1000,0,1.0,1.0,1.0,1.0,1.0,1.0
periodic_deadband,output_deadband,b4_n2_distinct,4,2,distinct,0.2,bitonic,2,largest,True,1000,1000,0,1.0,1.0,1.0,1.0,1.0,1.0
periodic_deadband,output_deadband,b4_n2_distinct,4,2,distinct,0.2,rank,1,largest,False,1000,1000,0,1.0,1.0,1.0,1.0,1.0,1.0
periodic_deadband,output_deadband,b4_n2_distinct,4,2,distinct,0.2,rank,2,largest,True,1000,1000,0,1.0,1.0,1.0,1.0,1.0,1.0
periodic_deadband,output_deadband,b4_n2_distinct,4,2,distinct,0.25,bitonic,1,largest,False,1000,1000,0,1.0,1.0,1.0,1.0,1.0,1.0
periodic_deadband,output_deadband,b4_n2_distinct,4,2,distinct,0.25,bitonic,2,largest,True,1000,1000,0,1.0,1.0,1.0,1.0,1.0,1.0
periodic_deadband,output_deadband,b4_n2_distinct,4,2,distinct,0.25,rank,1,largest,False,1000,1000,0,1.0,1.0,1.0,1.0,1.0,1.0
periodic_deadband,output_deadband,b4_n2_distinct,4,2,distinct,0.25,rank,2,largest,True,1000,1000,0,1.0,1.0,1.0,1.0,1.0,1.0
periodic_deadband,output_deadband,b4_n2_duplicates_allowed,4,2,duplicates_allowed,0.0,bitonic,1,largest,False,1000,1000,0,1.0,1.0,1.0,1.0,1.0,1.0
periodic_deadband,output_deadband,b4_n2_duplicates_allowed,4,2,duplicates_allowed,0.0,bitonic,2,largest,True,1000,1000,0,1.0,1.0,1.0,1.0,1.0,1.0
periodic_deadband,output_deadband,b4_n2_duplicates_allowed,4,2,duplicates_allowed,0.0,rank,1,largest,False,1000,1000,0,1.0,1.0,1.0,1.0,1.0,1.0
periodic_deadband,output_deadband,b4_n2_duplicates_allowed,4,2,duplicates_allowed,0.0,rank,2,largest,True,1000,1000,0,1.0,1.0,1.0,1.0,1.0,1.0
periodic_deadband,output_deadband,b4_n2_duplicates_allowed,4,2,duplicates_allowed,0.05,bitonic,1,largest,False,1000,1000,0,1.0,1.0,1.0,1.0,1.0,1.0
periodic_deadband,output_deadband,b4_n2_duplicates_allowed,4,2,duplicates_allowed,0.05,bitonic,2,largest,True,1000,1000,0,1.0,1.0,1.0,1.0,1.0,1.0
periodic_deadband,output_deadband,b4_n2_duplicates_allowed,4,2,duplicates_allowed,0.05,rank,1,largest,False,1000,1000,0,1.0,1.0,1.0,1.0,1.0,1.0
periodic_deadband,output_deadband,b4_n2_duplicates_allowed,4,2,duplicates_allowed,0.05,rank,2,largest,True,1000,1000,0,1.0,1.0,1.0,1.0,1.0,1.0
periodic_deadband,output_deadband,b4_n2_duplicates_allowed,4,2,duplicates_allowed,0.1,bitonic,1,largest,False,1000,1000,0,1.0,1.0,1.0,1.0,1.0,1.0
periodic_deadband,output_deadband,b4_n2_duplicates_allowed,4,2,duplicates_allowed,0.1,bitonic,2,largest,True,1000,1000,0,1.0,1.0,1.0,1.0,1.0,1.0
periodic_deadband,output_deadband,b4_n2_duplicates_allowed,4,2,duplicates_allowed,0.1,rank,1,largest,False,1000,1000,0,1.0,1.0,1.0,1.0,1.0,1.0
periodic_deadband,output_deadband,b4_n2_duplicates_allowed,4,2,duplicates_allowed,0.1,rank,2,largest,True,1000,1000,0,1.0,1.0,1.0,1.0,1.0,1.0
periodic_deadband,output_deadband,b4_n2_duplicates_allowed,4,2,duplicates_allowed,0.15,bitonic,1,largest,False,1000,1000,0,1.0,1.0,1.0,1.0,1.0,1.0
periodic_deadband,output_deadband,b4_n2_duplicates_allowed,4,2,duplicates_allowed,0.15,bitonic,2,largest,True,1000,1000,0,1.0,1.0,1.0,1.0,1.0,1.0
periodic_deadband,output_deadband,b4_n2_duplicates_allowed,4,2,duplicates_allowed,0.15,rank,1,largest,False,1000,1000,0,1.0,1.0,1.0,1.0,1.0,1.0
periodic_deadband,output_deadband,b4_n2_duplicates_allowed,4,2,duplicates_allowed,0.15,rank,2,largest,True,1000,1000,0,1.0,1.0,1.0,1.0,1.0,1.0
periodic_deadband,output_deadband,b4_n2_duplicates_allowed,4,2,duplicates_allowed,0.2,bitonic,1,largest,False,1000,1000,0,1.0,1.0,1.0,1.0,1.0,1.0
periodic_deadband,output_deadband,b4_n2_duplicates_allowed,4,2,duplicates_allowed,0.2,bitonic,2,largest,True,1000,1000,0,1.0,1.0,1.0,1.0,1.0,1.0
periodic_deadband,output_deadband,b4_n2_duplicates_allowed,4,2,duplicates_allowed,0.2,rank,1,largest,False,1000,1000,0,1.0,1.0,1.0,1.0,1.0,1.0
periodic_deadband,output_deadband,b4_n2_duplicates_allowed,4,2,duplicates_allowed,0.2,rank,2,largest,True,1000,1000,0,1.0,1.0,1.0,1.0,1.0,1.0
periodic_deadband,output_deadband,b4_n2_duplicates_allowed,4,2,duplicates_allowed,0.25,bitonic,1,largest,False,1000,1000,0,1.0,1.0,1.0,1.0,1.0,1.0
periodic_deadband,output_deadband,b4_n2_duplicates_allowed,4,2,duplicates_allowed,0.25,bitonic,2,largest,True,1000,1000,0,1.0,1.0,1.0,1.0,1.0,1.0
periodic_deadband,output_deadband,b4_n2_duplicates_allowed,4,2,duplicates_allowed,0.25,rank,1,largest,False,1000,1000,0,1.0,1.0,1.0,1.0,1.0,1.0
periodic_deadband,output_deadband,b4_n2_duplicates_allowed,4,2,duplicates_allowed,0.25,rank,2,largest,True,1000,1000,0,1.0,1.0,1.0,1.0,1.0,1.0
periodic_deadband,output_deadband,b4_n4_distinct,4,4,distinct,0.0,bitonic,1,largest,False,1000,1000,0,1.0,1.0,1.0,1.0,1.0,1.0
periodic_deadband,output_deadband,b4_n4_distinct,4,4,distinct,0.0,bitonic,4,largest,True,1000,1000,0,1.0,1.0,1.0,1.0,1.0,1.0
periodic_deadband,output_deadband,b4_n4_distinct,4,4,distinct,0.0,rank,1,largest,False,1000,1000,0,1.0,1.0,1.0,1.0,1.0,1.0
periodic_deadband,output_deadband,b4_n4_distinct,4,4,distinct,0.0,rank,4,largest,True,1000,1000,0,1.0,1.0,1.0,1.0,1.0,1.0
periodic_deadband,output_deadband,b4_n4_distinct,4,4,distinct,0.05,bitonic,1,largest,False,1000,1000,0,1.0,1.0,1.0,1.0,1.0,1.0
periodic_deadband,output_deadband,b4_n4_distinct,4,4,distinct,0.05,bitonic,4,largest,True,1000,1000,0,1.0,1.0,1.0,1.0,1.0,1.0
periodic_deadband,output_deadband,b4_n4_distinct,4,4,distinct,0.05,rank,1,largest,False,1000,1000,0,1.0,1.0,1.0,1.0,1.0,1.0
periodic_deadband,output_deadband,b4_n4_distinct,4,4,distinct,0.05,rank,4,largest,True,1000,1000,0,1.0,1.0,1.0,1.0,1.0,1.0
periodic_deadband,output_deadband,b4_n4_distinct,4,4,distinct,0.1,bitonic,1,largest,False,1000,1000,0,1.0,1.0,1.0,1.0,1.0,1.0
periodic_deadband,output_deadband,b4_n4_distinct,4,4,distinct,0.1,bitonic,4,largest,True,1000,1000,0,1.0,1.0,1.0,1.0,1.0,1.0
periodic_deadband,output_deadband,b4_n4_distinct,4,4,distinct,0.1,rank,1,largest,False,1000,1000,0,1.0,1.0,1.0,1.0,1.0,1.0
periodic_deadband,output_deadband,b4_n4_distinct,4,4,distinct,0.1,rank,4,largest,True,1000,1000,0,1.0,1.0,1.0,1.0,1.0,1.0
periodic_deadband,output_deadband,b4_n4_distinct,4,4,distinct,0.15,bitonic,1,largest,False,1000,1000,0,1.0,1.0,1.0,1.0,1.0,1.0
periodic_deadband,output_deadband,b4_n4_distinct,4,4,distinct,0.15,bitonic,4,largest,True,1000,1000,0,1.0,1.0,1.0,1.0,1.0,1.0
periodic_deadband,output_deadband,b4_n4_distinct,4,4,distinct,0.15,rank,1,largest,False,1000,1000,0,1.0,1.0,1.0,1.0,1.0,1.0
periodic_deadband,output_deadband,b4_n4_distinct,4,4,distinct,0.15,rank,4,largest,True,1000,1000,0,1.0,1.0,1.0,1.0,1.0,1.0
periodic_deadband,output_deadband,b4_n4_distinct,4,4,distinct,0.2,bitonic,1,largest,False,1000,1000,0,1.0,1.0,1.0,1.0,1.0,1.0
periodic_deadband,output_deadband,b4_n4_distinct,4,4,distinct,0.2,bitonic,4,largest,True,1000,1000,0,1.0,1.0,1.0,1.0,1.0,1.0
periodic_deadband,output_deadband,b4_n4_distinct,4,4,distinct,0.2,rank,1,largest,False,1000,1000,0,0.999,0.0,0.999,0.999,0.0,0.999
periodic_deadband,output_deadband,b4_n4_distinct,4,4,distinct,0.2,rank,4,largest,True,1000,1000,0,1.0,1.0,1.0,1.0,1.0,1.0
periodic_deadband,output_deadband,b4_n4_distinct,4,4,distinct,0.25,bitonic,1,largest,False,1000,1000,0,1.0,1.0,1.0,1.0,1.0,1.0
periodic_deadband,output_deadband,b4_n4_distinct,4,4,distinct,0.25,bitonic,4,largest,True,1000,1000,0,1.0,1.0,1.0,1.0,1.0,1.0
periodic_deadband,output_deadband,b4_n4_distinct,4,4,distinct,0.25,rank,1,largest,False,1000,1000,0,0.999,0.0,0.999,0.999,0.0,0.999
periodic_deadband,output_deadband,b4_n4_distinct,4,4,distinct,0.25,rank,4,largest,True,1000,1000,0,1.0,1.0,1.0,1.0,1.0,1.0
periodic_deadband,output_deadband,b4_n4_duplicates_allowed,4,4,duplicates_allowed,0.0,bitonic,1,largest,False,1000,1000,0,1.0,1.0,1.0,1.0,1.0,1.0
periodic_deadband,output_deadband,b4_n4_duplicates_allowed,4,4,duplicates_allowed,0.0,bitonic,4,largest,True,1000,1000,0,1.0,1.0,1.0,1.0,1.0,1.0
periodic_deadband,output_deadband,b4_n4_duplicates_allowed,4,4,duplicates_allowed,0.0,rank,1,largest,False,1000,1000,0,1.0,1.0,1.0,1.0,1.0,1.0
periodic_deadband,output_deadband,b4_n4_duplicates_allowed,4,4,duplicates_allowed,0.0,rank,4,largest,True,1000,1000,0,1.0,1.0,1.0,1.0,1.0,1.0
periodic_deadband,output_deadband,b4_n4_duplicates_allowed,4,4,duplicates_allowed,0.05,bitonic,1,largest,False,1000,1000,0,1.0,1.0,1.0,1.0,1.0,1.0
periodic_deadband,output_deadband,b4_n4_duplicates_allowed,4,4,duplicates_allowed,0.05,bitonic,4,largest,True,1000,1000,0,1.0,1.0,1.0,1.0,1.0,1.0
periodic_deadband,output_deadband,b4_n4_duplicates_allowed,4,4,duplicates_allowed,0.05,rank,1,largest,False,1000,1000,0,1.0,1.0,1.0,1.0,1.0,1.0
periodic_deadband,output_deadband,b4_n4_duplicates_allowed,4,4,duplicates_allowed,0.05,rank,4,largest,True,1000,1000,0,1.0,1.0,1.0,1.0,1.0,1.0
periodic_deadband,output_deadband,b4_n4_duplicates_allowed,4,4,duplicates_allowed,0.1,bitonic,1,largest,False,1000,1000,0,1.0,1.0,1.0,1.0,1.0,1.0
periodic_deadband,output_deadband,b4_n4_duplicates_allowed,4,4,duplicates_allowed,0.1,bitonic,4,largest,True,1000,1000,0,1.0,1.0,1.0,1.0,1.0,1.0
periodic_deadband,output_deadband,b4_n4_duplicates_allowed,4,4,duplicates_allowed,0.1,rank,1,largest,False,1000,1000,0,1.0,1.0,1.0,1.0,1.0,1.0
periodic_deadband,output_deadband,b4_n4_duplicates_allowed,4,4,duplicates_allowed,0.1,rank,4,largest,True,1000,1000,0,1.0,1.0,1.0,1.0,1.0,1.0
periodic_deadband,output_deadband,b4_n4_duplicates_allowed,4,4,duplicates_allowed,0.15,bitonic,1,largest,False,1000,1000,0,1.0,1.0,1.0,1.0,1.0,1.0
periodic_deadband,output_deadband,b4_n4_duplicates_allowed,4,4,duplicates_allowed,0.15,bitonic,4,largest,True,1000,1000,0,1.0,1.0,1.0,1.0,1.0,1.0
periodic_deadband,output_deadband,b4_n4_duplicates_allowed,4,4,duplicates_allowed,0.15,rank,1,largest,False,1000,1000,0,1.0,1.0,1.0,1.0,1.0,1.0
periodic_deadband,output_deadband,b4_n4_duplicates_allowed,4,4,duplicates_allowed,0.15,rank,4,largest,True,1000,1000,0,1.0,1.0,1.0,1.0,1.0,1.0
periodic_deadband,output_deadband,b4_n4_duplicates_allowed,4,4,duplicates_allowed,0.2,bitonic,1,largest,False,1000,1000,0,1.0,1.0,1.0,1.0,1.0,1.0
periodic_deadband,output_deadband,b4_n4_duplicates_allowed,4,4,duplicates_allowed,0.2,bitonic,4,largest,True,1000,1000,0,1.0,1.0,1.0,1.0,1.0,1.0
periodic_deadband,output_deadband,b4_n4_duplicates_allowed,4,4,duplicates_allowed,0.2,rank,1,largest,False,1000,1000,0,1.0,1.0,1.0,1.0,1.0,1.0
periodic_deadband,output_deadband,b4_n4_duplicates_allowed,4,4,duplicates_allowed,0.2,rank,4,largest,True,1000,1000,0,1.0,1.0,1.0,1.0,1.0,1.0
periodic_deadband,output_deadband,b4_n4_duplicates_allowed,4,4,duplicates_allowed,0.25,bitonic,1,largest,False,1000,1000,0,1.0,1.0,1.0,1.0,1.0,1.0
periodic_deadband,output_deadband,b4_n4_duplicates_allowed,4,4,duplicates_allowed,0.25,bitonic,4,largest,True,1000,1000,0,1.0,1.0,1.0,1.0,1.0,1.0
periodic_deadband,output_deadband,b4_n4_duplicates_allowed,4,4,duplicates_allowed,0.25,rank,1,largest,False,1000,1000,0,1.0,1.0,1.0,1.0,1.0,1.0
periodic_deadband,output_deadband,b4_n4_duplicates_allowed,4,4,duplicates_allowed,0.25,rank,4,largest,True,1000,1000,0,1.0,1.0,1.0,1.0,1.0,1.0
periodic_deadband,output_deadband,b4_n8_distinct,4,8,distinct,0.0,bitonic,1,largest,False,1000,1000,0,1.0,1.0,1.0,1.0,1.0,1.0
periodic_deadband,output_deadband,b4_n8_distinct,4,8,distinct,0.0,bitonic,5,largest,False,1000,1000,0,1.0,1.0,1.0,1.0,1.0,1.0
periodic_deadband,output_deadband,b4_n8_distinct,4,8,distinct,0.0,bitonic,8,largest,True,1000,1000,0,1.0,1.0,1.0,1.0,1.0,1.0
periodic_deadband,output_deadband,b4_n8_distinct,4,8,distinct,0.0,rank,1,largest,False,1000,1000,0,1.0,1.0,1.0,1.0,1.0,1.0
periodic_deadband,output_deadband,b4_n8_distinct,4,8,distinct,0.0,rank,5,largest,False,1000,1000,0,1.0,1.0,1.0,1.0,1.0,1.0
periodic_deadband,output_deadband,b4_n8_distinct,4,8,distinct,0.0,rank,8,largest,True,1000,1000,0,1.0,1.0,1.0,1.0,1.0,1.0
periodic_deadband,output_deadband,b4_n8_distinct,4,8,distinct,0.05,bitonic,1,largest,False,1000,1000,0,1.0,1.0,1.0,1.0,1.0,1.0
periodic_deadband,output_deadband,b4_n8_distinct,4,8,distinct,0.05,bitonic,5,largest,False,1000,1000,0,1.0,1.0,1.0,1.0,1.0,1.0
periodic_deadband,output_deadband,b4_n8_distinct,4,8,distinct,0.05,bitonic,8,largest,True,1000,1000,0,1.0,1.0,1.0,1.0,1.0,1.0
periodic_deadband,output_deadband,b4_n8_distinct,4,8,distinct,0.05,rank,1,largest,False,1000,1000,0,1.0,1.0,1.0,1.0,1.0,1.0
periodic_deadband,output_deadband,b4_n8_distinct,4,8,distinct,0.05,rank,5,largest,False,1000,1000,0,1.0,1.0,1.0,1.0,1.0,1.0
periodic_deadband,output_deadband,b4_n8_distinct,4,8,distinct,0.05,rank,8,largest,True,1000,1000,0,1.0,1.0,1.0,1.0,1.0,1.0
periodic_deadband,output_deadband,b4_n8_distinct,4,8,distinct,0.1,bitonic,1,largest,False,1000,1000,0,1.0,1.0,1.0,1.0,1.0,1.0
periodic_deadband,output_deadband,b4_n8_distinct,4,8,distinct,0.1,bitonic,5,largest,False,1000,1000,0,1.0,1.0,1.0,1.0,1.0,1.0
periodic_deadband,output_deadband,b4_n8_distinct,4,8,distinct,0.1,bitonic,8,largest,True,1000,1000,0,1.0,1.0,1.0,1.0,1.0,1.0
periodic_deadband,output_deadband,b4_n8_distinct,4,8,distinct,0.1,rank,1,largest,False,1000,1000,0,1.0,1.0,1.0,1.0,1.0,1.0
periodic_deadband,output_deadband,b4_n8_distinct,4,8,distinct,0.1,rank,5,largest,False,1000,1000,0,1.0,1.0,1.0,1.0,1.0,1.0
periodic_deadband,output_deadband,b4_n8_distinct,4,8,distinct,0.1,rank,8,largest,True,1000,1000,0,1.0,1.0,1.0,1.0,1.0,1.0
periodic_deadband,output_deadband,b4_n8_distinct,4,8,distinct,0.15,bitonic,1,largest,False,1000,1000,0,1.0,1.0,1.0,1.0,1.0,1.0
periodic_deadband,output_deadband,b4_n8_distinct,4,8,distinct,0.15,bitonic,5,largest,False,1000,1000,0,1.0,1.0,1.0,1.0,1.0,1.0
periodic_deadband,output_deadband,b4_n8_distinct,4,8,distinct,0.15,bitonic,8,largest,True,1000,1000,0,1.0,1.0,1.0,1.0,1.0,1.0
periodic_deadband,output_deadband,b4_n8_distinct,4,8,distinct,0.15,rank,1,largest,False,1000,1000,0,1.0,1.0,1.0,1.0,1.0,1.0
periodic_deadband,output_deadband,b4_n8_distinct,4,8,distinct,0.15,rank,5,largest,False,1000,1000,0,1.0,1.0,1.0,1.0,1.0,1.0
periodic_deadband,output_deadband,b4_n8_distinct,4,8,distinct,0.15,rank,8,largest,True,1000,1000,0,1.0,1.0,1.0,1.0,1.0,1.0
periodic_deadband,output_deadband,b4_n8_distinct,4,8,distinct,0.2,bitonic,1,largest,False,1000,1000,0,1.0,1.0,1.0,1.0,1.0,1.0
periodic_deadband,output_deadband,b4_n8_distinct,4,8,distinct,0.2,bitonic,5,largest,False,1000,1000,0,1.0,1.0,1.0,1.0,1.0,1.0
periodic_deadband,output_deadband,b4_n8_distinct,4,8,distinct,0.2,bitonic,8,largest,True,1000,1000,0,1.0,1.0,1.0,1.0,1.0,1.0
periodic_deadband,output_deadband,b4_n8_distinct,4,8,distinct,0.2,rank,1,largest,False,1000,1000,0,1.0,1.0,1.0,1.0,1.0,1.0
periodic_deadband,output_deadband,b4_n8_distinct,4,8,distinct,0.2,rank,5,largest,False,1000,1000,0,1.0,1.0,1.0,1.0,1.0,1.0
periodic_deadband,output_deadband,b4_n8_distinct,4,8,distinct,0.2,rank,8,largest,True,1000,1000,0,1.0,1.0,1.0,1.0,1.0,1.0
periodic_deadband,output_deadband,b4_n8_distinct,4,8,distinct,0.25,bitonic,1,largest,False,1000,1000,0,1.0,1.0,1.0,1.0,1.0,1.0
periodic_deadband,output_deadband,b4_n8_distinct,4,8,distinct,0.25,bitonic,5,largest,False,1000,1000,0,1.0,1.0,1.0,1.0,1.0,1.0
periodic_deadband,output_deadband,b4_n8_distinct,4,8,distinct,0.25,bitonic,8,largest,True,1000,1000,0,1.0,1.0,1.0,1.0,1.0,1.0
periodic_deadband,output_deadband,b4_n8_distinct,4,8,distinct,0.25,rank,1,largest,False,1000,1000,0,1.0,1.0,1.0,1.0,1.0,1.0
periodic_deadband,output_deadband,b4_n8_distinct,4,8,distinct,0.25,rank,5,largest,False,1000,1000,0,1.0,1.0,1.0,1.0,1.0,1.0
periodic_deadband,output_deadband,b4_n8_distinct,4,8,distinct,0.25,rank,8,largest,True,1000,1000,0,1.0,1.0,1.0,1.0,1.0,1.0
periodic_deadband,output_deadband,b4_n8_duplicates_allowed,4,8,duplicates_allowed,0.0,bitonic,1,largest,False,1000,1000,0,1.0,1.0,1.0,1.0,1.0,1.0
periodic_deadband,output_deadband,b4_n8_duplicates_allowed,4,8,duplicates_allowed,0.0,bitonic,5,largest,False,1000,1000,0,1.0,1.0,1.0,1.0,1.0,1.0
periodic_deadband,output_deadband,b4_n8_duplicates_allowed,4,8,duplicates_allowed,0.0,bitonic,8,largest,True,1000,1000,0,1.0,1.0,1.0,1.0,1.0,1.0
periodic_deadband,output_deadband,b4_n8_duplicates_allowed,4,8,duplicates_allowed,0.0,rank,1,largest,False,1000,1000,0,1.0,1.0,1.0,1.0,1.0,1.0
periodic_deadband,output_deadband,b4_n8_duplicates_allowed,4,8,duplicates_allowed,0.0,rank,5,largest,False,1000,1000,0,1.0,1.0,1.0,1.0,1.0,1.0
periodic_deadband,output_deadband,b4_n8_duplicates_allowed,4,8,duplicates_allowed,0.0,rank,8,largest,True,1000,1000,0,1.0,1.0,1.0,1.0,1.0,1.0
periodic_deadband,output_deadband,b4_n8_duplicates_allowed,4,8,duplicates_allowed,0.05,bitonic,1,largest,False,1000,1000,0,1.0,1.0,1.0,1.0,1.0,1.0
periodic_deadband,output_deadband,b4_n8_duplicates_allowed,4,8,duplicates_allowed,0.05,bitonic,5,largest,False,1000,1000,0,1.0,1.0,1.0,1.0,1.0,1.0
periodic_deadband,output_deadband,b4_n8_duplicates_allowed,4,8,duplicates_allowed,0.05,bitonic,8,largest,True,1000,1000,0,1.0,1.0,1.0,1.0,1.0,1.0
periodic_deadband,output_deadband,b4_n8_duplicates_allowed,4,8,duplicates_allowed,0.05,rank,1,largest,False,1000,1000,0,1.0,1.0,1.0,1.0,1.0,1.0
periodic_deadband,output_deadband,b4_n8_duplicates_allowed,4,8,duplicates_allowed,0.05,rank,5,largest,False,1000,1000,0,1.0,1.0,1.0,1.0,1.0,1.0
periodic_deadband,output_deadband,b4_n8_duplicates_allowed,4,8,duplicates_allowed,0.05,rank,8,largest,True,1000,1000,0,1.0,1.0,1.0,1.0,1.0,1.0
periodic_deadband,output_deadband,b4_n8_duplicates_allowed,4,8,duplicates_allowed,0.1,bitonic,1,largest,False,1000,1000,0,1.0,1.0,1.0,1.0,1.0,1.0
periodic_deadband,output_deadband,b4_n8_duplicates_allowed,4,8,duplicates_allowed,0.1,bitonic,5,largest,False,1000,1000,0,1.0,1.0,1.0,1.0,1.0,1.0
periodic_deadband,output_deadband,b4_n8_duplicates_allowed,4,8,duplicates_allowed,0.1,bitonic,8,largest,True,1000,1000,0,1.0,1.0,1.0,1.0,1.0,1.0
periodic_deadband,output_deadband,b4_n8_duplicates_allowed,4,8,duplicates_allowed,0.1,rank,1,largest,False,1000,1000,0,1.0,1.0,1.0,1.0,1.0,1.0
periodic_deadband,output_deadband,b4_n8_duplicates_allowed,4,8,duplicates_allowed,0.1,rank,5,largest,False,1000,1000,0,1.0,1.0,1.0,1.0,1.0,1.0
periodic_deadband,output_deadband,b4_n8_duplicates_allowed,4,8,duplicates_allowed,0.1,rank,8,largest,True,1000,1000,0,1.0,1.0,1.0,1.0,1.0,1.0
periodic_deadband,output_deadband,b4_n8_duplicates_allowed,4,8,duplicates_allowed,0.15,bitonic,1,largest,False,1000,1000,0,1.0,1.0,1.0,1.0,1.0,1.0
periodic_deadband,output_deadband,b4_n8_duplicates_allowed,4,8,duplicates_allowed,0.15,bitonic,5,largest,False,1000,1000,0,1.0,1.0,1.0,1.0,1.0,1.0
periodic_deadband,output_deadband,b4_n8_duplicates_allowed,4,8,duplicates_allowed,0.15,bitonic,8,largest,True,1000,1000,0,1.0,1.0,1.0,1.0,1.0,1.0
periodic_deadband,output_deadband,b4_n8_duplicates_allowed,4,8,duplicates_allowed,0.15,rank,1,largest,False,1000,1000,0,1.0,1.0,1.0,1.0,1.0,1.0
periodic_deadband,output_deadband,b4_n8_duplicates_allowed,4,8,duplicates_allowed,0.15,rank,5,largest,False,1000,1000,0,1.0,1.0,1.0,1.0,1.0,1.0
periodic_deadband,output_deadband,b4_n8_duplicates_allowed,4,8,duplicates_allowed,0.15,rank,8,largest,True,1000,1000,0,1.0,1.0,1.0,1.0,1.0,1.0
periodic_deadband,output_deadband,b4_n8_duplicates_allowed,4,8,duplicates_allowed,0.2,bitonic,1,largest,False,1000,1000,0,1.0,1.0,1.0,1.0,1.0,1.0
periodic_deadband,output_deadband,b4_n8_duplicates_allowed,4,8,duplicates_allowed,0.2,bitonic,5,largest,False,1000,1000,0,1.0,1.0,1.0,1.0,1.0,1.0
periodic_deadband,output_deadband,b4_n8_duplicates_allowed,4,8,duplicates_allowed,0.2,bitonic,8,largest,True,1000,1000,0,1.0,1.0,1.0,1.0,1.0,1.0
periodic_deadband,output_deadband,b4_n8_duplicates_allowed,4,8,duplicates_allowed,0.2,rank,1,largest,False,1000,1000,0,1.0,1.0,1.0,1.0,1.0,1.0
periodic_deadband,output_deadband,b4_n8_duplicates_allowed,4,8,duplicates_allowed,0.2,rank,5,largest,False,1000,1000,0,1.0,1.0,1.0,1.0,1.0,1.0
periodic_deadband,output_deadband,b4_n8_duplicates_allowed,4,8,duplicates_allowed,0.2,rank,8,largest,True,1000,1000,0,1.0,1.0,1.0,1.0,1.0,1.0
periodic_deadband,output_deadband,b4_n8_duplicates_allowed,4,8,duplicates_allowed,0.25,bitonic,1,largest,False,1000,1000,0,1.0,1.0,1.0,1.0,1.0,1.0
periodic_deadband,output_deadband,b4_n8_duplicates_allowed,4,8,duplicates_allowed,0.25,bitonic,5,largest,False,1000,1000,0,0.9997999999999999,0.8,0.9997999999999999,0.9997999999999999,0.8,0.9997999999999999
periodic_deadband,output_deadband,b4_n8_duplicates_allowed,4,8,duplicates_allowed,0.25,bitonic,8,largest,True,1000,1000,0,1.0,1.0,1.0,1.0,1.0,1.0
periodic_deadband,output_deadband,b4_n8_duplicates_allowed,4,8,duplicates_allowed,0.25,rank,1,largest,False,1000,999,1,1.0,1.0,0.999,1.0,1.0,0.999
periodic_deadband,output_deadband,b4_n8_duplicates_allowed,4,8,duplicates_allowed,0.25,rank,5,largest,False,1000,999,1,1.0,1.0,0.999,1.0,1.0,0.999
periodic_deadband,output_deadband,b4_n8_duplicates_allowed,4,8,duplicates_allowed,0.25,rank,8,largest,True,1000,999,1,1.0,1.0,0.999,1.0,1.0,0.999
periodic_deadband,output_deadband,b4_n16_distinct,4,16,distinct,0.0,bitonic,1,largest,False,1000,1000,0,1.0,1.0,1.0,1.0,1.0,1.0
periodic_deadband,output_deadband,b4_n16_distinct,4,16,distinct,0.0,bitonic,5,largest,False,1000,1000,0,1.0,1.0,1.0,1.0,1.0,1.0
periodic_deadband,output_deadband,b4_n16_distinct,4,16,distinct,0.0,bitonic,10,largest,False,1000,1000,0,1.0,1.0,1.0,1.0,1.0,1.0
periodic_deadband,output_deadband,b4_n16_distinct,4,16,distinct,0.0,bitonic,16,largest,True,1000,1000,0,1.0,1.0,1.0,1.0,1.0,1.0
periodic_deadband,output_deadband,b4_n16_distinct,4,16,distinct,0.0,rank,1,largest,False,1000,1000,0,1.0,1.0,1.0,1.0,1.0,1.0
periodic_deadband,output_deadband,b4_n16_distinct,4,16,distinct,0.0,rank,5,largest,False,1000,1000,0,1.0,1.0,1.0,1.0,1.0,1.0
periodic_deadband,output_deadband,b4_n16_distinct,4,16,distinct,0.0,rank,10,largest,False,1000,1000,0,1.0,1.0,1.0,1.0,1.0,1.0
periodic_deadband,output_deadband,b4_n16_distinct,4,16,distinct,0.0,rank,16,largest,True,1000,1000,0,1.0,1.0,1.0,1.0,1.0,1.0
periodic_deadband,output_deadband,b4_n16_distinct,4,16,distinct,0.05,bitonic,1,largest,False,1000,1000,0,1.0,1.0,1.0,1.0,1.0,1.0
periodic_deadband,output_deadband,b4_n16_distinct,4,16,distinct,0.05,bitonic,5,largest,False,1000,1000,0,1.0,1.0,1.0,1.0,1.0,1.0
periodic_deadband,output_deadband,b4_n16_distinct,4,16,distinct,0.05,bitonic,10,largest,False,1000,1000,0,1.0,1.0,1.0,1.0,1.0,1.0
periodic_deadband,output_deadband,b4_n16_distinct,4,16,distinct,0.05,bitonic,16,largest,True,1000,1000,0,1.0,1.0,1.0,1.0,1.0,1.0
periodic_deadband,output_deadband,b4_n16_distinct,4,16,distinct,0.05,rank,1,largest,False,1000,1000,0,1.0,1.0,1.0,1.0,1.0,1.0
periodic_deadband,output_deadband,b4_n16_distinct,4,16,distinct,0.05,rank,5,largest,False,1000,1000,0,1.0,1.0,1.0,1.0,1.0,1.0
periodic_deadband,output_deadband,b4_n16_distinct,4,16,distinct,0.05,rank,10,largest,False,1000,1000,0,1.0,1.0,1.0,1.0,1.0,1.0
periodic_deadband,output_deadband,b4_n16_distinct,4,16,distinct,0.05,rank,16,largest,True,1000,1000,0,1.0,1.0,1.0,1.0,1.0,1.0
periodic_deadband,output_deadband,b4_n16_distinct,4,16,distinct,0.1,bitonic,1,largest,False,1000,1000,0,1.0,1.0,1.0,1.0,1.0,1.0
periodic_deadband,output_deadband,b4_n16_distinct,4,16,distinct,0.1,bitonic,5,largest,False,1000,1000,0,1.0,1.0,1.0,1.0,1.0,1.0
periodic_deadband,output_deadband,b4_n16_distinct,4,16,distinct,0.1,bitonic,10,largest,False,1000,1000,0,1.0,1.0,1.0,1.0,1.0,1.0
periodic_deadband,output_deadband,b4_n16_distinct,4,16,distinct,0.1,bitonic,16,largest,True,1000,1000,0,1.0,1.0,1.0,1.0,1.0,1.0
periodic_deadband,output_deadband,b4_n16_distinct,4,16,distinct,0.1,rank,1,largest,False,1000,1000,0,1.0,1.0,1.0,1.0,1.0,1.0
periodic_deadband,output_deadband,b4_n16_distinct,4,16,distinct,0.1,rank,5,largest,False,1000,1000,0,1.0,1.0,1.0,1.0,1.0,1.0
periodic_deadband,output_deadband,b4_n16_distinct,4,16,distinct,0.1,rank,10,largest,False,1000,1000,0,1.0,1.0,1.0,1.0,1.0,1.0
periodic_deadband,output_deadband,b4_n16_distinct,4,16,distinct,0.1,rank,16,largest,True,1000,1000,0,1.0,1.0,1.0,1.0,1.0,1.0
periodic_deadband,output_deadband,b4_n16_distinct,4,16,distinct,0.15,bitonic,1,largest,False,1000,1000,0,1.0,1.0,1.0,1.0,1.0,1.0
periodic_deadband,output_deadband,b4_n16_distinct,4,16,distinct,0.15,bitonic,5,largest,False,1000,1000,0,1.0,1.0,1.0,1.0,1.0,1.0
periodic_deadband,output_deadband,b4_n16_distinct,4,16,distinct,0.15,bitonic,10,largest,False,1000,1000,0,1.0,1.0,1.0,1.0,1.0,1.0
periodic_deadband,output_deadband,b4_n16_distinct,4,16,distinct,0.15,bitonic,16,largest,True,1000,1000,0,1.0,1.0,1.0,1.0,1.0,1.0
periodic_deadband,output_deadband,b4_n16_distinct,4,16,distinct,0.15,rank,1,largest,False,1000,1000,0,1.0,1.0,1.0,1.0,1.0,1.0
periodic_deadband,output_deadband,b4_n16_distinct,4,16,distinct,0.15,rank,5,largest,False,1000,1000,0,1.0,1.0,1.0,1.0,1.0,1.0
periodic_deadband,output_deadband,b4_n16_distinct,4,16,distinct,0.15,rank,10,largest,False,1000,1000,0,1.0,1.0,1.0,1.0,1.0,1.0
periodic_deadband,output_deadband,b4_n16_distinct,4,16,distinct,0.15,rank,16,largest,True,1000,1000,0,1.0,1.0,1.0,1.0,1.0,1.0
periodic_deadband,output_deadband,b4_n16_distinct,4,16,distinct,0.2,bitonic,1,largest,False,1000,1000,0,1.0,1.0,1.0,1.0,1.0,1.0
periodic_deadband,output_deadband,b4_n16_distinct,4,16,distinct,0.2,bitonic,5,largest,False,1000,1000,0,1.0,1.0,1.0,1.0,1.0,1.0
periodic_deadband,output_deadband,b4_n16_distinct,4,16,distinct,0.2,bitonic,10,largest,False,1000,1000,0,1.0,1.0,1.0,1.0,1.0,1.0
periodic_deadband,output_deadband,b4_n16_distinct,4,16,distinct,0.2,bitonic,16,largest,True,1000,1000,0,1.0,1.0,1.0,1.0,1.0,1.0
periodic_deadband,output_deadband,b4_n16_distinct,4,16,distinct,0.2,rank,1,largest,False,1000,1000,0,1.0,1.0,1.0,1.0,1.0,1.0
periodic_deadband,output_deadband,b4_n16_distinct,4,16,distinct,0.2,rank,5,largest,False,1000,1000,0,1.0,1.0,1.0,1.0,1.0,1.0
periodic_deadband,output_deadband,b4_n16_distinct,4,16,distinct,0.2,rank,10,largest,False,1000,1000,0,1.0,1.0,1.0,1.0,1.0,1.0
periodic_deadband,output_deadband,b4_n16_distinct,4,16,distinct,0.2,rank,16,largest,True,1000,1000,0,1.0,1.0,1.0,1.0,1.0,1.0
periodic_deadband,output_deadband,b4_n16_distinct,4,16,distinct,0.25,bitonic,1,largest,False,1000,1000,0,1.0,1.0,1.0,1.0,1.0,1.0
periodic_deadband,output_deadband,b4_n16_distinct,4,16,distinct,0.25,bitonic,5,largest,False,1000,1000,0,1.0,1.0,1.0,1.0,1.0,1.0
periodic_deadband,output_deadband,b4_n16_distinct,4,16,distinct,0.25,bitonic,10,largest,False,1000,1000,0,0.9999,0.9,0.9999,0.9999,0.9,0.9999
periodic_deadband,output_deadband,b4_n16_distinct,4,16,distinct,0.25,bitonic,16,largest,True,1000,1000,0,1.0,1.0,1.0,1.0,1.0,1.0
periodic_deadband,output_deadband,b4_n16_distinct,4,16,distinct,0.25,rank,1,largest,False,1000,1000,0,1.0,1.0,1.0,1.0,1.0,1.0
periodic_deadband,output_deadband,b4_n16_distinct,4,16,distinct,0.25,rank,5,largest,False,1000,1000,0,1.0,1.0,1.0,1.0,1.0,1.0
periodic_deadband,output_deadband,b4_n16_distinct,4,16,distinct,0.25,rank,10,largest,False,1000,1000,0,1.0,1.0,1.0,1.0,1.0,1.0
periodic_deadband,output_deadband,b4_n16_distinct,4,16,distinct,0.25,rank,16,largest,True,1000,1000,0,1.0,1.0,1.0,1.0,1.0,1.0
periodic_deadband,output_deadband,b4_n16_duplicates_allowed,4,16,duplicates_allowed,0.0,bitonic,1,largest,False,1000,1000,0,1.0,1.0,1.0,1.0,1.0,1.0
periodic_deadband,output_deadband,b4_n16_duplicates_allowed,4,16,duplicates_allowed,0.0,bitonic,5,largest,False,1000,1000,0,1.0,1.0,1.0,1.0,1.0,1.0
periodic_deadband,output_deadband,b4_n16_duplicates_allowed,4,16,duplicates_allowed,0.0,bitonic,10,largest,False,1000,1000,0,1.0,1.0,1.0,1.0,1.0,1.0
periodic_deadband,output_deadband,b4_n16_duplicates_allowed,4,16,duplicates_allowed,0.0,bitonic,16,largest,True,1000,1000,0,1.0,1.0,1.0,1.0,1.0,1.0
periodic_deadband,output_deadband,b4_n16_duplicates_allowed,4,16,duplicates_allowed,0.0,rank,1,largest,False,1000,1000,0,1.0,1.0,1.0,1.0,1.0,1.0
periodic_deadband,output_deadband,b4_n16_duplicates_allowed,4,16,duplicates_allowed,0.0,rank,5,largest,False,1000,1000,0,1.0,1.0,1.0,1.0,1.0,1.0
periodic_deadband,output_deadband,b4_n16_duplicates_allowed,4,16,duplicates_allowed,0.0,rank,10,largest,False,1000,1000,0,1.0,1.0,1.0,1.0,1.0,1.0
periodic_deadband,output_deadband,b4_n16_duplicates_allowed,4,16,duplicates_allowed,0.0,rank,16,largest,True,1000,1000,0,1.0,1.0,1.0,1.0,1.0,1.0
periodic_deadband,output_deadband,b4_n16_duplicates_allowed,4,16,duplicates_allowed,0.05,bitonic,1,largest,False,1000,1000,0,1.0,1.0,1.0,1.0,1.0,1.0
periodic_deadband,output_deadband,b4_n16_duplicates_allowed,4,16,duplicates_allowed,0.05,bitonic,5,largest,False,1000,1000,0,1.0,1.0,1.0,1.0,1.0,1.0
periodic_deadband,output_deadband,b4_n16_duplicates_allowed,4,16,duplicates_allowed,0.05,bitonic,10,largest,False,1000,1000,0,1.0,1.0,1.0,1.0,1.0,1.0
periodic_deadband,output_deadband,b4_n16_duplicates_allowed,4,16,duplicates_allowed,0.05,bitonic,16,largest,True,1000,1000,0,1.0,1.0,1.0,1.0,1.0,1.0
periodic_deadband,output_deadband,b4_n16_duplicates_allowed,4,16,duplicates_allowed,0.05,rank,1,largest,False,1000,1000,0,1.0,1.0,1.0,1.0,1.0,1.0
periodic_deadband,output_deadband,b4_n16_duplicates_allowed,4,16,duplicates_allowed,0.05,rank,5,largest,False,1000,1000,0,1.0,1.0,1.0,1.0,1.0,1.0
periodic_deadband,output_deadband,b4_n16_duplicates_allowed,4,16,duplicates_allowed,0.05,rank,10,largest,False,1000,1000,0,1.0,1.0,1.0,1.0,1.0,1.0
periodic_deadband,output_deadband,b4_n16_duplicates_allowed,4,16,duplicates_allowed,0.05,rank,16,largest,True,1000,1000,0,1.0,1.0,1.0,1.0,1.0,1.0
periodic_deadband,output_deadband,b4_n16_duplicates_allowed,4,16,duplicates_allowed,0.1,bitonic,1,largest,False,1000,1000,0,1.0,1.0,1.0,1.0,1.0,1.0
periodic_deadband,output_deadband,b4_n16_duplicates_allowed,4,16,duplicates_allowed,0.1,bitonic,5,largest,False,1000,1000,0,1.0,1.0,1.0,1.0,1.0,1.0
periodic_deadband,output_deadband,b4_n16_duplicates_allowed,4,16,duplicates_allowed,0.1,bitonic,10,largest,False,1000,1000,0,1.0,1.0,1.0,1.0,1.0,1.0
periodic_deadband,output_deadband,b4_n16_duplicates_allowed,4,16,duplicates_allowed,0.1,bitonic,16,largest,True,1000,1000,0,1.0,1.0,1.0,1.0,1.0,1.0
periodic_deadband,output_deadband,b4_n16_duplicates_allowed,4,16,duplicates_allowed,0.1,rank,1,largest,False,1000,1000,0,1.0,1.0,1.0,1.0,1.0,1.0
periodic_deadband,output_deadband,b4_n16_duplicates_allowed,4,16,duplicates_allowed,0.1,rank,5,largest,False,1000,1000,0,1.0,1.0,1.0,1.0,1.0,1.0
periodic_deadband,output_deadband,b4_n16_duplicates_allowed,4,16,duplicates_allowed,0.1,rank,10,largest,False,1000,1000,0,1.0,1.0,1.0,1.0,1.0,1.0
periodic_deadband,output_deadband,b4_n16_duplicates_allowed,4,16,duplicates_allowed,0.1,rank,16,largest,True,1000,1000,0,1.0,1.0,1.0,1.0,1.0,1.0
periodic_deadband,output_deadband,b4_n16_duplicates_allowed,4,16,duplicates_allowed,0.15,bitonic,1,largest,False,1000,1000,0,1.0,1.0,1.0,1.0,1.0,1.0
periodic_deadband,output_deadband,b4_n16_duplicates_allowed,4,16,duplicates_allowed,0.15,bitonic,5,largest,False,1000,1000,0,1.0,1.0,1.0,1.0,1.0,1.0
periodic_deadband,output_deadband,b4_n16_duplicates_allowed,4,16,duplicates_allowed,0.15,bitonic,10,largest,False,1000,1000,0,1.0,1.0,1.0,1.0,1.0,1.0
periodic_deadband,output_deadband,b4_n16_duplicates_allowed,4,16,duplicates_allowed,0.15,bitonic,16,largest,True,1000,1000,0,1.0,1.0,1.0,1.0,1.0,1.0
periodic_deadband,output_deadband,b4_n16_duplicates_allowed,4,16,duplicates_allowed,0.15,rank,1,largest,False,1000,1000,0,1.0,1.0,1.0,1.0,1.0,1.0
periodic_deadband,output_deadband,b4_n16_duplicates_allowed,4,16,duplicates_allowed,0.15,rank,5,largest,False,1000,1000,0,1.0,1.0,1.0,1.0,1.0,1.0
periodic_deadband,output_deadband,b4_n16_duplicates_allowed,4,16,duplicates_allowed,0.15,rank,10,largest,False,1000,1000,0,1.0,1.0,1.0,1.0,1.0,1.0
periodic_deadband,output_deadband,b4_n16_duplicates_allowed,4,16,duplicates_allowed,0.15,rank,16,largest,True,1000,1000,0,1.0,1.0,1.0,1.0,1.0,1.0
periodic_deadband,output_deadband,b4_n16_duplicates_allowed,4,16,duplicates_allowed,0.2,bitonic,1,largest,False,1000,1000,0,1.0,1.0,1.0,1.0,1.0,1.0
periodic_deadband,output_deadband,b4_n16_duplicates_allowed,4,16,duplicates_allowed,0.2,bitonic,5,largest,False,1000,1000,0,1.0,1.0,1.0,1.0,1.0,1.0
periodic_deadband,output_deadband,b4_n16_duplicates_allowed,4,16,duplicates_allowed,0.2,bitonic,10,largest,False,1000,1000,0,1.0,1.0,1.0,1.0,1.0,1.0
periodic_deadband,output_deadband,b4_n16_duplicates_allowed,4,16,duplicates_allowed,0.2,bitonic,16,largest,True,1000,1000,0,1.0,1.0,1.0,1.0,1.0,1.0
periodic_deadband,output_deadband,b4_n16_duplicates_allowed,4,16,duplicates_allowed,0.2,rank,1,largest,False,1000,1000,0,1.0,1.0,1.0,1.0,1.0,1.0
periodic_deadband,output_deadband,b4_n16_duplicates_allowed,4,16,duplicates_allowed,0.2,rank,5,largest,False,1000,1000,0,1.0,1.0,1.0,1.0,1.0,1.0
periodic_deadband,output_deadband,b4_n16_duplicates_allowed,4,16,duplicates_allowed,0.2,rank,10,largest,False,1000,1000,0,1.0,1.0,1.0,1.0,1.0,1.0
periodic_deadband,output_deadband,b4_n16_duplicates_allowed,4,16,duplicates_allowed,0.2,rank,16,largest,True,1000,1000,0,1.0,1.0,1.0,1.0,1.0,1.0
periodic_deadband,output_deadband,b4_n16_duplicates_allowed,4,16,duplicates_allowed,0.25,bitonic,1,largest,False,1000,1000,0,1.0,1.0,1.0,1.0,1.0,1.0
periodic_deadband,output_deadband,b4_n16_duplicates_allowed,4,16,duplicates_allowed,0.25,bitonic,5,largest,False,1000,1000,0,1.0,1.0,1.0,1.0,1.0,1.0
periodic_deadband,output_deadband,b4_n16_duplicates_allowed,4,16,duplicates_allowed,0.25,bitonic,10,largest,False,1000,1000,0,1.0,1.0,1.0,1.0,1.0,1.0
periodic_deadband,output_deadband,b4_n16_duplicates_allowed,4,16,duplicates_allowed,0.25,bitonic,16,largest,True,1000,1000,0,1.0,1.0,1.0,1.0,1.0,1.0
periodic_deadband,output_deadband,b4_n16_duplicates_allowed,4,16,duplicates_allowed,0.25,rank,1,largest,False,1000,998,2,1.0,1.0,0.998,1.0,1.0,0.998
periodic_deadband,output_deadband,b4_n16_duplicates_allowed,4,16,duplicates_allowed,0.25,rank,5,largest,False,1000,998,2,0.9997995991983968,0.8,0.9977999999999999,0.9997995991983968,0.8,0.9977999999999999
periodic_deadband,output_deadband,b4_n16_duplicates_allowed,4,16,duplicates_allowed,0.25,rank,10,largest,False,1000,998,2,1.0,1.0,0.998,1.0,1.0,0.998
periodic_deadband,output_deadband,b4_n16_duplicates_allowed,4,16,duplicates_allowed,0.25,rank,16,largest,True,1000,998,2,1.0,1.0,0.998,1.0,1.0,0.998
periodic_deadband,output_deadband,b8_n2_distinct,8,2,distinct,0.0,bitonic,1,largest,False,1000,1000,0,1.0,1.0,1.0,1.0,1.0,1.0
periodic_deadband,output_deadband,b8_n2_distinct,8,2,distinct,0.0,bitonic,2,largest,True,1000,1000,0,1.0,1.0,1.0,1.0,1.0,1.0
periodic_deadband,output_deadband,b8_n2_distinct,8,2,distinct,0.0,rank,1,largest,False,1000,1000,0,1.0,1.0,1.0,1.0,1.0,1.0
periodic_deadband,output_deadband,b8_n2_distinct,8,2,distinct,0.0,rank,2,largest,True,1000,1000,0,1.0,1.0,1.0,1.0,1.0,1.0
periodic_deadband,output_deadband,b8_n2_distinct,8,2,distinct,0.05,bitonic,1,largest,False,1000,1000,0,1.0,1.0,1.0,1.0,1.0,1.0
periodic_deadband,output_deadband,b8_n2_distinct,8,2,distinct,0.05,bitonic,2,largest,True,1000,1000,0,1.0,1.0,1.0,1.0,1.0,1.0
periodic_deadband,output_deadband,b8_n2_distinct,8,2,distinct,0.05,rank,1,largest,False,1000,1000,0,1.0,1.0,1.0,1.0,1.0,1.0
periodic_deadband,output_deadband,b8_n2_distinct,8,2,distinct,0.05,rank,2,largest,True,1000,1000,0,1.0,1.0,1.0,1.0,1.0,1.0
periodic_deadband,output_deadband,b8_n2_distinct,8,2,distinct,0.1,bitonic,1,largest,False,1000,1000,0,1.0,1.0,1.0,1.0,1.0,1.0
periodic_deadband,output_deadband,b8_n2_distinct,8,2,distinct,0.1,bitonic,2,largest,True,1000,1000,0,1.0,1.0,1.0,1.0,1.0,1.0
periodic_deadband,output_deadband,b8_n2_distinct,8,2,distinct,0.1,rank,1,largest,False,1000,1000,0,1.0,1.0,1.0,1.0,1.0,1.0
periodic_deadband,output_deadband,b8_n2_distinct,8,2,distinct,0.1,rank,2,largest,True,1000,1000,0,1.0,1.0,1.0,1.0,1.0,1.0
periodic_deadband,output_deadband,b8_n2_distinct,8,2,distinct,0.15,bitonic,1,largest,False,1000,1000,0,1.0,1.0,1.0,1.0,1.0,1.0
periodic_deadband,output_deadband,b8_n2_distinct,8,2,distinct,0.15,bitonic,2,largest,True,1000,1000,0,1.0,1.0,1.0,1.0,1.0,1.0
periodic_deadband,output_deadband,b8_n2_distinct,8,2,distinct,0.15,rank,1,largest,False,1000,1000,0,1.0,1.0,1.0,1.0,1.0,1.0
periodic_deadband,output_deadband,b8_n2_distinct,8,2,distinct,0.15,rank,2,largest,True,1000,1000,0,1.0,1.0,1.0,1.0,1.0,1.0
periodic_deadband,output_deadband,b8_n2_distinct,8,2,distinct,0.2,bitonic,1,largest,False,1000,1000,0,1.0,1.0,1.0,1.0,1.0,1.0
periodic_deadband,output_deadband,b8_n2_distinct,8,2,distinct,0.2,bitonic,2,largest,True,1000,1000,0,1.0,1.0,1.0,1.0,1.0,1.0
periodic_deadband,output_deadband,b8_n2_distinct,8,2,distinct,0.2,rank,1,largest,False,1000,1000,0,1.0,1.0,1.0,1.0,1.0,1.0
periodic_deadband,output_deadband,b8_n2_distinct,8,2,distinct,0.2,rank,2,largest,True,1000,1000,0,1.0,1.0,1.0,1.0,1.0,1.0
periodic_deadband,output_deadband,b8_n2_distinct,8,2,distinct,0.25,bitonic,1,largest,False,1000,1000,0,1.0,1.0,1.0,1.0,1.0,1.0
periodic_deadband,output_deadband,b8_n2_distinct,8,2,distinct,0.25,bitonic,2,largest,True,1000,1000,0,1.0,1.0,1.0,1.0,1.0,1.0
periodic_deadband,output_deadband,b8_n2_distinct,8,2,distinct,0.25,rank,1,largest,False,1000,1000,0,1.0,1.0,1.0,1.0,1.0,1.0
periodic_deadband,output_deadband,b8_n2_distinct,8,2,distinct,0.25,rank,2,largest,True,1000,1000,0,1.0,1.0,1.0,1.0,1.0,1.0
periodic_deadband,output_deadband,b8_n2_duplicates_allowed,8,2,duplicates_allowed,0.0,bitonic,1,largest,False,1000,1000,0,1.0,1.0,1.0,1.0,1.0,1.0
periodic_deadband,output_deadband,b8_n2_duplicates_allowed,8,2,duplicates_allowed,0.0,bitonic,2,largest,True,1000,1000,0,1.0,1.0,1.0,1.0,1.0,1.0
periodic_deadband,output_deadband,b8_n2_duplicates_allowed,8,2,duplicates_allowed,0.0,rank,1,largest,False,1000,1000,0,1.0,1.0,1.0,1.0,1.0,1.0
periodic_deadband,output_deadband,b8_n2_duplicates_allowed,8,2,duplicates_allowed,0.0,rank,2,largest,True,1000,1000,0,1.0,1.0,1.0,1.0,1.0,1.0
periodic_deadband,output_deadband,b8_n2_duplicates_allowed,8,2,duplicates_allowed,0.05,bitonic,1,largest,False,1000,1000,0,1.0,1.0,1.0,1.0,1.0,1.0
periodic_deadband,output_deadband,b8_n2_duplicates_allowed,8,2,duplicates_allowed,0.05,bitonic,2,largest,True,1000,1000,0,1.0,1.0,1.0,1.0,1.0,1.0
periodic_deadband,output_deadband,b8_n2_duplicates_allowed,8,2,duplicates_allowed,0.05,rank,1,largest,False,1000,1000,0,1.0,1.0,1.0,1.0,1.0,1.0
periodic_deadband,output_deadband,b8_n2_duplicates_allowed,8,2,duplicates_allowed,0.05,rank,2,largest,True,1000,1000,0,1.0,1.0,1.0,1.0,1.0,1.0
periodic_deadband,output_deadband,b8_n2_duplicates_allowed,8,2,duplicates_allowed,0.1,bitonic,1,largest,False,1000,1000,0,1.0,1.0,1.0,1.0,1.0,1.0
periodic_deadband,output_deadband,b8_n2_duplicates_allowed,8,2,duplicates_allowed,0.1,bitonic,2,largest,True,1000,1000,0,1.0,1.0,1.0,1.0,1.0,1.0
periodic_deadband,output_deadband,b8_n2_duplicates_allowed,8,2,duplicates_allowed,0.1,rank,1,largest,False,1000,1000,0,1.0,1.0,1.0,1.0,1.0,1.0
periodic_deadband,output_deadband,b8_n2_duplicates_allowed,8,2,duplicates_allowed,0.1,rank,2,largest,True,1000,1000,0,1.0,1.0,1.0,1.0,1.0,1.0
periodic_deadband,output_deadband,b8_n2_duplicates_allowed,8,2,duplicates_allowed,0.15,bitonic,1,largest,False,1000,1000,0,1.0,1.0,1.0,1.0,1.0,1.0
periodic_deadband,output_deadband,b8_n2_duplicates_allowed,8,2,duplicates_allowed,0.15,bitonic,2,largest,True,1000,1000,0,1.0,1.0,1.0,1.0,1.0,1.0
periodic_deadband,output_deadband,b8_n2_duplicates_allowed,8,2,duplicates_allowed,0.15,rank,1,largest,False,1000,1000,0,1.0,1.0,1.0,1.0,1.0,1.0
periodic_deadband,output_deadband,b8_n2_duplicates_allowed,8,2,duplicates_allowed,0.15,rank,2,largest,True,1000,1000,0,1.0,1.0,1.0,1.0,1.0,1.0
periodic_deadband,output_deadband,b8_n2_duplicates_allowed,8,2,duplicates_allowed,0.2,bitonic,1,largest,False,1000,1000,0,1.0,1.0,1.0,1.0,1.0,1.0
periodic_deadband,output_deadband,b8_n2_duplicates_allowed,8,2,duplicates_allowed,0.2,bitonic,2,largest,True,1000,1000,0,1.0,1.0,1.0,1.0,1.0,1.0
periodic_deadband,output_deadband,b8_n2_duplicates_allowed,8,2,duplicates_allowed,0.2,rank,1,largest,False,1000,1000,0,1.0,1.0,1.0,1.0,1.0,1.0
periodic_deadband,output_deadband,b8_n2_duplicates_allowed,8,2,duplicates_allowed,0.2,rank,2,largest,True,1000,1000,0,1.0,1.0,1.0,1.0,1.0,1.0
periodic_deadband,output_deadband,b8_n2_duplicates_allowed,8,2,duplicates_allowed,0.25,bitonic,1,largest,False,1000,1000,0,1.0,1.0,1.0,1.0,1.0,1.0
periodic_deadband,output_deadband,b8_n2_duplicates_allowed,8,2,duplicates_allowed,0.25,bitonic,2,largest,True,1000,1000,0,1.0,1.0,1.0,1.0,1.0,1.0
periodic_deadband,output_deadband,b8_n2_duplicates_allowed,8,2,duplicates_allowed,0.25,rank,1,largest,False,1000,1000,0,1.0,1.0,1.0,1.0,1.0,1.0
periodic_deadband,output_deadband,b8_n2_duplicates_allowed,8,2,duplicates_allowed,0.25,rank,2,largest,True,1000,1000,0,1.0,1.0,1.0,1.0,1.0,1.0
periodic_deadband,output_deadband,b8_n4_distinct,8,4,distinct,0.0,bitonic,1,largest,False,1000,1000,0,1.0,1.0,1.0,1.0,1.0,1.0
periodic_deadband,output_deadband,b8_n4_distinct,8,4,distinct,0.0,bitonic,4,largest,True,1000,1000,0,1.0,1.0,1.0,1.0,1.0,1.0
periodic_deadband,output_deadband,b8_n4_distinct,8,4,distinct,0.0,rank,1,largest,False,1000,1000,0,1.0,1.0,1.0,1.0,1.0,1.0
periodic_deadband,output_deadband,b8_n4_distinct,8,4,distinct,0.0,rank,4,largest,True,1000,1000,0,1.0,1.0,1.0,1.0,1.0,1.0
periodic_deadband,output_deadband,b8_n4_distinct,8,4,distinct,0.05,bitonic,1,largest,False,1000,1000,0,1.0,1.0,1.0,1.0,1.0,1.0
periodic_deadband,output_deadband,b8_n4_distinct,8,4,distinct,0.05,bitonic,4,largest,True,1000,1000,0,1.0,1.0,1.0,1.0,1.0,1.0
periodic_deadband,output_deadband,b8_n4_distinct,8,4,distinct,0.05,rank,1,largest,False,1000,1000,0,1.0,1.0,1.0,1.0,1.0,1.0
periodic_deadband,output_deadband,b8_n4_distinct,8,4,distinct,0.05,rank,4,largest,True,1000,1000,0,1.0,1.0,1.0,1.0,1.0,1.0
periodic_deadband,output_deadband,b8_n4_distinct,8,4,distinct,0.1,bitonic,1,largest,False,1000,1000,0,1.0,1.0,1.0,1.0,1.0,1.0
periodic_deadband,output_deadband,b8_n4_distinct,8,4,distinct,0.1,bitonic,4,largest,True,1000,1000,0,1.0,1.0,1.0,1.0,1.0,1.0
periodic_deadband,output_deadband,b8_n4_distinct,8,4,distinct,0.1,rank,1,largest,False,1000,1000,0,1.0,1.0,1.0,1.0,1.0,1.0
periodic_deadband,output_deadband,b8_n4_distinct,8,4,distinct,0.1,rank,4,largest,True,1000,1000,0,1.0,1.0,1.0,1.0,1.0,1.0
periodic_deadband,output_deadband,b8_n4_distinct,8,4,distinct,0.15,bitonic,1,largest,False,1000,1000,0,1.0,1.0,1.0,1.0,1.0,1.0
periodic_deadband,output_deadband,b8_n4_distinct,8,4,distinct,0.15,bitonic,4,largest,True,1000,1000,0,1.0,1.0,1.0,1.0,1.0,1.0
periodic_deadband,output_deadband,b8_n4_distinct,8,4,distinct,0.15,rank,1,largest,False,1000,1000,0,1.0,1.0,1.0,1.0,1.0,1.0
periodic_deadband,output_deadband,b8_n4_distinct,8,4,distinct,0.15,rank,4,largest,True,1000,1000,0,1.0,1.0,1.0,1.0,1.0,1.0
periodic_deadband,output_deadband,b8_n4_distinct,8,4,distinct,0.2,bitonic,1,largest,False,1000,1000,0,1.0,1.0,1.0,1.0,1.0,1.0
periodic_deadband,output_deadband,b8_n4_distinct,8,4,distinct,0.2,bitonic,4,largest,True,1000,1000,0,1.0,1.0,1.0,1.0,1.0,1.0
periodic_deadband,output_deadband,b8_n4_distinct,8,4,distinct,0.2,rank,1,largest,False,1000,1000,0,1.0,1.0,1.0,1.0,1.0,1.0
periodic_deadband,output_deadband,b8_n4_distinct,8,4,distinct,0.2,rank,4,largest,True,1000,1000,0,1.0,1.0,1.0,1.0,1.0,1.0
periodic_deadband,output_deadband,b8_n4_distinct,8,4,distinct,0.25,bitonic,1,largest,False,1000,1000,0,1.0,1.0,1.0,1.0,1.0,1.0
periodic_deadband,output_deadband,b8_n4_distinct,8,4,distinct,0.25,bitonic,4,largest,True,1000,1000,0,1.0,1.0,1.0,1.0,1.0,1.0
periodic_deadband,output_deadband,b8_n4_distinct,8,4,distinct,0.25,rank,1,largest,False,1000,1000,0,1.0,1.0,1.0,1.0,1.0,1.0
periodic_deadband,output_deadband,b8_n4_distinct,8,4,distinct,0.25,rank,4,largest,True,1000,1000,0,1.0,1.0,1.0,1.0,1.0,1.0
periodic_deadband,output_deadband,b8_n4_duplicates_allowed,8,4,duplicates_allowed,0.0,bitonic,1,largest,False,1000,1000,0,1.0,1.0,1.0,1.0,1.0,1.0
periodic_deadband,output_deadband,b8_n4_duplicates_allowed,8,4,duplicates_allowed,0.0,bitonic,4,largest,True,1000,1000,0,1.0,1.0,1.0,1.0,1.0,1.0
periodic_deadband,output_deadband,b8_n4_duplicates_allowed,8,4,duplicates_allowed,0.0,rank,1,largest,False,1000,1000,0,1.0,1.0,1.0,1.0,1.0,1.0
periodic_deadband,output_deadband,b8_n4_duplicates_allowed,8,4,duplicates_allowed,0.0,rank,4,largest,True,1000,1000,0,1.0,1.0,1.0,1.0,1.0,1.0
periodic_deadband,output_deadband,b8_n4_duplicates_allowed,8,4,duplicates_allowed,0.05,bitonic,1,largest,False,1000,1000,0,1.0,1.0,1.0,1.0,1.0,1.0
periodic_deadband,output_deadband,b8_n4_duplicates_allowed,8,4,duplicates_allowed,0.05,bitonic,4,largest,True,1000,1000,0,1.0,1.0,1.0,1.0,1.0,1.0
periodic_deadband,output_deadband,b8_n4_duplicates_allowed,8,4,duplicates_allowed,0.05,rank,1,largest,False,1000,1000,0,1.0,1.0,1.0,1.0,1.0,1.0
periodic_deadband,output_deadband,b8_n4_duplicates_allowed,8,4,duplicates_allowed,0.05,rank,4,largest,True,1000,1000,0,1.0,1.0,1.0,1.0,1.0,1.0
periodic_deadband,output_deadband,b8_n4_duplicates_allowed,8,4,duplicates_allowed,0.1,bitonic,1,largest,False,1000,1000,0,1.0,1.0,1.0,1.0,1.0,1.0
periodic_deadband,output_deadband,b8_n4_duplicates_allowed,8,4,duplicates_allowed,0.1,bitonic,4,largest,True,1000,1000,0,1.0,1.0,1.0,1.0,1.0,1.0
periodic_deadband,output_deadband,b8_n4_duplicates_allowed,8,4,duplicates_allowed,0.1,rank,1,largest,False,1000,1000,0,1.0,1.0,1.0,1.0,1.0,1.0
periodic_deadband,output_deadband,b8_n4_duplicates_allowed,8,4,duplicates_allowed,0.1,rank,4,largest,True,1000,1000,0,1.0,1.0,1.0,1.0,1.0,1.0
periodic_deadband,output_deadband,b8_n4_duplicates_allowed,8,4,duplicates_allowed,0.15,bitonic,1,largest,False,1000,1000,0,1.0,1.0,1.0,1.0,1.0,1.0
periodic_deadband,output_deadband,b8_n4_duplicates_allowed,8,4,duplicates_allowed,0.15,bitonic,4,largest,True,1000,1000,0,1.0,1.0,1.0,1.0,1.0,1.0
periodic_deadband,output_deadband,b8_n4_duplicates_allowed,8,4,duplicates_allowed,0.15,rank,1,largest,False,1000,1000,0,1.0,1.0,1.0,1.0,1.0,1.0
periodic_deadband,output_deadband,b8_n4_duplicates_allowed,8,4,duplicates_allowed,0.15,rank,4,largest,True,1000,1000,0,1.0,1.0,1.0,1.0,1.0,1.0
periodic_deadband,output_deadband,b8_n4_duplicates_allowed,8,4,duplicates_allowed,0.2,bitonic,1,largest,False,1000,1000,0,1.0,1.0,1.0,1.0,1.0,1.0
periodic_deadband,output_deadband,b8_n4_duplicates_allowed,8,4,duplicates_allowed,0.2,bitonic,4,largest,True,1000,1000,0,1.0,1.0,1.0,1.0,1.0,1.0
periodic_deadband,output_deadband,b8_n4_duplicates_allowed,8,4,duplicates_allowed,0.2,rank,1,largest,False,1000,1000,0,1.0,1.0,1.0,1.0,1.0,1.0
periodic_deadband,output_deadband,b8_n4_duplicates_allowed,8,4,duplicates_allowed,0.2,rank,4,largest,True,1000,1000,0,1.0,1.0,1.0,1.0,1.0,1.0
periodic_deadband,output_deadband,b8_n4_duplicates_allowed,8,4,duplicates_allowed,0.25,bitonic,1,largest,False,1000,1000,0,1.0,1.0,1.0,1.0,1.0,1.0
periodic_deadband,output_deadband,b8_n4_duplicates_allowed,8,4,duplicates_allowed,0.25,bitonic,4,largest,True,1000,1000,0,1.0,1.0,1.0,1.0,1.0,1.0
periodic_deadband,output_deadband,b8_n4_duplicates_allowed,8,4,duplicates_allowed,0.25,rank,1,largest,False,1000,1000,0,1.0,1.0,1.0,1.0,1.0,1.0
periodic_deadband,output_deadband,b8_n4_duplicates_allowed,8,4,duplicates_allowed,0.25,rank,4,largest,True,1000,1000,0,1.0,1.0,1.0,1.0,1.0,1.0
periodic_deadband,output_deadband,b8_n8_distinct,8,8,distinct,0.0,bitonic,1,largest,False,1000,1000,0,1.0,1.0,1.0,1.0,1.0,1.0
periodic_deadband,output_deadband,b8_n8_distinct,8,8,distinct,0.0,bitonic,5,largest,False,1000,1000,0,1.0,1.0,1.0,1.0,1.0,1.0
periodic_deadband,output_deadband,b8_n8_distinct,8,8,distinct,0.0,bitonic,8,largest,True,1000,1000,0,1.0,1.0,1.0,1.0,1.0,1.0
periodic_deadband,output_deadband,b8_n8_distinct,8,8,distinct,0.0,rank,1,largest,False,1000,1000,0,1.0,1.0,1.0,1.0,1.0,1.0
periodic_deadband,output_deadband,b8_n8_distinct,8,8,distinct,0.0,rank,5,largest,False,1000,1000,0,1.0,1.0,1.0,1.0,1.0,1.0
periodic_deadband,output_deadband,b8_n8_distinct,8,8,distinct,0.0,rank,8,largest,True,1000,1000,0,1.0,1.0,1.0,1.0,1.0,1.0
periodic_deadband,output_deadband,b8_n8_distinct,8,8,distinct,0.05,bitonic,1,largest,False,1000,1000,0,1.0,1.0,1.0,1.0,1.0,1.0
periodic_deadband,output_deadband,b8_n8_distinct,8,8,distinct,0.05,bitonic,5,largest,False,1000,1000,0,1.0,1.0,1.0,1.0,1.0,1.0
periodic_deadband,output_deadband,b8_n8_distinct,8,8,distinct,0.05,bitonic,8,largest,True,1000,1000,0,1.0,1.0,1.0,1.0,1.0,1.0
periodic_deadband,output_deadband,b8_n8_distinct,8,8,distinct,0.05,rank,1,largest,False,1000,1000,0,1.0,1.0,1.0,1.0,1.0,1.0
periodic_deadband,output_deadband,b8_n8_distinct,8,8,distinct,0.05,rank,5,largest,False,1000,1000,0,1.0,1.0,1.0,1.0,1.0,1.0
periodic_deadband,output_deadband,b8_n8_distinct,8,8,distinct,0.05,rank,8,largest,True,1000,1000,0,1.0,1.0,1.0,1.0,1.0,1.0
periodic_deadband,output_deadband,b8_n8_distinct,8,8,distinct,0.1,bitonic,1,largest,False,1000,1000,0,1.0,1.0,1.0,1.0,1.0,1.0
periodic_deadband,output_deadband,b8_n8_distinct,8,8,distinct,0.1,bitonic,5,largest,False,1000,1000,0,1.0,1.0,1.0,1.0,1.0,1.0
periodic_deadband,output_deadband,b8_n8_distinct,8,8,distinct,0.1,bitonic,8,largest,True,1000,1000,0,1.0,1.0,1.0,1.0,1.0,1.0
periodic_deadband,output_deadband,b8_n8_distinct,8,8,distinct,0.1,rank,1,largest,False,1000,1000,0,1.0,1.0,1.0,1.0,1.0,1.0
periodic_deadband,output_deadband,b8_n8_distinct,8,8,distinct,0.1,rank,5,largest,False,1000,1000,0,1.0,1.0,1.0,1.0,1.0,1.0
periodic_deadband,output_deadband,b8_n8_distinct,8,8,distinct,0.1,rank,8,largest,True,1000,1000,0,1.0,1.0,1.0,1.0,1.0,1.0
periodic_deadband,output_deadband,b8_n8_distinct,8,8,distinct,0.15,bitonic,1,largest,False,1000,1000,0,1.0,1.0,1.0,1.0,1.0,1.0
periodic_deadband,output_deadband,b8_n8_distinct,8,8,distinct,0.15,bitonic,5,largest,False,1000,1000,0,1.0,1.0,1.0,1.0,1.0,1.0
periodic_deadband,output_deadband,b8_n8_distinct,8,8,distinct,0.15,bitonic,8,largest,True,1000,1000,0,1.0,1.0,1.0,1.0,1.0,1.0
periodic_deadband,output_deadband,b8_n8_distinct,8,8,distinct,0.15,rank,1,largest,False,1000,1000,0,1.0,1.0,1.0,1.0,1.0,1.0
periodic_deadband,output_deadband,b8_n8_distinct,8,8,distinct,0.15,rank,5,largest,False,1000,1000,0,1.0,1.0,1.0,1.0,1.0,1.0
periodic_deadband,output_deadband,b8_n8_distinct,8,8,distinct,0.15,rank,8,largest,True,1000,1000,0,1.0,1.0,1.0,1.0,1.0,1.0
periodic_deadband,output_deadband,b8_n8_distinct,8,8,distinct,0.2,bitonic,1,largest,False,1000,1000,0,1.0,1.0,1.0,1.0,1.0,1.0
periodic_deadband,output_deadband,b8_n8_distinct,8,8,distinct,0.2,bitonic,5,largest,False,1000,1000,0,1.0,1.0,1.0,1.0,1.0,1.0
periodic_deadband,output_deadband,b8_n8_distinct,8,8,distinct,0.2,bitonic,8,largest,True,1000,1000,0,1.0,1.0,1.0,1.0,1.0,1.0
periodic_deadband,output_deadband,b8_n8_distinct,8,8,distinct,0.2,rank,1,largest,False,1000,1000,0,1.0,1.0,1.0,1.0,1.0,1.0
periodic_deadband,output_deadband,b8_n8_distinct,8,8,distinct,0.2,rank,5,largest,False,1000,1000,0,1.0,1.0,1.0,1.0,1.0,1.0
periodic_deadband,output_deadband,b8_n8_distinct,8,8,distinct,0.2,rank,8,largest,True,1000,1000,0,1.0,1.0,1.0,1.0,1.0,1.0
periodic_deadband,output_deadband,b8_n8_distinct,8,8,distinct,0.25,bitonic,1,largest,False,1000,1000,0,1.0,1.0,1.0,1.0,1.0,1.0
periodic_deadband,output_deadband,b8_n8_distinct,8,8,distinct,0.25,bitonic,5,largest,False,1000,1000,0,1.0,1.0,1.0,1.0,1.0,1.0
periodic_deadband,output_deadband,b8_n8_distinct,8,8,distinct,0.25,bitonic,8,largest,True,1000,1000,0,1.0,1.0,1.0,1.0,1.0,1.0
periodic_deadband,output_deadband,b8_n8_distinct,8,8,distinct,0.25,rank,1,largest,False,1000,1000,0,1.0,1.0,1.0,1.0,1.0,1.0
periodic_deadband,output_deadband,b8_n8_distinct,8,8,distinct,0.25,rank,5,largest,False,1000,1000,0,1.0,1.0,1.0,1.0,1.0,1.0
periodic_deadband,output_deadband,b8_n8_distinct,8,8,distinct,0.25,rank,8,largest,True,1000,1000,0,1.0,1.0,1.0,1.0,1.0,1.0
periodic_deadband,output_deadband,b8_n8_duplicates_allowed,8,8,duplicates_allowed,0.0,bitonic,1,largest,False,1000,1000,0,1.0,1.0,1.0,1.0,1.0,1.0
periodic_deadband,output_deadband,b8_n8_duplicates_allowed,8,8,duplicates_allowed,0.0,bitonic,5,largest,False,1000,1000,0,1.0,1.0,1.0,1.0,1.0,1.0
periodic_deadband,output_deadband,b8_n8_duplicates_allowed,8,8,duplicates_allowed,0.0,bitonic,8,largest,True,1000,1000,0,1.0,1.0,1.0,1.0,1.0,1.0
periodic_deadband,output_deadband,b8_n8_duplicates_allowed,8,8,duplicates_allowed,0.0,rank,1,largest,False,1000,1000,0,1.0,1.0,1.0,1.0,1.0,1.0
periodic_deadband,output_deadband,b8_n8_duplicates_allowed,8,8,duplicates_allowed,0.0,rank,5,largest,False,1000,1000,0,1.0,1.0,1.0,1.0,1.0,1.0
periodic_deadband,output_deadband,b8_n8_duplicates_allowed,8,8,duplicates_allowed,0.0,rank,8,largest,True,1000,1000,0,1.0,1.0,1.0,1.0,1.0,1.0
periodic_deadband,output_deadband,b8_n8_duplicates_allowed,8,8,duplicates_allowed,0.05,bitonic,1,largest,False,1000,1000,0,1.0,1.0,1.0,1.0,1.0,1.0
periodic_deadband,output_deadband,b8_n8_duplicates_allowed,8,8,duplicates_allowed,0.05,bitonic,5,largest,False,1000,1000,0,1.0,1.0,1.0,1.0,1.0,1.0
periodic_deadband,output_deadband,b8_n8_duplicates_allowed,8,8,duplicates_allowed,0.05,bitonic,8,largest,True,1000,1000,0,1.0,1.0,1.0,1.0,1.0,1.0
periodic_deadband,output_deadband,b8_n8_duplicates_allowed,8,8,duplicates_allowed,0.05,rank,1,largest,False,1000,1000,0,1.0,1.0,1.0,1.0,1.0,1.0
periodic_deadband,output_deadband,b8_n8_duplicates_allowed,8,8,duplicates_allowed,0.05,rank,5,largest,False,1000,1000,0,1.0,1.0,1.0,1.0,1.0,1.0
periodic_deadband,output_deadband,b8_n8_duplicates_allowed,8,8,duplicates_allowed,0.05,rank,8,largest,True,1000,1000,0,1.0,1.0,1.0,1.0,1.0,1.0
periodic_deadband,output_deadband,b8_n8_duplicates_allowed,8,8,duplicates_allowed,0.1,bitonic,1,largest,False,1000,1000,0,1.0,1.0,1.0,1.0,1.0,1.0
periodic_deadband,output_deadband,b8_n8_duplicates_allowed,8,8,duplicates_allowed,0.1,bitonic,5,largest,False,1000,1000,0,1.0,1.0,1.0,1.0,1.0,1.0
periodic_deadband,output_deadband,b8_n8_duplicates_allowed,8,8,duplicates_allowed,0.1,bitonic,8,largest,True,1000,1000,0,1.0,1.0,1.0,1.0,1.0,1.0
periodic_deadband,output_deadband,b8_n8_duplicates_allowed,8,8,duplicates_allowed,0.1,rank,1,largest,False,1000,1000,0,1.0,1.0,1.0,1.0,1.0,1.0
periodic_deadband,output_deadband,b8_n8_duplicates_allowed,8,8,duplicates_allowed,0.1,rank,5,largest,False,1000,1000,0,1.0,1.0,1.0,1.0,1.0,1.0
periodic_deadband,output_deadband,b8_n8_duplicates_allowed,8,8,duplicates_allowed,0.1,rank,8,largest,True,1000,1000,0,1.0,1.0,1.0,1.0,1.0,1.0
periodic_deadband,output_deadband,b8_n8_duplicates_allowed,8,8,duplicates_allowed,0.15,bitonic,1,largest,False,1000,1000,0,1.0,1.0,1.0,1.0,1.0,1.0
periodic_deadband,output_deadband,b8_n8_duplicates_allowed,8,8,duplicates_allowed,0.15,bitonic,5,largest,False,1000,1000,0,1.0,1.0,1.0,1.0,1.0,1.0
periodic_deadband,output_deadband,b8_n8_duplicates_allowed,8,8,duplicates_allowed,0.15,bitonic,8,largest,True,1000,1000,0,1.0,1.0,1.0,1.0,1.0,1.0
periodic_deadband,output_deadband,b8_n8_duplicates_allowed,8,8,duplicates_allowed,0.15,rank,1,largest,False,1000,1000,0,1.0,1.0,1.0,1.0,1.0,1.0
periodic_deadband,output_deadband,b8_n8_duplicates_allowed,8,8,duplicates_allowed,0.15,rank,5,largest,False,1000,1000,0,1.0,1.0,1.0,1.0,1.0,1.0
periodic_deadband,output_deadband,b8_n8_duplicates_allowed,8,8,duplicates_allowed,0.15,rank,8,largest,True,1000,1000,0,1.0,1.0,1.0,1.0,1.0,1.0
periodic_deadband,output_deadband,b8_n8_duplicates_allowed,8,8,duplicates_allowed,0.2,bitonic,1,largest,False,1000,1000,0,1.0,1.0,1.0,1.0,1.0,1.0
periodic_deadband,output_deadband,b8_n8_duplicates_allowed,8,8,duplicates_allowed,0.2,bitonic,5,largest,False,1000,1000,0,1.0,1.0,1.0,1.0,1.0,1.0
periodic_deadband,output_deadband,b8_n8_duplicates_allowed,8,8,duplicates_allowed,0.2,bitonic,8,largest,True,1000,1000,0,1.0,1.0,1.0,1.0,1.0,1.0
periodic_deadband,output_deadband,b8_n8_duplicates_allowed,8,8,duplicates_allowed,0.2,rank,1,largest,False,1000,1000,0,1.0,1.0,1.0,1.0,1.0,1.0
periodic_deadband,output_deadband,b8_n8_duplicates_allowed,8,8,duplicates_allowed,0.2,rank,5,largest,False,1000,1000,0,1.0,1.0,1.0,1.0,1.0,1.0
periodic_deadband,output_deadband,b8_n8_duplicates_allowed,8,8,duplicates_allowed,0.2,rank,8,largest,True,1000,1000,0,1.0,1.0,1.0,1.0,1.0,1.0
periodic_deadband,output_deadband,b8_n8_duplicates_allowed,8,8,duplicates_allowed,0.25,bitonic,1,largest,False,1000,1000,0,1.0,1.0,1.0,1.0,1.0,1.0
periodic_deadband,output_deadband,b8_n8_duplicates_allowed,8,8,duplicates_allowed,0.25,bitonic,5,largest,False,1000,1000,0,1.0,1.0,1.0,1.0,1.0,1.0
periodic_deadband,output_deadband,b8_n8_duplicates_allowed,8,8,duplicates_allowed,0.25,bitonic,8,largest,True,1000,1000,0,1.0,1.0,1.0,1.0,1.0,1.0
periodic_deadband,output_deadband,b8_n8_duplicates_allowed,8,8,duplicates_allowed,0.25,rank,1,largest,False,1000,1000,0,1.0,1.0,1.0,1.0,1.0,1.0
periodic_deadband,output_deadband,b8_n8_duplicates_allowed,8,8,duplicates_allowed,0.25,rank,5,largest,False,1000,1000,0,1.0,1.0,1.0,1.0,1.0,1.0
periodic_deadband,output_deadband,b8_n8_duplicates_allowed,8,8,duplicates_allowed,0.25,rank,8,largest,True,1000,1000,0,1.0,1.0,1.0,1.0,1.0,1.0
periodic_deadband,output_deadband,b8_n16_distinct,8,16,distinct,0.0,bitonic,1,largest,False,1000,1000,0,1.0,1.0,1.0,1.0,1.0,1.0
periodic_deadband,output_deadband,b8_n16_distinct,8,16,distinct,0.0,bitonic,5,largest,False,1000,1000,0,1.0,1.0,1.0,1.0,1.0,1.0
periodic_deadband,output_deadband,b8_n16_distinct,8,16,distinct,0.0,bitonic,10,largest,False,1000,1000,0,1.0,1.0,1.0,1.0,1.0,1.0
periodic_deadband,output_deadband,b8_n16_distinct,8,16,distinct,0.0,bitonic,16,largest,True,1000,1000,0,1.0,1.0,1.0,1.0,1.0,1.0
periodic_deadband,output_deadband,b8_n16_distinct,8,16,distinct,0.0,rank,1,largest,False,1000,1000,0,1.0,1.0,1.0,1.0,1.0,1.0
periodic_deadband,output_deadband,b8_n16_distinct,8,16,distinct,0.0,rank,5,largest,False,1000,1000,0,1.0,1.0,1.0,1.0,1.0,1.0
periodic_deadband,output_deadband,b8_n16_distinct,8,16,distinct,0.0,rank,10,largest,False,1000,1000,0,1.0,1.0,1.0,1.0,1.0,1.0
periodic_deadband,output_deadband,b8_n16_distinct,8,16,distinct,0.0,rank,16,largest,True,1000,1000,0,1.0,1.0,1.0,1.0,1.0,1.0
periodic_deadband,output_deadband,b8_n16_distinct,8,16,distinct,0.05,bitonic,1,largest,False,1000,1000,0,1.0,1.0,1.0,1.0,1.0,1.0
periodic_deadband,output_deadband,b8_n16_distinct,8,16,distinct,0.05,bitonic,5,largest,False,1000,1000,0,1.0,1.0,1.0,1.0,1.0,1.0
periodic_deadband,output_deadband,b8_n16_distinct,8,16,distinct,0.05,bitonic,10,largest,False,1000,1000,0,1.0,1.0,1.0,1.0,1.0,1.0
periodic_deadband,output_deadband,b8_n16_distinct,8,16,distinct,0.05,bitonic,16,largest,True,1000,1000,0,1.0,1.0,1.0,1.0,1.0,1.0
periodic_deadband,output_deadband,b8_n16_distinct,8,16,distinct,0.05,rank,1,largest,False,1000,1000,0,1.0,1.0,1.0,1.0,1.0,1.0
periodic_deadband,output_deadband,b8_n16_distinct,8,16,distinct,0.05,rank,5,largest,False,1000,1000,0,1.0,1.0,1.0,1.0,1.0,1.0
periodic_deadband,output_deadband,b8_n16_distinct,8,16,distinct,0.05,rank,10,largest,False,1000,1000,0,1.0,1.0,1.0,1.0,1.0,1.0
periodic_deadband,output_deadband,b8_n16_distinct,8,16,distinct,0.05,rank,16,largest,True,1000,1000,0,1.0,1.0,1.0,1.0,1.0,1.0
periodic_deadband,output_deadband,b8_n16_distinct,8,16,distinct,0.1,bitonic,1,largest,False,1000,1000,0,1.0,1.0,1.0,1.0,1.0,1.0
periodic_deadband,output_deadband,b8_n16_distinct,8,16,distinct,0.1,bitonic,5,largest,False,1000,1000,0,1.0,1.0,1.0,1.0,1.0,1.0
periodic_deadband,output_deadband,b8_n16_distinct,8,16,distinct,0.1,bitonic,10,largest,False,1000,1000,0,1.0,1.0,1.0,1.0,1.0,1.0
periodic_deadband,output_deadband,b8_n16_distinct,8,16,distinct,0.1,bitonic,16,largest,True,1000,1000,0,1.0,1.0,1.0,1.0,1.0,1.0
periodic_deadband,output_deadband,b8_n16_distinct,8,16,distinct,0.1,rank,1,largest,False,1000,1000,0,1.0,1.0,1.0,1.0,1.0,1.0
periodic_deadband,output_deadband,b8_n16_distinct,8,16,distinct,0.1,rank,5,largest,False,1000,1000,0,1.0,1.0,1.0,1.0,1.0,1.0
periodic_deadband,output_deadband,b8_n16_distinct,8,16,distinct,0.1,rank,10,largest,False,1000,1000,0,1.0,1.0,1.0,1.0,1.0,1.0
periodic_deadband,output_deadband,b8_n16_distinct,8,16,distinct,0.1,rank,16,largest,True,1000,1000,0,1.0,1.0,1.0,1.0,1.0,1.0
periodic_deadband,output_deadband,b8_n16_distinct,8,16,distinct,0.15,bitonic,1,largest,False,1000,1000,0,1.0,1.0,1.0,1.0,1.0,1.0
periodic_deadband,output_deadband,b8_n16_distinct,8,16,distinct,0.15,bitonic,5,largest,False,1000,1000,0,1.0,1.0,1.0,1.0,1.0,1.0
periodic_deadband,output_deadband,b8_n16_distinct,8,16,distinct,0.15,bitonic,10,largest,False,1000,1000,0,1.0,1.0,1.0,1.0,1.0,1.0
periodic_deadband,output_deadband,b8_n16_distinct,8,16,distinct,0.15,bitonic,16,largest,True,1000,1000,0,1.0,1.0,1.0,1.0,1.0,1.0
periodic_deadband,output_deadband,b8_n16_distinct,8,16,distinct,0.15,rank,1,largest,False,1000,1000,0,1.0,1.0,1.0,1.0,1.0,1.0
periodic_deadband,output_deadband,b8_n16_distinct,8,16,distinct,0.15,rank,5,largest,False,1000,1000,0,1.0,1.0,1.0,1.0,1.0,1.0
periodic_deadband,output_deadband,b8_n16_distinct,8,16,distinct,0.15,rank,10,largest,False,1000,1000,0,1.0,1.0,1.0,1.0,1.0,1.0
periodic_deadband,output_deadband,b8_n16_distinct,8,16,distinct,0.15,rank,16,largest,True,1000,1000,0,1.0,1.0,1.0,1.0,1.0,1.0
periodic_deadband,output_deadband,b8_n16_distinct,8,16,distinct,0.2,bitonic,1,largest,False,1000,1000,0,1.0,1.0,1.0,1.0,1.0,1.0
periodic_deadband,output_deadband,b8_n16_distinct,8,16,distinct,0.2,bitonic,5,largest,False,1000,1000,0,1.0,1.0,1.0,1.0,1.0,1.0
periodic_deadband,output_deadband,b8_n16_distinct,8,16,distinct,0.2,bitonic,10,largest,False,1000,1000,0,1.0,1.0,1.0,1.0,1.0,1.0
periodic_deadband,output_deadband,b8_n16_distinct,8,16,distinct,0.2,bitonic,16,largest,True,1000,1000,0,1.0,1.0,1.0,1.0,1.0,1.0
periodic_deadband,output_deadband,b8_n16_distinct,8,16,distinct,0.2,rank,1,largest,False,1000,1000,0,1.0,1.0,1.0,1.0,1.0,1.0
periodic_deadband,output_deadband,b8_n16_distinct,8,16,distinct,0.2,rank,5,largest,False,1000,1000,0,1.0,1.0,1.0,1.0,1.0,1.0
periodic_deadband,output_deadband,b8_n16_distinct,8,16,distinct,0.2,rank,10,largest,False,1000,1000,0,1.0,1.0,1.0,1.0,1.0,1.0
periodic_deadband,output_deadband,b8_n16_distinct,8,16,distinct,0.2,rank,16,largest,True,1000,1000,0,1.0,1.0,1.0,1.0,1.0,1.0
periodic_deadband,output_deadband,b8_n16_distinct,8,16,distinct,0.25,bitonic,1,largest,False,1000,1000,0,1.0,1.0,1.0,1.0,1.0,1.0
periodic_deadband,output_deadband,b8_n16_distinct,8,16,distinct,0.25,bitonic,5,largest,False,1000,1000,0,1.0,1.0,1.0,1.0,1.0,1.0
periodic_deadband,output_deadband,b8_n16_distinct,8,16,distinct,0.25,bitonic,10,largest,False,1000,1000,0,1.0,1.0,1.0,1.0,1.0,1.0
periodic_deadband,output_deadband,b8_n16_distinct,8,16,distinct,0.25,bitonic,16,largest,True,1000,1000,0,1.0,1.0,1.0,1.0,1.0,1.0
periodic_deadband,output_deadband,b8_n16_distinct,8,16,distinct,0.25,rank,1,largest,False,1000,1000,0,1.0,1.0,1.0,1.0,1.0,1.0
periodic_deadband,output_deadband,b8_n16_distinct,8,16,distinct,0.25,rank,5,largest,False,1000,1000,0,1.0,1.0,1.0,1.0,1.0,1.0
periodic_deadband,output_deadband,b8_n16_distinct,8,16,distinct,0.25,rank,10,largest,False,1000,1000,0,1.0,1.0,1.0,1.0,1.0,1.0
periodic_deadband,output_deadband,b8_n16_distinct,8,16,distinct,0.25,rank,16,largest,True,1000,1000,0,1.0,1.0,1.0,1.0,1.0,1.0
periodic_deadband,output_deadband,b8_n16_duplicates_allowed,8,16,duplicates_allowed,0.0,bitonic,1,largest,False,1000,1000,0,1.0,1.0,1.0,1.0,1.0,1.0
periodic_deadband,output_deadband,b8_n16_duplicates_allowed,8,16,duplicates_allowed,0.0,bitonic,5,largest,False,1000,1000,0,1.0,1.0,1.0,1.0,1.0,1.0
periodic_deadband,output_deadband,b8_n16_duplicates_allowed,8,16,duplicates_allowed,0.0,bitonic,10,largest,False,1000,1000,0,1.0,1.0,1.0,1.0,1.0,1.0
periodic_deadband,output_deadband,b8_n16_duplicates_allowed,8,16,duplicates_allowed,0.0,bitonic,16,largest,True,1000,1000,0,1.0,1.0,1.0,1.0,1.0,1.0
periodic_deadband,output_deadband,b8_n16_duplicates_allowed,8,16,duplicates_allowed,0.0,rank,1,largest,False,1000,1000,0,1.0,1.0,1.0,1.0,1.0,1.0
periodic_deadband,output_deadband,b8_n16_duplicates_allowed,8,16,duplicates_allowed,0.0,rank,5,largest,False,1000,1000,0,1.0,1.0,1.0,1.0,1.0,1.0
periodic_deadband,output_deadband,b8_n16_duplicates_allowed,8,16,duplicates_allowed,0.0,rank,10,largest,False,1000,1000,0,1.0,1.0,1.0,1.0,1.0,1.0
periodic_deadband,output_deadband,b8_n16_duplicates_allowed,8,16,duplicates_allowed,0.0,rank,16,largest,True,1000,1000,0,1.0,1.0,1.0,1.0,1.0,1.0
periodic_deadband,output_deadband,b8_n16_duplicates_allowed,8,16,duplicates_allowed,0.05,bitonic,1,largest,False,1000,1000,0,1.0,1.0,1.0,1.0,1.0,1.0
periodic_deadband,output_deadband,b8_n16_duplicates_allowed,8,16,duplicates_allowed,0.05,bitonic,5,largest,False,1000,1000,0,1.0,1.0,1.0,1.0,1.0,1.0
periodic_deadband,output_deadband,b8_n16_duplicates_allowed,8,16,duplicates_allowed,0.05,bitonic,10,largest,False,1000,1000,0,1.0,1.0,1.0,1.0,1.0,1.0
periodic_deadband,output_deadband,b8_n16_duplicates_allowed,8,16,duplicates_allowed,0.05,bitonic,16,largest,True,1000,1000,0,1.0,1.0,1.0,1.0,1.0,1.0
periodic_deadband,output_deadband,b8_n16_duplicates_allowed,8,16,duplicates_allowed,0.05,rank,1,largest,False,1000,1000,0,1.0,1.0,1.0,1.0,1.0,1.0
periodic_deadband,output_deadband,b8_n16_duplicates_allowed,8,16,duplicates_allowed,0.05,rank,5,largest,False,1000,1000,0,1.0,1.0,1.0,1.0,1.0,1.0
periodic_deadband,output_deadband,b8_n16_duplicates_allowed,8,16,duplicates_allowed,0.05,rank,10,largest,False,1000,1000,0,1.0,1.0,1.0,1.0,1.0,1.0
periodic_deadband,output_deadband,b8_n16_duplicates_allowed,8,16,duplicates_allowed,0.05,rank,16,largest,True,1000,1000,0,1.0,1.0,1.0,1.0,1.0,1.0
periodic_deadband,output_deadband,b8_n16_duplicates_allowed,8,16,duplicates_allowed,0.1,bitonic,1,largest,False,1000,1000,0,1.0,1.0,1.0,1.0,1.0,1.0
periodic_deadband,output_deadband,b8_n16_duplicates_allowed,8,16,duplicates_allowed,0.1,bitonic,5,largest,False,1000,1000,0,1.0,1.0,1.0,1.0,1.0,1.0
periodic_deadband,output_deadband,b8_n16_duplicates_allowed,8,16,duplicates_allowed,0.1,bitonic,10,largest,False,1000,1000,0,1.0,1.0,1.0,1.0,1.0,1.0
periodic_deadband,output_deadband,b8_n16_duplicates_allowed,8,16,duplicates_allowed,0.1,bitonic,16,largest,True,1000,1000,0,1.0,1.0,1.0,1.0,1.0,1.0
periodic_deadband,output_deadband,b8_n16_duplicates_allowed,8,16,duplicates_allowed,0.1,rank,1,largest,False,1000,1000,0,1.0,1.0,1.0,1.0,1.0,1.0
periodic_deadband,output_deadband,b8_n16_duplicates_allowed,8,16,duplicates_allowed,0.1,rank,5,largest,False,1000,1000,0,1.0,1.0,1.0,1.0,1.0,1.0
periodic_deadband,output_deadband,b8_n16_duplicates_allowed,8,16,duplicates_allowed,0.1,rank,10,largest,False,1000,1000,0,1.0,1.0,1.0,1.0,1.0,1.0
periodic_deadband,output_deadband,b8_n16_duplicates_allowed,8,16,duplicates_allowed,0.1,rank,16,largest,True,1000,1000,0,1.0,1.0,1.0,1.0,1.0,1.0
periodic_deadband,output_deadband,b8_n16_duplicates_allowed,8,16,duplicates_allowed,0.15,bitonic,1,largest,False,1000,1000,0,1.0,1.0,1.0,1.0,1.0,1.0
periodic_deadband,output_deadband,b8_n16_duplicates_allowed,8,16,duplicates_allowed,0.15,bitonic,5,largest,False,1000,1000,0,1.0,1.0,1.0,1.0,1.0,1.0
periodic_deadband,output_deadband,b8_n16_duplicates_allowed,8,16,duplicates_allowed,0.15,bitonic,10,largest,False,1000,1000,0,1.0,1.0,1.0,1.0,1.0,1.0
periodic_deadband,output_deadband,b8_n16_duplicates_allowed,8,16,duplicates_allowed,0.15,bitonic,16,largest,True,1000,1000,0,1.0,1.0,1.0,1.0,1.0,1.0
periodic_deadband,output_deadband,b8_n16_duplicates_allowed,8,16,duplicates_allowed,0.15,rank,1,largest,False,1000,1000,0,1.0,1.0,1.0,1.0,1.0,1.0
periodic_deadband,output_deadband,b8_n16_duplicates_allowed,8,16,duplicates_allowed,0.15,rank,5,largest,False,1000,1000,0,1.0,1.0,1.0,1.0,1.0,1.0
periodic_deadband,output_deadband,b8_n16_duplicates_allowed,8,16,duplicates_allowed,0.15,rank,10,largest,False,1000,1000,0,1.0,1.0,1.0,1.0,1.0,1.0
periodic_deadband,output_deadband,b8_n16_duplicates_allowed,8,16,duplicates_allowed,0.15,rank,16,largest,True,1000,1000,0,1.0,1.0,1.0,1.0,1.0,1.0
periodic_deadband,output_deadband,b8_n16_duplicates_allowed,8,16,duplicates_allowed,0.2,bitonic,1,largest,False,1000,1000,0,1.0,1.0,1.0,1.0,1.0,1.0
periodic_deadband,output_deadband,b8_n16_duplicates_allowed,8,16,duplicates_allowed,0.2,bitonic,5,largest,False,1000,1000,0,1.0,1.0,1.0,1.0,1.0,1.0
periodic_deadband,output_deadband,b8_n16_duplicates_allowed,8,16,duplicates_allowed,0.2,bitonic,10,largest,False,1000,1000,0,1.0,1.0,1.0,1.0,1.0,1.0
periodic_deadband,output_deadband,b8_n16_duplicates_allowed,8,16,duplicates_allowed,0.2,bitonic,16,largest,True,1000,1000,0,1.0,1.0,1.0,1.0,1.0,1.0
periodic_deadband,output_deadband,b8_n16_duplicates_allowed,8,16,duplicates_allowed,0.2,rank,1,largest,False,1000,1000,0,1.0,1.0,1.0,1.0,1.0,1.0
periodic_deadband,output_deadband,b8_n16_duplicates_allowed,8,16,duplicates_allowed,0.2,rank,5,largest,False,1000,1000,0,1.0,1.0,1.0,1.0,1.0,1.0
periodic_deadband,output_deadband,b8_n16_duplicates_allowed,8,16,duplicates_allowed,0.2,rank,10,largest,False,1000,1000,0,1.0,1.0,1.0,1.0,1.0,1.0
periodic_deadband,output_deadband,b8_n16_duplicates_allowed,8,16,duplicates_allowed,0.2,rank,16,largest,True,1000,1000,0,1.0,1.0,1.0,1.0,1.0,1.0
periodic_deadband,output_deadband,b8_n16_duplicates_allowed,8,16,duplicates_allowed,0.25,bitonic,1,largest,False,1000,1000,0,1.0,1.0,1.0,1.0,1.0,1.0
periodic_deadband,output_deadband,b8_n16_duplicates_allowed,8,16,duplicates_allowed,0.25,bitonic,5,largest,False,1000,1000,0,1.0,1.0,1.0,1.0,1.0,1.0
periodic_deadband,output_deadband,b8_n16_duplicates_allowed,8,16,duplicates_allowed,0.25,bitonic,10,largest,False,1000,1000,0,1.0,1.0,1.0,1.0,1.0,1.0
periodic_deadband,output_deadband,b8_n16_duplicates_allowed,8,16,duplicates_allowed,0.25,bitonic,16,largest,True,1000,1000,0,1.0,1.0,1.0,1.0,1.0,1.0
periodic_deadband,output_deadband,b8_n16_duplicates_allowed,8,16,duplicates_allowed,0.25,rank,1,largest,False,1000,1000,0,1.0,1.0,1.0,1.0,1.0,1.0
periodic_deadband,output_deadband,b8_n16_duplicates_allowed,8,16,duplicates_allowed,0.25,rank,5,largest,False,1000,1000,0,1.0,1.0,1.0,1.0,1.0,1.0
periodic_deadband,output_deadband,b8_n16_duplicates_allowed,8,16,duplicates_allowed,0.25,rank,10,largest,False,1000,1000,0,1.0,1.0,1.0,1.0,1.0,1.0
periodic_deadband,output_deadband,b8_n16_duplicates_allowed,8,16,duplicates_allowed,0.25,rank,16,largest,True,1000,1000,0,1.0,1.0,1.0,1.0,1.0,1.0
periodic_deadband,output_deadband,b8_n32_distinct,8,32,distinct,0.0,bitonic,1,largest,False,1000,1000,0,1.0,1.0,1.0,1.0,1.0,1.0
periodic_deadband,output_deadband,b8_n32_distinct,8,32,distinct,0.0,bitonic,5,largest,False,1000,1000,0,1.0,1.0,1.0,1.0,1.0,1.0
periodic_deadband,output_deadband,b8_n32_distinct,8,32,distinct,0.0,bitonic,10,largest,False,1000,1000,0,1.0,1.0,1.0,1.0,1.0,1.0
periodic_deadband,output_deadband,b8_n32_distinct,8,32,distinct,0.0,bitonic,32,largest,True,1000,1000,0,1.0,1.0,1.0,1.0,1.0,1.0
periodic_deadband,output_deadband,b8_n32_distinct,8,32,distinct,0.0,rank,1,largest,False,1000,1000,0,1.0,1.0,1.0,1.0,1.0,1.0
periodic_deadband,output_deadband,b8_n32_distinct,8,32,distinct,0.0,rank,5,largest,False,1000,1000,0,1.0,1.0,1.0,1.0,1.0,1.0
periodic_deadband,output_deadband,b8_n32_distinct,8,32,distinct,0.0,rank,10,largest,False,1000,1000,0,1.0,1.0,1.0,1.0,1.0,1.0
periodic_deadband,output_deadband,b8_n32_distinct,8,32,distinct,0.0,rank,32,largest,True,1000,1000,0,1.0,1.0,1.0,1.0,1.0,1.0
periodic_deadband,output_deadband,b8_n32_distinct,8,32,distinct,0.05,bitonic,1,largest,False,1000,1000,0,1.0,1.0,1.0,1.0,1.0,1.0
periodic_deadband,output_deadband,b8_n32_distinct,8,32,distinct,0.05,bitonic,5,largest,False,1000,1000,0,1.0,1.0,1.0,1.0,1.0,1.0
periodic_deadband,output_deadband,b8_n32_distinct,8,32,distinct,0.05,bitonic,10,largest,False,1000,1000,0,1.0,1.0,1.0,1.0,1.0,1.0
periodic_deadband,output_deadband,b8_n32_distinct,8,32,distinct,0.05,bitonic,32,largest,True,1000,1000,0,1.0,1.0,1.0,1.0,1.0,1.0
periodic_deadband,output_deadband,b8_n32_distinct,8,32,distinct,0.05,rank,1,largest,False,1000,1000,0,1.0,1.0,1.0,1.0,1.0,1.0
periodic_deadband,output_deadband,b8_n32_distinct,8,32,distinct,0.05,rank,5,largest,False,1000,1000,0,1.0,1.0,1.0,1.0,1.0,1.0
periodic_deadband,output_deadband,b8_n32_distinct,8,32,distinct,0.05,rank,10,largest,False,1000,1000,0,1.0,1.0,1.0,1.0,1.0,1.0
periodic_deadband,output_deadband,b8_n32_distinct,8,32,distinct,0.05,rank,32,largest,True,1000,1000,0,1.0,1.0,1.0,1.0,1.0,1.0
periodic_deadband,output_deadband,b8_n32_distinct,8,32,distinct,0.1,bitonic,1,largest,False,1000,1000,0,1.0,1.0,1.0,1.0,1.0,1.0
periodic_deadband,output_deadband,b8_n32_distinct,8,32,distinct,0.1,bitonic,5,largest,False,1000,1000,0,1.0,1.0,1.0,1.0,1.0,1.0
periodic_deadband,output_deadband,b8_n32_distinct,8,32,distinct,0.1,bitonic,10,largest,False,1000,1000,0,1.0,1.0,1.0,1.0,1.0,1.0
periodic_deadband,output_deadband,b8_n32_distinct,8,32,distinct,0.1,bitonic,32,largest,True,1000,1000,0,1.0,1.0,1.0,1.0,1.0,1.0
periodic_deadband,output_deadband,b8_n32_distinct,8,32,distinct,0.1,rank,1,largest,False,1000,1000,0,1.0,1.0,1.0,1.0,1.0,1.0
periodic_deadband,output_deadband,b8_n32_distinct,8,32,distinct,0.1,rank,5,largest,False,1000,1000,0,1.0,1.0,1.0,1.0,1.0,1.0
periodic_deadband,output_deadband,b8_n32_distinct,8,32,distinct,0.1,rank,10,largest,False,1000,1000,0,1.0,1.0,1.0,1.0,1.0,1.0
periodic_deadband,output_deadband,b8_n32_distinct,8,32,distinct,0.1,rank,32,largest,True,1000,1000,0,1.0,1.0,1.0,1.0,1.0,1.0
periodic_deadband,output_deadband,b8_n32_distinct,8,32,distinct,0.15,bitonic,1,largest,False,1000,1000,0,1.0,1.0,1.0,1.0,1.0,1.0
periodic_deadband,output_deadband,b8_n32_distinct,8,32,distinct,0.15,bitonic,5,largest,False,1000,1000,0,1.0,1.0,1.0,1.0,1.0,1.0
periodic_deadband,output_deadband,b8_n32_distinct,8,32,distinct,0.15,bitonic,10,largest,False,1000,1000,0,1.0,1.0,1.0,1.0,1.0,1.0
periodic_deadband,output_deadband,b8_n32_distinct,8,32,distinct,0.15,bitonic,32,largest,True,1000,1000,0,1.0,1.0,1.0,1.0,1.0,1.0
periodic_deadband,output_deadband,b8_n32_distinct,8,32,distinct,0.15,rank,1,largest,False,1000,1000,0,1.0,1.0,1.0,1.0,1.0,1.0
periodic_deadband,output_deadband,b8_n32_distinct,8,32,distinct,0.15,rank,5,largest,False,1000,1000,0,1.0,1.0,1.0,1.0,1.0,1.0
periodic_deadband,output_deadband,b8_n32_distinct,8,32,distinct,0.15,rank,10,largest,False,1000,1000,0,1.0,1.0,1.0,1.0,1.0,1.0
periodic_deadband,output_deadband,b8_n32_distinct,8,32,distinct,0.15,rank,32,largest,True,1000,1000,0,1.0,1.0,1.0,1.0,1.0,1.0
periodic_deadband,output_deadband,b8_n32_distinct,8,32,distinct,0.2,bitonic,1,largest,False,1000,1000,0,1.0,1.0,1.0,1.0,1.0,1.0
periodic_deadband,output_deadband,b8_n32_distinct,8,32,distinct,0.2,bitonic,5,largest,False,1000,1000,0,1.0,1.0,1.0,1.0,1.0,1.0
periodic_deadband,output_deadband,b8_n32_distinct,8,32,distinct,0.2,bitonic,10,largest,False,1000,1000,0,1.0,1.0,1.0,1.0,1.0,1.0
periodic_deadband,output_deadband,b8_n32_distinct,8,32,distinct,0.2,bitonic,32,largest,True,1000,1000,0,1.0,1.0,1.0,1.0,1.0,1.0
periodic_deadband,output_deadband,b8_n32_distinct,8,32,distinct,0.2,rank,1,largest,False,1000,1000,0,1.0,1.0,1.0,1.0,1.0,1.0
periodic_deadband,output_deadband,b8_n32_distinct,8,32,distinct,0.2,rank,5,largest,False,1000,1000,0,1.0,1.0,1.0,1.0,1.0,1.0
periodic_deadband,output_deadband,b8_n32_distinct,8,32,distinct,0.2,rank,10,largest,False,1000,1000,0,1.0,1.0,1.0,1.0,1.0,1.0
periodic_deadband,output_deadband,b8_n32_distinct,8,32,distinct,0.2,rank,32,largest,True,1000,1000,0,1.0,1.0,1.0,1.0,1.0,1.0
periodic_deadband,output_deadband,b8_n32_distinct,8,32,distinct,0.25,bitonic,1,largest,False,1000,1000,0,1.0,1.0,1.0,1.0,1.0,1.0
periodic_deadband,output_deadband,b8_n32_distinct,8,32,distinct,0.25,bitonic,5,largest,False,1000,1000,0,1.0,1.0,1.0,1.0,1.0,1.0
periodic_deadband,output_deadband,b8_n32_distinct,8,32,distinct,0.25,bitonic,10,largest,False,1000,1000,0,1.0,1.0,1.0,1.0,1.0,1.0
periodic_deadband,output_deadband,b8_n32_distinct,8,32,distinct,0.25,bitonic,32,largest,True,1000,1000,0,1.0,1.0,1.0,1.0,1.0,1.0
periodic_deadband,output_deadband,b8_n32_distinct,8,32,distinct,0.25,rank,1,largest,False,1000,1000,0,1.0,1.0,1.0,1.0,1.0,1.0
periodic_deadband,output_deadband,b8_n32_distinct,8,32,distinct,0.25,rank,5,largest,False,1000,1000,0,1.0,1.0,1.0,1.0,1.0,1.0
periodic_deadband,output_deadband,b8_n32_distinct,8,32,distinct,0.25,rank,10,largest,False,1000,1000,0,1.0,1.0,1.0,1.0,1.0,1.0
periodic_deadband,output_deadband,b8_n32_distinct,8,32,distinct,0.25,rank,32,largest,True,1000,1000,0,1.0,1.0,1.0,1.0,1.0,1.0
periodic_deadband,output_deadband,b8_n32_duplicates_allowed,8,32,duplicates_allowed,0.0,bitonic,1,largest,False,1000,1000,0,1.0,1.0,1.0,1.0,1.0,1.0
periodic_deadband,output_deadband,b8_n32_duplicates_allowed,8,32,duplicates_allowed,0.0,bitonic,5,largest,False,1000,1000,0,1.0,1.0,1.0,1.0,1.0,1.0
periodic_deadband,output_deadband,b8_n32_duplicates_allowed,8,32,duplicates_allowed,0.0,bitonic,10,largest,False,1000,1000,0,1.0,1.0,1.0,1.0,1.0,1.0
periodic_deadband,output_deadband,b8_n32_duplicates_allowed,8,32,duplicates_allowed,0.0,bitonic,32,largest,True,1000,1000,0,1.0,1.0,1.0,1.0,1.0,1.0
periodic_deadband,output_deadband,b8_n32_duplicates_allowed,8,32,duplicates_allowed,0.0,rank,1,largest,False,1000,1000,0,1.0,1.0,1.0,1.0,1.0,1.0
periodic_deadband,output_deadband,b8_n32_duplicates_allowed,8,32,duplicates_allowed,0.0,rank,5,largest,False,1000,1000,0,1.0,1.0,1.0,1.0,1.0,1.0
periodic_deadband,output_deadband,b8_n32_duplicates_allowed,8,32,duplicates_allowed,0.0,rank,10,largest,False,1000,1000,0,1.0,1.0,1.0,1.0,1.0,1.0
periodic_deadband,output_deadband,b8_n32_duplicates_allowed,8,32,duplicates_allowed,0.0,rank,32,largest,True,1000,1000,0,1.0,1.0,1.0,1.0,1.0,1.0
periodic_deadband,output_deadband,b8_n32_duplicates_allowed,8,32,duplicates_allowed,0.05,bitonic,1,largest,False,1000,1000,0,1.0,1.0,1.0,1.0,1.0,1.0
periodic_deadband,output_deadband,b8_n32_duplicates_allowed,8,32,duplicates_allowed,0.05,bitonic,5,largest,False,1000,1000,0,1.0,1.0,1.0,1.0,1.0,1.0
periodic_deadband,output_deadband,b8_n32_duplicates_allowed,8,32,duplicates_allowed,0.05,bitonic,10,largest,False,1000,1000,0,1.0,1.0,1.0,1.0,1.0,1.0
periodic_deadband,output_deadband,b8_n32_duplicates_allowed,8,32,duplicates_allowed,0.05,bitonic,32,largest,True,1000,1000,0,1.0,1.0,1.0,1.0,1.0,1.0
periodic_deadband,output_deadband,b8_n32_duplicates_allowed,8,32,duplicates_allowed,0.05,rank,1,largest,False,1000,1000,0,1.0,1.0,1.0,1.0,1.0,1.0
periodic_deadband,output_deadband,b8_n32_duplicates_allowed,8,32,duplicates_allowed,0.05,rank,5,largest,False,1000,1000,0,1.0,1.0,1.0,1.0,1.0,1.0
periodic_deadband,output_deadband,b8_n32_duplicates_allowed,8,32,duplicates_allowed,0.05,rank,10,largest,False,1000,1000,0,1.0,1.0,1.0,1.0,1.0,1.0
periodic_deadband,output_deadband,b8_n32_duplicates_allowed,8,32,duplicates_allowed,0.05,rank,32,largest,True,1000,1000,0,1.0,1.0,1.0,1.0,1.0,1.0
periodic_deadband,output_deadband,b8_n32_duplicates_allowed,8,32,duplicates_allowed,0.1,bitonic,1,largest,False,1000,1000,0,1.0,1.0,1.0,1.0,1.0,1.0
periodic_deadband,output_deadband,b8_n32_duplicates_allowed,8,32,duplicates_allowed,0.1,bitonic,5,largest,False,1000,1000,0,1.0,1.0,1.0,1.0,1.0,1.0
periodic_deadband,output_deadband,b8_n32_duplicates_allowed,8,32,duplicates_allowed,0.1,bitonic,10,largest,False,1000,1000,0,1.0,1.0,1.0,1.0,1.0,1.0
periodic_deadband,output_deadband,b8_n32_duplicates_allowed,8,32,duplicates_allowed,0.1,bitonic,32,largest,True,1000,1000,0,1.0,1.0,1.0,1.0,1.0,1.0
periodic_deadband,output_deadband,b8_n32_duplicates_allowed,8,32,duplicates_allowed,0.1,rank,1,largest,False,1000,1000,0,1.0,1.0,1.0,1.0,1.0,1.0
periodic_deadband,output_deadband,b8_n32_duplicates_allowed,8,32,duplicates_allowed,0.1,rank,5,largest,False,1000,1000,0,1.0,1.0,1.0,1.0,1.0,1.0
periodic_deadband,output_deadband,b8_n32_duplicates_allowed,8,32,duplicates_allowed,0.1,rank,10,largest,False,1000,1000,0,1.0,1.0,1.0,1.0,1.0,1.0
periodic_deadband,output_deadband,b8_n32_duplicates_allowed,8,32,duplicates_allowed,0.1,rank,32,largest,True,1000,1000,0,1.0,1.0,1.0,1.0,1.0,1.0
periodic_deadband,output_deadband,b8_n32_duplicates_allowed,8,32,duplicates_allowed,0.15,bitonic,1,largest,False,1000,1000,0,1.0,1.0,1.0,1.0,1.0,1.0
periodic_deadband,output_deadband,b8_n32_duplicates_allowed,8,32,duplicates_allowed,0.15,bitonic,5,largest,False,1000,1000,0,1.0,1.0,1.0,1.0,1.0,1.0
periodic_deadband,output_deadband,b8_n32_duplicates_allowed,8,32,duplicates_allowed,0.15,bitonic,10,largest,False,1000,1000,0,1.0,1.0,1.0,1.0,1.0,1.0
periodic_deadband,output_deadband,b8_n32_duplicates_allowed,8,32,duplicates_allowed,0.15,bitonic,32,largest,True,1000,1000,0,1.0,1.0,1.0,1.0,1.0,1.0
periodic_deadband,output_deadband,b8_n32_duplicates_allowed,8,32,duplicates_allowed,0.15,rank,1,largest,False,1000,1000,0,1.0,1.0,1.0,1.0,1.0,1.0
periodic_deadband,output_deadband,b8_n32_duplicates_allowed,8,32,duplicates_allowed,0.15,rank,5,largest,False,1000,1000,0,1.0,1.0,1.0,1.0,1.0,1.0
periodic_deadband,output_deadband,b8_n32_duplicates_allowed,8,32,duplicates_allowed,0.15,rank,10,largest,False,1000,1000,0,1.0,1.0,1.0,1.0,1.0,1.0
periodic_deadband,output_deadband,b8_n32_duplicates_allowed,8,32,duplicates_allowed,0.15,rank,32,largest,True,1000,1000,0,1.0,1.0,1.0,1.0,1.0,1.0
periodic_deadband,output_deadband,b8_n32_duplicates_allowed,8,32,duplicates_allowed,0.2,bitonic,1,largest,False,1000,1000,0,1.0,1.0,1.0,1.0,1.0,1.0
periodic_deadband,output_deadband,b8_n32_duplicates_allowed,8,32,duplicates_allowed,0.2,bitonic,5,largest,False,1000,1000,0,1.0,1.0,1.0,1.0,1.0,1.0
periodic_deadband,output_deadband,b8_n32_duplicates_allowed,8,32,duplicates_allowed,0.2,bitonic,10,largest,False,1000,1000,0,1.0,1.0,1.0,1.0,1.0,1.0
periodic_deadband,output_deadband,b8_n32_duplicates_allowed,8,32,duplicates_allowed,0.2,bitonic,32,largest,True,1000,1000,0,1.0,1.0,1.0,1.0,1.0,1.0
periodic_deadband,output_deadband,b8_n32_duplicates_allowed,8,32,duplicates_allowed,0.2,rank,1,largest,False,1000,1000,0,1.0,1.0,1.0,1.0,1.0,1.0
periodic_deadband,output_deadband,b8_n32_duplicates_allowed,8,32,duplicates_allowed,0.2,rank,5,largest,False,1000,1000,0,1.0,1.0,1.0,1.0,1.0,1.0
periodic_deadband,output_deadband,b8_n32_duplicates_allowed,8,32,duplicates_allowed,0.2,rank,10,largest,False,1000,1000,0,1.0,1.0,1.0,1.0,1.0,1.0
periodic_deadband,output_deadband,b8_n32_duplicates_allowed,8,32,duplicates_allowed,0.2,rank,32,largest,True,1000,1000,0,1.0,1.0,1.0,1.0,1.0,1.0
periodic_deadband,output_deadband,b8_n32_duplicates_allowed,8,32,duplicates_allowed,0.25,bitonic,1,largest,False,1000,1000,0,1.0,1.0,1.0,1.0,1.0,1.0
periodic_deadband,output_deadband,b8_n32_duplicates_allowed,8,32,duplicates_allowed,0.25,bitonic,5,largest,False,1000,1000,0,1.0,1.0,1.0,1.0,1.0,1.0
periodic_deadband,output_deadband,b8_n32_duplicates_allowed,8,32,duplicates_allowed,0.25,bitonic,10,largest,False,1000,1000,0,1.0,1.0,1.0,1.0,1.0,1.0
periodic_deadband,output_deadband,b8_n32_duplicates_allowed,8,32,duplicates_allowed,0.25,bitonic,32,largest,True,1000,1000,0,1.0,1.0,1.0,1.0,1.0,1.0
periodic_deadband,output_deadband,b8_n32_duplicates_allowed,8,32,duplicates_allowed,0.25,rank,1,largest,False,1000,1000,0,1.0,1.0,1.0,1.0,1.0,1.0
periodic_deadband,output_deadband,b8_n32_duplicates_allowed,8,32,duplicates_allowed,0.25,rank,5,largest,False,1000,1000,0,1.0,1.0,1.0,1.0,1.0,1.0
periodic_deadband,output_deadband,b8_n32_duplicates_allowed,8,32,duplicates_allowed,0.25,rank,10,largest,False,1000,1000,0,1.0,1.0,1.0,1.0,1.0,1.0
periodic_deadband,output_deadband,b8_n32_duplicates_allowed,8,32,duplicates_allowed,0.25,rank,32,largest,True,1000,1000,0,1.0,1.0,1.0,1.0,1.0,1.0
periodic_deadband,output_deadband,b8_n64_distinct,8,64,distinct,0.0,bitonic,1,largest,False,1000,1000,0,1.0,1.0,1.0,1.0,1.0,1.0
periodic_deadband,output_deadband,b8_n64_distinct,8,64,distinct,0.0,bitonic,5,largest,False,1000,1000,0,1.0,1.0,1.0,1.0,1.0,1.0
periodic_deadband,output_deadband,b8_n64_distinct,8,64,distinct,0.0,bitonic,10,largest,False,1000,1000,0,1.0,1.0,1.0,1.0,1.0,1.0
periodic_deadband,output_deadband,b8_n64_distinct,8,64,distinct,0.0,bitonic,32,largest,False,1000,1000,0,1.0,1.0,1.0,1.0,1.0,1.0
periodic_deadband,output_deadband,b8_n64_distinct,8,64,distinct,0.0,bitonic,64,largest,True,1000,1000,0,1.0,1.0,1.0,1.0,1.0,1.0
periodic_deadband,output_deadband,b8_n64_distinct,8,64,distinct,0.0,rank,1,largest,False,1000,1000,0,1.0,1.0,1.0,1.0,1.0,1.0
periodic_deadband,output_deadband,b8_n64_distinct,8,64,distinct,0.0,rank,5,largest,False,1000,1000,0,1.0,1.0,1.0,1.0,1.0,1.0
periodic_deadband,output_deadband,b8_n64_distinct,8,64,distinct,0.0,rank,10,largest,False,1000,1000,0,1.0,1.0,1.0,1.0,1.0,1.0
periodic_deadband,output_deadband,b8_n64_distinct,8,64,distinct,0.0,rank,32,largest,False,1000,1000,0,1.0,1.0,1.0,1.0,1.0,1.0
periodic_deadband,output_deadband,b8_n64_distinct,8,64,distinct,0.0,rank,64,largest,True,1000,1000,0,1.0,1.0,1.0,1.0,1.0,1.0
periodic_deadband,output_deadband,b8_n64_distinct,8,64,distinct,0.05,bitonic,1,largest,False,1000,1000,0,1.0,1.0,1.0,1.0,1.0,1.0
periodic_deadband,output_deadband,b8_n64_distinct,8,64,distinct,0.05,bitonic,5,largest,False,1000,1000,0,1.0,1.0,1.0,1.0,1.0,1.0
periodic_deadband,output_deadband,b8_n64_distinct,8,64,distinct,0.05,bitonic,10,largest,False,1000,1000,0,1.0,1.0,1.0,1.0,1.0,1.0
periodic_deadband,output_deadband,b8_n64_distinct,8,64,distinct,0.05,bitonic,32,largest,False,1000,1000,0,1.0,1.0,1.0,1.0,1.0,1.0
periodic_deadband,output_deadband,b8_n64_distinct,8,64,distinct,0.05,bitonic,64,largest,True,1000,1000,0,1.0,1.0,1.0,1.0,1.0,1.0
periodic_deadband,output_deadband,b8_n64_distinct,8,64,distinct,0.05,rank,1,largest,False,1000,1000,0,1.0,1.0,1.0,1.0,1.0,1.0
periodic_deadband,output_deadband,b8_n64_distinct,8,64,distinct,0.05,rank,5,largest,False,1000,1000,0,1.0,1.0,1.0,1.0,1.0,1.0
periodic_deadband,output_deadband,b8_n64_distinct,8,64,distinct,0.05,rank,10,largest,False,1000,1000,0,1.0,1.0,1.0,1.0,1.0,1.0
periodic_deadband,output_deadband,b8_n64_distinct,8,64,distinct,0.05,rank,32,largest,False,1000,1000,0,1.0,1.0,1.0,1.0,1.0,1.0
periodic_deadband,output_deadband,b8_n64_distinct,8,64,distinct,0.05,rank,64,largest,True,1000,1000,0,1.0,1.0,1.0,1.0,1.0,1.0
periodic_deadband,output_deadband,b8_n64_distinct,8,64,distinct,0.1,bitonic,1,largest,False,1000,1000,0,1.0,1.0,1.0,1.0,1.0,1.0
periodic_deadband,output_deadband,b8_n64_distinct,8,64,distinct,0.1,bitonic,5,largest,False,1000,1000,0,1.0,1.0,1.0,1.0,1.0,1.0
periodic_deadband,output_deadband,b8_n64_distinct,8,64,distinct,0.1,bitonic,10,largest,False,1000,1000,0,1.0,1.0,1.0,1.0,1.0,1.0
periodic_deadband,output_deadband,b8_n64_distinct,8,64,distinct,0.1,bitonic,32,largest,False,1000,1000,0,1.0,1.0,1.0,1.0,1.0,1.0
periodic_deadband,output_deadband,b8_n64_distinct,8,64,distinct,0.1,bitonic,64,largest,True,1000,1000,0,1.0,1.0,1.0,1.0,1.0,1.0
periodic_deadband,output_deadband,b8_n64_distinct,8,64,distinct,0.1,rank,1,largest,False,1000,1000,0,1.0,1.0,1.0,1.0,1.0,1.0
periodic_deadband,output_deadband,b8_n64_distinct,8,64,distinct,0.1,rank,5,largest,False,1000,1000,0,1.0,1.0,1.0,1.0,1.0,1.0
periodic_deadband,output_deadband,b8_n64_distinct,8,64,distinct,0.1,rank,10,largest,False,1000,1000,0,1.0,1.0,1.0,1.0,1.0,1.0
periodic_deadband,output_deadband,b8_n64_distinct,8,64,distinct,0.1,rank,32,largest,False,1000,1000,0,1.0,1.0,1.0,1.0,1.0,1.0
periodic_deadband,output_deadband,b8_n64_distinct,8,64,distinct,0.1,rank,64,largest,True,1000,1000,0,1.0,1.0,1.0,1.0,1.0,1.0
periodic_deadband,output_deadband,b8_n64_distinct,8,64,distinct,0.15,bitonic,1,largest,False,1000,1000,0,1.0,1.0,1.0,1.0,1.0,1.0
periodic_deadband,output_deadband,b8_n64_distinct,8,64,distinct,0.15,bitonic,5,largest,False,1000,1000,0,1.0,1.0,1.0,1.0,1.0,1.0
periodic_deadband,output_deadband,b8_n64_distinct,8,64,distinct,0.15,bitonic,10,largest,False,1000,1000,0,1.0,1.0,1.0,1.0,1.0,1.0
periodic_deadband,output_deadband,b8_n64_distinct,8,64,distinct,0.15,bitonic,32,largest,False,1000,1000,0,1.0,1.0,1.0,1.0,1.0,1.0
periodic_deadband,output_deadband,b8_n64_distinct,8,64,distinct,0.15,bitonic,64,largest,True,1000,1000,0,1.0,1.0,1.0,1.0,1.0,1.0
periodic_deadband,output_deadband,b8_n64_distinct,8,64,distinct,0.15,rank,1,largest,False,1000,1000,0,1.0,1.0,1.0,1.0,1.0,1.0
periodic_deadband,output_deadband,b8_n64_distinct,8,64,distinct,0.15,rank,5,largest,False,1000,1000,0,1.0,1.0,1.0,1.0,1.0,1.0
periodic_deadband,output_deadband,b8_n64_distinct,8,64,distinct,0.15,rank,10,largest,False,1000,1000,0,1.0,1.0,1.0,1.0,1.0,1.0
periodic_deadband,output_deadband,b8_n64_distinct,8,64,distinct,0.15,rank,32,largest,False,1000,1000,0,1.0,1.0,1.0,1.0,1.0,1.0
periodic_deadband,output_deadband,b8_n64_distinct,8,64,distinct,0.15,rank,64,largest,True,1000,1000,0,1.0,1.0,1.0,1.0,1.0,1.0
periodic_deadband,output_deadband,b8_n64_distinct,8,64,distinct,0.2,bitonic,1,largest,False,1000,1000,0,1.0,1.0,1.0,1.0,1.0,1.0
periodic_deadband,output_deadband,b8_n64_distinct,8,64,distinct,0.2,bitonic,5,largest,False,1000,1000,0,1.0,1.0,1.0,1.0,1.0,1.0
periodic_deadband,output_deadband,b8_n64_distinct,8,64,distinct,0.2,bitonic,10,largest,False,1000,1000,0,1.0,1.0,1.0,1.0,1.0,1.0
periodic_deadband,output_deadband,b8_n64_distinct,8,64,distinct,0.2,bitonic,32,largest,False,1000,1000,0,1.0,1.0,1.0,1.0,1.0,1.0
periodic_deadband,output_deadband,b8_n64_distinct,8,64,distinct,0.2,bitonic,64,largest,True,1000,1000,0,1.0,1.0,1.0,1.0,1.0,1.0
periodic_deadband,output_deadband,b8_n64_distinct,8,64,distinct,0.2,rank,1,largest,False,1000,1000,0,1.0,1.0,1.0,1.0,1.0,1.0
periodic_deadband,output_deadband,b8_n64_distinct,8,64,distinct,0.2,rank,5,largest,False,1000,1000,0,1.0,1.0,1.0,1.0,1.0,1.0
periodic_deadband,output_deadband,b8_n64_distinct,8,64,distinct,0.2,rank,10,largest,False,1000,1000,0,1.0,1.0,1.0,1.0,1.0,1.0
periodic_deadband,output_deadband,b8_n64_distinct,8,64,distinct,0.2,rank,32,largest,False,1000,1000,0,1.0,1.0,1.0,1.0,1.0,1.0
periodic_deadband,output_deadband,b8_n64_distinct,8,64,distinct,0.2,rank,64,largest,True,1000,1000,0,1.0,1.0,1.0,1.0,1.0,1.0
periodic_deadband,output_deadband,b8_n64_distinct,8,64,distinct,0.25,bitonic,1,largest,False,1000,1000,0,1.0,1.0,1.0,1.0,1.0,1.0
periodic_deadband,output_deadband,b8_n64_distinct,8,64,distinct,0.25,bitonic,5,largest,False,1000,1000,0,1.0,1.0,1.0,1.0,1.0,1.0
periodic_deadband,output_deadband,b8_n64_distinct,8,64,distinct,0.25,bitonic,10,largest,False,1000,1000,0,1.0,1.0,1.0,1.0,1.0,1.0
periodic_deadband,output_deadband,b8_n64_distinct,8,64,distinct,0.25,bitonic,32,largest,False,1000,1000,0,1.0,1.0,1.0,1.0,1.0,1.0
periodic_deadband,output_deadband,b8_n64_distinct,8,64,distinct,0.25,bitonic,64,largest,True,1000,1000,0,1.0,1.0,1.0,1.0,1.0,1.0
periodic_deadband,output_deadband,b8_n64_distinct,8,64,distinct,0.25,rank,1,largest,False,1000,1000,0,1.0,1.0,1.0,1.0,1.0,1.0
periodic_deadband,output_deadband,b8_n64_distinct,8,64,distinct,0.25,rank,5,largest,False,1000,1000,0,1.0,1.0,1.0,1.0,1.0,1.0
periodic_deadband,output_deadband,b8_n64_distinct,8,64,distinct,0.25,rank,10,largest,False,1000,1000,0,1.0,1.0,1.0,1.0,1.0,1.0
periodic_deadband,output_deadband,b8_n64_distinct,8,64,distinct,0.25,rank,32,largest,False,1000,1000,0,1.0,1.0,1.0,1.0,1.0,1.0
periodic_deadband,output_deadband,b8_n64_distinct,8,64,distinct,0.25,rank,64,largest,True,1000,1000,0,1.0,1.0,1.0,1.0,1.0,1.0
periodic_deadband,output_deadband,b8_n64_duplicates_allowed,8,64,duplicates_allowed,0.0,bitonic,1,largest,False,1000,1000,0,1.0,1.0,1.0,1.0,1.0,1.0
periodic_deadband,output_deadband,b8_n64_duplicates_allowed,8,64,duplicates_allowed,0.0,bitonic,5,largest,False,1000,1000,0,1.0,1.0,1.0,1.0,1.0,1.0
periodic_deadband,output_deadband,b8_n64_duplicates_allowed,8,64,duplicates_allowed,0.0,bitonic,10,largest,False,1000,1000,0,1.0,1.0,1.0,1.0,1.0,1.0
periodic_deadband,output_deadband,b8_n64_duplicates_allowed,8,64,duplicates_allowed,0.0,bitonic,32,largest,False,1000,1000,0,1.0,1.0,1.0,1.0,1.0,1.0
periodic_deadband,output_deadband,b8_n64_duplicates_allowed,8,64,duplicates_allowed,0.0,bitonic,64,largest,True,1000,1000,0,1.0,1.0,1.0,1.0,1.0,1.0
periodic_deadband,output_deadband,b8_n64_duplicates_allowed,8,64,duplicates_allowed,0.0,rank,1,largest,False,1000,1000,0,1.0,1.0,1.0,1.0,1.0,1.0
periodic_deadband,output_deadband,b8_n64_duplicates_allowed,8,64,duplicates_allowed,0.0,rank,5,largest,False,1000,1000,0,1.0,1.0,1.0,1.0,1.0,1.0
periodic_deadband,output_deadband,b8_n64_duplicates_allowed,8,64,duplicates_allowed,0.0,rank,10,largest,False,1000,1000,0,1.0,1.0,1.0,1.0,1.0,1.0
periodic_deadband,output_deadband,b8_n64_duplicates_allowed,8,64,duplicates_allowed,0.0,rank,32,largest,False,1000,1000,0,1.0,1.0,1.0,1.0,1.0,1.0
periodic_deadband,output_deadband,b8_n64_duplicates_allowed,8,64,duplicates_allowed,0.0,rank,64,largest,True,1000,1000,0,1.0,1.0,1.0,1.0,1.0,1.0
periodic_deadband,output_deadband,b8_n64_duplicates_allowed,8,64,duplicates_allowed,0.05,bitonic,1,largest,False,1000,1000,0,1.0,1.0,1.0,1.0,1.0,1.0
periodic_deadband,output_deadband,b8_n64_duplicates_allowed,8,64,duplicates_allowed,0.05,bitonic,5,largest,False,1000,1000,0,1.0,1.0,1.0,1.0,1.0,1.0
periodic_deadband,output_deadband,b8_n64_duplicates_allowed,8,64,duplicates_allowed,0.05,bitonic,10,largest,False,1000,1000,0,1.0,1.0,1.0,1.0,1.0,1.0
periodic_deadband,output_deadband,b8_n64_duplicates_allowed,8,64,duplicates_allowed,0.05,bitonic,32,largest,False,1000,1000,0,1.0,1.0,1.0,1.0,1.0,1.0
periodic_deadband,output_deadband,b8_n64_duplicates_allowed,8,64,duplicates_allowed,0.05,bitonic,64,largest,True,1000,1000,0,1.0,1.0,1.0,1.0,1.0,1.0
periodic_deadband,output_deadband,b8_n64_duplicates_allowed,8,64,duplicates_allowed,0.05,rank,1,largest,False,1000,1000,0,1.0,1.0,1.0,1.0,1.0,1.0
periodic_deadband,output_deadband,b8_n64_duplicates_allowed,8,64,duplicates_allowed,0.05,rank,5,largest,False,1000,1000,0,1.0,1.0,1.0,1.0,1.0,1.0
periodic_deadband,output_deadband,b8_n64_duplicates_allowed,8,64,duplicates_allowed,0.05,rank,10,largest,False,1000,1000,0,1.0,1.0,1.0,1.0,1.0,1.0
periodic_deadband,output_deadband,b8_n64_duplicates_allowed,8,64,duplicates_allowed,0.05,rank,32,largest,False,1000,1000,0,1.0,1.0,1.0,1.0,1.0,1.0
periodic_deadband,output_deadband,b8_n64_duplicates_allowed,8,64,duplicates_allowed,0.05,rank,64,largest,True,1000,1000,0,1.0,1.0,1.0,1.0,1.0,1.0
periodic_deadband,output_deadband,b8_n64_duplicates_allowed,8,64,duplicates_allowed,0.1,bitonic,1,largest,False,1000,1000,0,1.0,1.0,1.0,1.0,1.0,1.0
periodic_deadband,output_deadband,b8_n64_duplicates_allowed,8,64,duplicates_allowed,0.1,bitonic,5,largest,False,1000,1000,0,1.0,1.0,1.0,1.0,1.0,1.0
periodic_deadband,output_deadband,b8_n64_duplicates_allowed,8,64,duplicates_allowed,0.1,bitonic,10,largest,False,1000,1000,0,1.0,1.0,1.0,1.0,1.0,1.0
periodic_deadband,output_deadband,b8_n64_duplicates_allowed,8,64,duplicates_allowed,0.1,bitonic,32,largest,False,1000,1000,0,1.0,1.0,1.0,1.0,1.0,1.0
periodic_deadband,output_deadband,b8_n64_duplicates_allowed,8,64,duplicates_allowed,0.1,bitonic,64,largest,True,1000,1000,0,1.0,1.0,1.0,1.0,1.0,1.0
periodic_deadband,output_deadband,b8_n64_duplicates_allowed,8,64,duplicates_allowed,0.1,rank,1,largest,False,1000,1000,0,1.0,1.0,1.0,1.0,1.0,1.0
periodic_deadband,output_deadband,b8_n64_duplicates_allowed,8,64,duplicates_allowed,0.1,rank,5,largest,False,1000,1000,0,1.0,1.0,1.0,1.0,1.0,1.0
periodic_deadband,output_deadband,b8_n64_duplicates_allowed,8,64,duplicates_allowed,0.1,rank,10,largest,False,1000,1000,0,1.0,1.0,1.0,1.0,1.0,1.0
periodic_deadband,output_deadband,b8_n64_duplicates_allowed,8,64,duplicates_allowed,0.1,rank,32,largest,False,1000,1000,0,1.0,1.0,1.0,1.0,1.0,1.0
periodic_deadband,output_deadband,b8_n64_duplicates_allowed,8,64,duplicates_allowed,0.1,rank,64,largest,True,1000,1000,0,1.0,1.0,1.0,1.0,1.0,1.0
periodic_deadband,output_deadband,b8_n64_duplicates_allowed,8,64,duplicates_allowed,0.15,bitonic,1,largest,False,1000,1000,0,1.0,1.0,1.0,1.0,1.0,1.0
periodic_deadband,output_deadband,b8_n64_duplicates_allowed,8,64,duplicates_allowed,0.15,bitonic,5,largest,False,1000,1000,0,1.0,1.0,1.0,1.0,1.0,1.0
periodic_deadband,output_deadband,b8_n64_duplicates_allowed,8,64,duplicates_allowed,0.15,bitonic,10,largest,False,1000,1000,0,1.0,1.0,1.0,1.0,1.0,1.0
periodic_deadband,output_deadband,b8_n64_duplicates_allowed,8,64,duplicates_allowed,0.15,bitonic,32,largest,False,1000,1000,0,1.0,1.0,1.0,1.0,1.0,1.0
periodic_deadband,output_deadband,b8_n64_duplicates_allowed,8,64,duplicates_allowed,0.15,bitonic,64,largest,True,1000,1000,0,1.0,1.0,1.0,1.0,1.0,1.0
periodic_deadband,output_deadband,b8_n64_duplicates_allowed,8,64,duplicates_allowed,0.15,rank,1,largest,False,1000,1000,0,1.0,1.0,1.0,1.0,1.0,1.0
periodic_deadband,output_deadband,b8_n64_duplicates_allowed,8,64,duplicates_allowed,0.15,rank,5,largest,False,1000,1000,0,1.0,1.0,1.0,1.0,1.0,1.0
periodic_deadband,output_deadband,b8_n64_duplicates_allowed,8,64,duplicates_allowed,0.15,rank,10,largest,False,1000,1000,0,1.0,1.0,1.0,1.0,1.0,1.0
periodic_deadband,output_deadband,b8_n64_duplicates_allowed,8,64,duplicates_allowed,0.15,rank,32,largest,False,1000,1000,0,1.0,1.0,1.0,1.0,1.0,1.0
periodic_deadband,output_deadband,b8_n64_duplicates_allowed,8,64,duplicates_allowed,0.15,rank,64,largest,True,1000,1000,0,1.0,1.0,1.0,1.0,1.0,1.0
periodic_deadband,output_deadband,b8_n64_duplicates_allowed,8,64,duplicates_allowed,0.2,bitonic,1,largest,False,1000,1000,0,1.0,1.0,1.0,1.0,1.0,1.0
periodic_deadband,output_deadband,b8_n64_duplicates_allowed,8,64,duplicates_allowed,0.2,bitonic,5,largest,False,1000,1000,0,1.0,1.0,1.0,1.0,1.0,1.0
periodic_deadband,output_deadband,b8_n64_duplicates_allowed,8,64,duplicates_allowed,0.2,bitonic,10,largest,False,1000,1000,0,1.0,1.0,1.0,1.0,1.0,1.0
periodic_deadband,output_deadband,b8_n64_duplicates_allowed,8,64,duplicates_allowed,0.2,bitonic,32,largest,False,1000,1000,0,1.0,1.0,1.0,1.0,1.0,1.0
periodic_deadband,output_deadband,b8_n64_duplicates_allowed,8,64,duplicates_allowed,0.2,bitonic,64,largest,True,1000,1000,0,1.0,1.0,1.0,1.0,1.0,1.0
periodic_deadband,output_deadband,b8_n64_duplicates_allowed,8,64,duplicates_allowed,0.2,rank,1,largest,False,1000,1000,0,1.0,1.0,1.0,1.0,1.0,1.0
periodic_deadband,output_deadband,b8_n64_duplicates_allowed,8,64,duplicates_allowed,0.2,rank,5,largest,False,1000,1000,0,1.0,1.0,1.0,1.0,1.0,1.0
periodic_deadband,output_deadband,b8_n64_duplicates_allowed,8,64,duplicates_allowed,0.2,rank,10,largest,False,1000,1000,0,1.0,1.0,1.0,1.0,1.0,1.0
periodic_deadband,output_deadband,b8_n64_duplicates_allowed,8,64,duplicates_allowed,0.2,rank,32,largest,False,1000,1000,0,1.0,1.0,1.0,1.0,1.0,1.0
periodic_deadband,output_deadband,b8_n64_duplicates_allowed,8,64,duplicates_allowed,0.2,rank,64,largest,True,1000,1000,0,1.0,1.0,1.0,1.0,1.0,1.0
periodic_deadband,output_deadband,b8_n64_duplicates_allowed,8,64,duplicates_allowed,0.25,bitonic,1,largest,False,1000,1000,0,1.0,1.0,1.0,1.0,1.0,1.0
periodic_deadband,output_deadband,b8_n64_duplicates_allowed,8,64,duplicates_allowed,0.25,bitonic,5,largest,False,1000,1000,0,1.0,1.0,1.0,1.0,1.0,1.0
periodic_deadband,output_deadband,b8_n64_duplicates_allowed,8,64,duplicates_allowed,0.25,bitonic,10,largest,False,1000,1000,0,1.0,1.0,1.0,1.0,1.0,1.0
periodic_deadband,output_deadband,b8_n64_duplicates_allowed,8,64,duplicates_allowed,0.25,bitonic,32,largest,False,1000,1000,0,1.0,1.0,1.0,1.0,1.0,1.0
periodic_deadband,output_deadband,b8_n64_duplicates_allowed,8,64,duplicates_allowed,0.25,bitonic,64,largest,True,1000,1000,0,1.0,1.0,1.0,1.0,1.0,1.0
periodic_deadband,output_deadband,b8_n64_duplicates_allowed,8,64,duplicates_allowed,0.25,rank,1,largest,False,1000,1000,0,1.0,1.0,1.0,1.0,1.0,1.0
periodic_deadband,output_deadband,b8_n64_duplicates_allowed,8,64,duplicates_allowed,0.25,rank,5,largest,False,1000,1000,0,1.0,1.0,1.0,1.0,1.0,1.0
periodic_deadband,output_deadband,b8_n64_duplicates_allowed,8,64,duplicates_allowed,0.25,rank,10,largest,False,1000,1000,0,1.0,1.0,1.0,1.0,1.0,1.0
periodic_deadband,output_deadband,b8_n64_duplicates_allowed,8,64,duplicates_allowed,0.25,rank,32,largest,False,1000,1000,0,1.0,1.0,1.0,1.0,1.0,1.0
periodic_deadband,output_deadband,b8_n64_duplicates_allowed,8,64,duplicates_allowed,0.25,rank,64,largest,True,1000,1000,0,1.0,1.0,1.0,1.0,1.0,1.0
periodic_deadband,output_deadband,b8_n128_distinct,8,128,distinct,0.0,bitonic,1,largest,False,1000,1000,0,1.0,1.0,1.0,1.0,1.0,1.0
periodic_deadband,output_deadband,b8_n128_distinct,8,128,distinct,0.0,bitonic,5,largest,False,1000,1000,0,1.0,1.0,1.0,1.0,1.0,1.0
periodic_deadband,output_deadband,b8_n128_distinct,8,128,distinct,0.0,bitonic,10,largest,False,1000,1000,0,1.0,1.0,1.0,1.0,1.0,1.0
periodic_deadband,output_deadband,b8_n128_distinct,8,128,distinct,0.0,bitonic,32,largest,False,1000,1000,0,1.0,1.0,1.0,1.0,1.0,1.0
periodic_deadband,output_deadband,b8_n128_distinct,8,128,distinct,0.0,bitonic,128,largest,True,1000,1000,0,1.0,1.0,1.0,1.0,1.0,1.0
periodic_deadband,output_deadband,b8_n128_distinct,8,128,distinct,0.0,rank,1,largest,False,1000,1000,0,1.0,1.0,1.0,1.0,1.0,1.0
periodic_deadband,output_deadband,b8_n128_distinct,8,128,distinct,0.0,rank,5,largest,False,1000,1000,0,1.0,1.0,1.0,1.0,1.0,1.0
periodic_deadband,output_deadband,b8_n128_distinct,8,128,distinct,0.0,rank,10,largest,False,1000,1000,0,1.0,1.0,1.0,1.0,1.0,1.0
periodic_deadband,output_deadband,b8_n128_distinct,8,128,distinct,0.0,rank,32,largest,False,1000,1000,0,1.0,1.0,1.0,1.0,1.0,1.0
periodic_deadband,output_deadband,b8_n128_distinct,8,128,distinct,0.0,rank,128,largest,True,1000,1000,0,1.0,1.0,1.0,1.0,1.0,1.0
periodic_deadband,output_deadband,b8_n128_distinct,8,128,distinct,0.05,bitonic,1,largest,False,1000,1000,0,1.0,1.0,1.0,1.0,1.0,1.0
periodic_deadband,output_deadband,b8_n128_distinct,8,128,distinct,0.05,bitonic,5,largest,False,1000,1000,0,1.0,1.0,1.0,1.0,1.0,1.0
periodic_deadband,output_deadband,b8_n128_distinct,8,128,distinct,0.05,bitonic,10,largest,False,1000,1000,0,1.0,1.0,1.0,1.0,1.0,1.0
periodic_deadband,output_deadband,b8_n128_distinct,8,128,distinct,0.05,bitonic,32,largest,False,1000,1000,0,1.0,1.0,1.0,1.0,1.0,1.0
periodic_deadband,output_deadband,b8_n128_distinct,8,128,distinct,0.05,bitonic,128,largest,True,1000,1000,0,1.0,1.0,1.0,1.0,1.0,1.0
periodic_deadband,output_deadband,b8_n128_distinct,8,128,distinct,0.05,rank,1,largest,False,1000,1000,0,1.0,1.0,1.0,1.0,1.0,1.0
periodic_deadband,output_deadband,b8_n128_distinct,8,128,distinct,0.05,rank,5,largest,False,1000,1000,0,1.0,1.0,1.0,1.0,1.0,1.0
periodic_deadband,output_deadband,b8_n128_distinct,8,128,distinct,0.05,rank,10,largest,False,1000,1000,0,1.0,1.0,1.0,1.0,1.0,1.0
periodic_deadband,output_deadband,b8_n128_distinct,8,128,distinct,0.05,rank,32,largest,False,1000,1000,0,1.0,1.0,1.0,1.0,1.0,1.0
periodic_deadband,output_deadband,b8_n128_distinct,8,128,distinct,0.05,rank,128,largest,True,1000,1000,0,1.0,1.0,1.0,1.0,1.0,1.0
periodic_deadband,output_deadband,b8_n128_distinct,8,128,distinct,0.1,bitonic,1,largest,False,1000,1000,0,1.0,1.0,1.0,1.0,1.0,1.0
periodic_deadband,output_deadband,b8_n128_distinct,8,128,distinct,0.1,bitonic,5,largest,False,1000,1000,0,1.0,1.0,1.0,1.0,1.0,1.0
periodic_deadband,output_deadband,b8_n128_distinct,8,128,distinct,0.1,bitonic,10,largest,False,1000,1000,0,1.0,1.0,1.0,1.0,1.0,1.0
periodic_deadband,output_deadband,b8_n128_distinct,8,128,distinct,0.1,bitonic,32,largest,False,1000,1000,0,1.0,1.0,1.0,1.0,1.0,1.0
periodic_deadband,output_deadband,b8_n128_distinct,8,128,distinct,0.1,bitonic,128,largest,True,1000,1000,0,1.0,1.0,1.0,1.0,1.0,1.0
periodic_deadband,output_deadband,b8_n128_distinct,8,128,distinct,0.1,rank,1,largest,False,1000,1000,0,1.0,1.0,1.0,1.0,1.0,1.0
periodic_deadband,output_deadband,b8_n128_distinct,8,128,distinct,0.1,rank,5,largest,False,1000,1000,0,1.0,1.0,1.0,1.0,1.0,1.0
periodic_deadband,output_deadband,b8_n128_distinct,8,128,distinct,0.1,rank,10,largest,False,1000,1000,0,1.0,1.0,1.0,1.0,1.0,1.0
periodic_deadband,output_deadband,b8_n128_distinct,8,128,distinct,0.1,rank,32,largest,False,1000,1000,0,1.0,1.0,1.0,1.0,1.0,1.0
periodic_deadband,output_deadband,b8_n128_distinct,8,128,distinct,0.1,rank,128,largest,True,1000,1000,0,1.0,1.0,1.0,1.0,1.0,1.0
periodic_deadband,output_deadband,b8_n128_distinct,8,128,distinct,0.15,bitonic,1,largest,False,1000,1000,0,1.0,1.0,1.0,1.0,1.0,1.0
periodic_deadband,output_deadband,b8_n128_distinct,8,128,distinct,0.15,bitonic,5,largest,False,1000,1000,0,1.0,1.0,1.0,1.0,1.0,1.0
periodic_deadband,output_deadband,b8_n128_distinct,8,128,distinct,0.15,bitonic,10,largest,False,1000,1000,0,1.0,1.0,1.0,1.0,1.0,1.0
periodic_deadband,output_deadband,b8_n128_distinct,8,128,distinct,0.15,bitonic,32,largest,False,1000,1000,0,1.0,1.0,1.0,1.0,1.0,1.0
periodic_deadband,output_deadband,b8_n128_distinct,8,128,distinct,0.15,bitonic,128,largest,True,1000,1000,0,1.0,1.0,1.0,1.0,1.0,1.0
periodic_deadband,output_deadband,b8_n128_distinct,8,128,distinct,0.15,rank,1,largest,False,1000,1000,0,1.0,1.0,1.0,1.0,1.0,1.0
periodic_deadband,output_deadband,b8_n128_distinct,8,128,distinct,0.15,rank,5,largest,False,1000,1000,0,1.0,1.0,1.0,1.0,1.0,1.0
periodic_deadband,output_deadband,b8_n128_distinct,8,128,distinct,0.15,rank,10,largest,False,1000,1000,0,1.0,1.0,1.0,1.0,1.0,1.0
periodic_deadband,output_deadband,b8_n128_distinct,8,128,distinct,0.15,rank,32,largest,False,1000,1000,0,1.0,1.0,1.0,1.0,1.0,1.0
periodic_deadband,output_deadband,b8_n128_distinct,8,128,distinct,0.15,rank,128,largest,True,1000,1000,0,1.0,1.0,1.0,1.0,1.0,1.0
periodic_deadband,output_deadband,b8_n128_distinct,8,128,distinct,0.2,bitonic,1,largest,False,1000,1000,0,1.0,1.0,1.0,1.0,1.0,1.0
periodic_deadband,output_deadband,b8_n128_distinct,8,128,distinct,0.2,bitonic,5,largest,False,1000,1000,0,1.0,1.0,1.0,1.0,1.0,1.0
periodic_deadband,output_deadband,b8_n128_distinct,8,128,distinct,0.2,bitonic,10,largest,False,1000,1000,0,1.0,1.0,1.0,1.0,1.0,1.0
periodic_deadband,output_deadband,b8_n128_distinct,8,128,distinct,0.2,bitonic,32,largest,False,1000,1000,0,1.0,1.0,1.0,1.0,1.0,1.0
periodic_deadband,output_deadband,b8_n128_distinct,8,128,distinct,0.2,bitonic,128,largest,True,1000,1000,0,1.0,1.0,1.0,1.0,1.0,1.0
periodic_deadband,output_deadband,b8_n128_distinct,8,128,distinct,0.2,rank,1,largest,False,1000,1000,0,1.0,1.0,1.0,1.0,1.0,1.0
periodic_deadband,output_deadband,b8_n128_distinct,8,128,distinct,0.2,rank,5,largest,False,1000,1000,0,1.0,1.0,1.0,1.0,1.0,1.0
periodic_deadband,output_deadband,b8_n128_distinct,8,128,distinct,0.2,rank,10,largest,False,1000,1000,0,1.0,1.0,1.0,1.0,1.0,1.0
periodic_deadband,output_deadband,b8_n128_distinct,8,128,distinct,0.2,rank,32,largest,False,1000,1000,0,1.0,1.0,1.0,1.0,1.0,1.0
periodic_deadband,output_deadband,b8_n128_distinct,8,128,distinct,0.2,rank,128,largest,True,1000,1000,0,1.0,1.0,1.0,1.0,1.0,1.0
periodic_deadband,output_deadband,b8_n128_distinct,8,128,distinct,0.25,bitonic,1,largest,False,1000,1000,0,1.0,1.0,1.0,1.0,1.0,1.0
periodic_deadband,output_deadband,b8_n128_distinct,8,128,distinct,0.25,bitonic,5,largest,False,1000,1000,0,1.0,1.0,1.0,1.0,1.0,1.0
periodic_deadband,output_deadband,b8_n128_distinct,8,128,distinct,0.25,bitonic,10,largest,False,1000,1000,0,1.0,1.0,1.0,1.0,1.0,1.0
periodic_deadband,output_deadband,b8_n128_distinct,8,128,distinct,0.25,bitonic,32,largest,False,1000,1000,0,1.0,1.0,1.0,1.0,1.0,1.0
periodic_deadband,output_deadband,b8_n128_distinct,8,128,distinct,0.25,bitonic,128,largest,True,1000,1000,0,1.0,1.0,1.0,1.0,1.0,1.0
periodic_deadband,output_deadband,b8_n128_distinct,8,128,distinct,0.25,rank,1,largest,False,1000,1000,0,1.0,1.0,1.0,1.0,1.0,1.0
periodic_deadband,output_deadband,b8_n128_distinct,8,128,distinct,0.25,rank,5,largest,False,1000,1000,0,1.0,1.0,1.0,1.0,1.0,1.0
periodic_deadband,output_deadband,b8_n128_distinct,8,128,distinct,0.25,rank,10,largest,False,1000,1000,0,1.0,1.0,1.0,1.0,1.0,1.0
periodic_deadband,output_deadband,b8_n128_distinct,8,128,distinct,0.25,rank,32,largest,False,1000,1000,0,1.0,1.0,1.0,1.0,1.0,1.0
periodic_deadband,output_deadband,b8_n128_distinct,8,128,distinct,0.25,rank,128,largest,True,1000,1000,0,1.0,1.0,1.0,1.0,1.0,1.0
periodic_deadband,output_deadband,b8_n128_duplicates_allowed,8,128,duplicates_allowed,0.0,bitonic,1,largest,False,1000,1000,0,1.0,1.0,1.0,1.0,1.0,1.0
periodic_deadband,output_deadband,b8_n128_duplicates_allowed,8,128,duplicates_allowed,0.0,bitonic,5,largest,False,1000,1000,0,1.0,1.0,1.0,1.0,1.0,1.0
periodic_deadband,output_deadband,b8_n128_duplicates_allowed,8,128,duplicates_allowed,0.0,bitonic,10,largest,False,1000,1000,0,1.0,1.0,1.0,1.0,1.0,1.0
periodic_deadband,output_deadband,b8_n128_duplicates_allowed,8,128,duplicates_allowed,0.0,bitonic,32,largest,False,1000,1000,0,1.0,1.0,1.0,1.0,1.0,1.0
periodic_deadband,output_deadband,b8_n128_duplicates_allowed,8,128,duplicates_allowed,0.0,bitonic,128,largest,True,1000,1000,0,1.0,1.0,1.0,1.0,1.0,1.0
periodic_deadband,output_deadband,b8_n128_duplicates_allowed,8,128,duplicates_allowed,0.0,rank,1,largest,False,1000,1000,0,1.0,1.0,1.0,1.0,1.0,1.0
periodic_deadband,output_deadband,b8_n128_duplicates_allowed,8,128,duplicates_allowed,0.0,rank,5,largest,False,1000,1000,0,1.0,1.0,1.0,1.0,1.0,1.0
periodic_deadband,output_deadband,b8_n128_duplicates_allowed,8,128,duplicates_allowed,0.0,rank,10,largest,False,1000,1000,0,1.0,1.0,1.0,1.0,1.0,1.0
periodic_deadband,output_deadband,b8_n128_duplicates_allowed,8,128,duplicates_allowed,0.0,rank,32,largest,False,1000,1000,0,1.0,1.0,1.0,1.0,1.0,1.0
periodic_deadband,output_deadband,b8_n128_duplicates_allowed,8,128,duplicates_allowed,0.0,rank,128,largest,True,1000,1000,0,1.0,1.0,1.0,1.0,1.0,1.0
periodic_deadband,output_deadband,b8_n128_duplicates_allowed,8,128,duplicates_allowed,0.05,bitonic,1,largest,False,1000,1000,0,1.0,1.0,1.0,1.0,1.0,1.0
periodic_deadband,output_deadband,b8_n128_duplicates_allowed,8,128,duplicates_allowed,0.05,bitonic,5,largest,False,1000,1000,0,1.0,1.0,1.0,1.0,1.0,1.0
periodic_deadband,output_deadband,b8_n128_duplicates_allowed,8,128,duplicates_allowed,0.05,bitonic,10,largest,False,1000,1000,0,1.0,1.0,1.0,1.0,1.0,1.0
periodic_deadband,output_deadband,b8_n128_duplicates_allowed,8,128,duplicates_allowed,0.05,bitonic,32,largest,False,1000,1000,0,1.0,1.0,1.0,1.0,1.0,1.0
periodic_deadband,output_deadband,b8_n128_duplicates_allowed,8,128,duplicates_allowed,0.05,bitonic,128,largest,True,1000,1000,0,1.0,1.0,1.0,1.0,1.0,1.0
periodic_deadband,output_deadband,b8_n128_duplicates_allowed,8,128,duplicates_allowed,0.05,rank,1,largest,False,1000,1000,0,1.0,1.0,1.0,1.0,1.0,1.0
periodic_deadband,output_deadband,b8_n128_duplicates_allowed,8,128,duplicates_allowed,0.05,rank,5,largest,False,1000,1000,0,1.0,1.0,1.0,1.0,1.0,1.0
periodic_deadband,output_deadband,b8_n128_duplicates_allowed,8,128,duplicates_allowed,0.05,rank,10,largest,False,1000,1000,0,1.0,1.0,1.0,1.0,1.0,1.0
periodic_deadband,output_deadband,b8_n128_duplicates_allowed,8,128,duplicates_allowed,0.05,rank,32,largest,False,1000,1000,0,1.0,1.0,1.0,1.0,1.0,1.0
periodic_deadband,output_deadband,b8_n128_duplicates_allowed,8,128,duplicates_allowed,0.05,rank,128,largest,True,1000,1000,0,1.0,1.0,1.0,1.0,1.0,1.0
periodic_deadband,output_deadband,b8_n128_duplicates_allowed,8,128,duplicates_allowed,0.1,bitonic,1,largest,False,1000,1000,0,1.0,1.0,1.0,1.0,1.0,1.0
periodic_deadband,output_deadband,b8_n128_duplicates_allowed,8,128,duplicates_allowed,0.1,bitonic,5,largest,False,1000,1000,0,1.0,1.0,1.0,1.0,1.0,1.0
periodic_deadband,output_deadband,b8_n128_duplicates_allowed,8,128,duplicates_allowed,0.1,bitonic,10,largest,False,1000,1000,0,1.0,1.0,1.0,1.0,1.0,1.0
periodic_deadband,output_deadband,b8_n128_duplicates_allowed,8,128,duplicates_allowed,0.1,bitonic,32,largest,False,1000,1000,0,1.0,1.0,1.0,1.0,1.0,1.0
periodic_deadband,output_deadband,b8_n128_duplicates_allowed,8,128,duplicates_allowed,0.1,bitonic,128,largest,True,1000,1000,0,1.0,1.0,1.0,1.0,1.0,1.0
periodic_deadband,output_deadband,b8_n128_duplicates_allowed,8,128,duplicates_allowed,0.1,rank,1,largest,False,1000,1000,0,1.0,1.0,1.0,1.0,1.0,1.0
periodic_deadband,output_deadband,b8_n128_duplicates_allowed,8,128,duplicates_allowed,0.1,rank,5,largest,False,1000,1000,0,1.0,1.0,1.0,1.0,1.0,1.0
periodic_deadband,output_deadband,b8_n128_duplicates_allowed,8,128,duplicates_allowed,0.1,rank,10,largest,False,1000,1000,0,1.0,1.0,1.0,1.0,1.0,1.0
periodic_deadband,output_deadband,b8_n128_duplicates_allowed,8,128,duplicates_allowed,0.1,rank,32,largest,False,1000,1000,0,1.0,1.0,1.0,1.0,1.0,1.0
periodic_deadband,output_deadband,b8_n128_duplicates_allowed,8,128,duplicates_allowed,0.1,rank,128,largest,True,1000,1000,0,1.0,1.0,1.0,1.0,1.0,1.0
periodic_deadband,output_deadband,b8_n128_duplicates_allowed,8,128,duplicates_allowed,0.15,bitonic,1,largest,False,1000,1000,0,1.0,1.0,1.0,1.0,1.0,1.0
periodic_deadband,output_deadband,b8_n128_duplicates_allowed,8,128,duplicates_allowed,0.15,bitonic,5,largest,False,1000,1000,0,1.0,1.0,1.0,1.0,1.0,1.0
periodic_deadband,output_deadband,b8_n128_duplicates_allowed,8,128,duplicates_allowed,0.15,bitonic,10,largest,False,1000,1000,0,1.0,1.0,1.0,1.0,1.0,1.0
periodic_deadband,output_deadband,b8_n128_duplicates_allowed,8,128,duplicates_allowed,0.15,bitonic,32,largest,False,1000,1000,0,1.0,1.0,1.0,1.0,1.0,1.0
periodic_deadband,output_deadband,b8_n128_duplicates_allowed,8,128,duplicates_allowed,0.15,bitonic,128,largest,True,1000,1000,0,1.0,1.0,1.0,1.0,1.0,1.0
periodic_deadband,output_deadband,b8_n128_duplicates_allowed,8,128,duplicates_allowed,0.15,rank,1,largest,False,1000,1000,0,1.0,1.0,1.0,1.0,1.0,1.0
periodic_deadband,output_deadband,b8_n128_duplicates_allowed,8,128,duplicates_allowed,0.15,rank,5,largest,False,1000,1000,0,1.0,1.0,1.0,1.0,1.0,1.0
periodic_deadband,output_deadband,b8_n128_duplicates_allowed,8,128,duplicates_allowed,0.15,rank,10,largest,False,1000,1000,0,1.0,1.0,1.0,1.0,1.0,1.0
periodic_deadband,output_deadband,b8_n128_duplicates_allowed,8,128,duplicates_allowed,0.15,rank,32,largest,False,1000,1000,0,1.0,1.0,1.0,1.0,1.0,1.0
periodic_deadband,output_deadband,b8_n128_duplicates_allowed,8,128,duplicates_allowed,0.15,rank,128,largest,True,1000,1000,0,1.0,1.0,1.0,1.0,1.0,1.0
periodic_deadband,output_deadband,b8_n128_duplicates_allowed,8,128,duplicates_allowed,0.2,bitonic,1,largest,False,1000,1000,0,1.0,1.0,1.0,1.0,1.0,1.0
periodic_deadband,output_deadband,b8_n128_duplicates_allowed,8,128,duplicates_allowed,0.2,bitonic,5,largest,False,1000,1000,0,1.0,1.0,1.0,1.0,1.0,1.0
periodic_deadband,output_deadband,b8_n128_duplicates_allowed,8,128,duplicates_allowed,0.2,bitonic,10,largest,False,1000,1000,0,1.0,1.0,1.0,1.0,1.0,1.0
periodic_deadband,output_deadband,b8_n128_duplicates_allowed,8,128,duplicates_allowed,0.2,bitonic,32,largest,False,1000,1000,0,1.0,1.0,1.0,1.0,1.0,1.0
periodic_deadband,output_deadband,b8_n128_duplicates_allowed,8,128,duplicates_allowed,0.2,bitonic,128,largest,True,1000,1000,0,1.0,1.0,1.0,1.0,1.0,1.0
periodic_deadband,output_deadband,b8_n128_duplicates_allowed,8,128,duplicates_allowed,0.2,rank,1,largest,False,1000,1000,0,1.0,1.0,1.0,1.0,1.0,1.0
periodic_deadband,output_deadband,b8_n128_duplicates_allowed,8,128,duplicates_allowed,0.2,rank,5,largest,False,1000,1000,0,1.0,1.0,1.0,1.0,1.0,1.0
periodic_deadband,output_deadband,b8_n128_duplicates_allowed,8,128,duplicates_allowed,0.2,rank,10,largest,False,1000,1000,0,1.0,1.0,1.0,1.0,1.0,1.0
periodic_deadband,output_deadband,b8_n128_duplicates_allowed,8,128,duplicates_allowed,0.2,rank,32,largest,False,1000,1000,0,1.0,1.0,1.0,1.0,1.0,1.0
periodic_deadband,output_deadband,b8_n128_duplicates_allowed,8,128,duplicates_allowed,0.2,rank,128,largest,True,1000,1000,0,1.0,1.0,1.0,1.0,1.0,1.0
periodic_deadband,output_deadband,b8_n128_duplicates_allowed,8,128,duplicates_allowed,0.25,bitonic,1,largest,False,1000,1000,0,1.0,1.0,1.0,1.0,1.0,1.0
periodic_deadband,output_deadband,b8_n128_duplicates_allowed,8,128,duplicates_allowed,0.25,bitonic,5,largest,False,1000,1000,0,1.0,1.0,1.0,1.0,1.0,1.0
periodic_deadband,output_deadband,b8_n128_duplicates_allowed,8,128,duplicates_allowed,0.25,bitonic,10,largest,False,1000,1000,0,1.0,1.0,1.0,1.0,1.0,1.0
periodic_deadband,output_deadband,b8_n128_duplicates_allowed,8,128,duplicates_allowed,0.25,bitonic,32,largest,False,1000,1000,0,1.0,1.0,1.0,1.0,1.0,1.0
periodic_deadband,output_deadband,b8_n128_duplicates_allowed,8,128,duplicates_allowed,0.25,bitonic,128,largest,True,1000,1000,0,1.0,1.0,1.0,1.0,1.0,1.0
periodic_deadband,output_deadband,b8_n128_duplicates_allowed,8,128,duplicates_allowed,0.25,rank,1,largest,False,1000,1000,0,1.0,1.0,1.0,1.0,1.0,1.0
periodic_deadband,output_deadband,b8_n128_duplicates_allowed,8,128,duplicates_allowed,0.25,rank,5,largest,False,1000,1000,0,1.0,1.0,1.0,1.0,1.0,1.0
periodic_deadband,output_deadband,b8_n128_duplicates_allowed,8,128,duplicates_allowed,0.25,rank,10,largest,False,1000,1000,0,1.0,1.0,1.0,1.0,1.0,1.0
periodic_deadband,output_deadband,b8_n128_duplicates_allowed,8,128,duplicates_allowed,0.25,rank,32,largest,False,1000,1000,0,1.0,1.0,1.0,1.0,1.0,1.0
periodic_deadband,output_deadband,b8_n128_duplicates_allowed,8,128,duplicates_allowed,0.25,rank,128,largest,True,1000,1000,0,1.0,1.0,1.0,1.0,1.0,1.0
periodic_deadband,output_deadband,b8_n256_distinct,8,256,distinct,0.0,bitonic,1,largest,False,1000,1000,0,1.0,1.0,1.0,1.0,1.0,1.0
periodic_deadband,output_deadband,b8_n256_distinct,8,256,distinct,0.0,bitonic,5,largest,False,1000,1000,0,1.0,1.0,1.0,1.0,1.0,1.0
periodic_deadband,output_deadband,b8_n256_distinct,8,256,distinct,0.0,bitonic,10,largest,False,1000,1000,0,1.0,1.0,1.0,1.0,1.0,1.0
periodic_deadband,output_deadband,b8_n256_distinct,8,256,distinct,0.0,bitonic,32,largest,False,1000,1000,0,1.0,1.0,1.0,1.0,1.0,1.0
periodic_deadband,output_deadband,b8_n256_distinct,8,256,distinct,0.0,bitonic,256,largest,True,1000,1000,0,1.0,1.0,1.0,1.0,1.0,1.0
periodic_deadband,output_deadband,b8_n256_distinct,8,256,distinct,0.0,rank,1,largest,False,1000,1000,0,1.0,1.0,1.0,1.0,1.0,1.0
periodic_deadband,output_deadband,b8_n256_distinct,8,256,distinct,0.0,rank,5,largest,False,1000,1000,0,1.0,1.0,1.0,1.0,1.0,1.0
periodic_deadband,output_deadband,b8_n256_distinct,8,256,distinct,0.0,rank,10,largest,False,1000,1000,0,1.0,1.0,1.0,1.0,1.0,1.0
periodic_deadband,output_deadband,b8_n256_distinct,8,256,distinct,0.0,rank,32,largest,False,1000,1000,0,1.0,1.0,1.0,1.0,1.0,1.0
periodic_deadband,output_deadband,b8_n256_distinct,8,256,distinct,0.0,rank,256,largest,True,1000,1000,0,1.0,1.0,1.0,1.0,1.0,1.0
periodic_deadband,output_deadband,b8_n256_distinct,8,256,distinct,0.05,bitonic,1,largest,False,1000,1000,0,1.0,1.0,1.0,1.0,1.0,1.0
periodic_deadband,output_deadband,b8_n256_distinct,8,256,distinct,0.05,bitonic,5,largest,False,1000,1000,0,1.0,1.0,1.0,1.0,1.0,1.0
periodic_deadband,output_deadband,b8_n256_distinct,8,256,distinct,0.05,bitonic,10,largest,False,1000,1000,0,1.0,1.0,1.0,1.0,1.0,1.0
periodic_deadband,output_deadband,b8_n256_distinct,8,256,distinct,0.05,bitonic,32,largest,False,1000,1000,0,1.0,1.0,1.0,1.0,1.0,1.0
periodic_deadband,output_deadband,b8_n256_distinct,8,256,distinct,0.05,bitonic,256,largest,True,1000,1000,0,1.0,1.0,1.0,1.0,1.0,1.0
periodic_deadband,output_deadband,b8_n256_distinct,8,256,distinct,0.05,rank,1,largest,False,1000,1000,0,1.0,1.0,1.0,1.0,1.0,1.0
periodic_deadband,output_deadband,b8_n256_distinct,8,256,distinct,0.05,rank,5,largest,False,1000,1000,0,1.0,1.0,1.0,1.0,1.0,1.0
periodic_deadband,output_deadband,b8_n256_distinct,8,256,distinct,0.05,rank,10,largest,False,1000,1000,0,1.0,1.0,1.0,1.0,1.0,1.0
periodic_deadband,output_deadband,b8_n256_distinct,8,256,distinct,0.05,rank,32,largest,False,1000,1000,0,1.0,1.0,1.0,1.0,1.0,1.0
periodic_deadband,output_deadband,b8_n256_distinct,8,256,distinct,0.05,rank,256,largest,True,1000,1000,0,1.0,1.0,1.0,1.0,1.0,1.0
periodic_deadband,output_deadband,b8_n256_distinct,8,256,distinct,0.1,bitonic,1,largest,False,1000,1000,0,1.0,1.0,1.0,1.0,1.0,1.0
periodic_deadband,output_deadband,b8_n256_distinct,8,256,distinct,0.1,bitonic,5,largest,False,1000,1000,0,1.0,1.0,1.0,1.0,1.0,1.0
periodic_deadband,output_deadband,b8_n256_distinct,8,256,distinct,0.1,bitonic,10,largest,False,1000,1000,0,1.0,1.0,1.0,1.0,1.0,1.0
periodic_deadband,output_deadband,b8_n256_distinct,8,256,distinct,0.1,bitonic,32,largest,False,1000,1000,0,1.0,1.0,1.0,1.0,1.0,1.0
periodic_deadband,output_deadband,b8_n256_distinct,8,256,distinct,0.1,bitonic,256,largest,True,1000,1000,0,1.0,1.0,1.0,1.0,1.0,1.0
periodic_deadband,output_deadband,b8_n256_distinct,8,256,distinct,0.1,rank,1,largest,False,1000,1000,0,1.0,1.0,1.0,1.0,1.0,1.0
periodic_deadband,output_deadband,b8_n256_distinct,8,256,distinct,0.1,rank,5,largest,False,1000,1000,0,1.0,1.0,1.0,1.0,1.0,1.0
periodic_deadband,output_deadband,b8_n256_distinct,8,256,distinct,0.1,rank,10,largest,False,1000,1000,0,1.0,1.0,1.0,1.0,1.0,1.0
periodic_deadband,output_deadband,b8_n256_distinct,8,256,distinct,0.1,rank,32,largest,False,1000,1000,0,1.0,1.0,1.0,1.0,1.0,1.0
periodic_deadband,output_deadband,b8_n256_distinct,8,256,distinct,0.1,rank,256,largest,True,1000,1000,0,1.0,1.0,1.0,1.0,1.0,1.0
periodic_deadband,output_deadband,b8_n256_distinct,8,256,distinct,0.15,bitonic,1,largest,False,1000,1000,0,1.0,1.0,1.0,1.0,1.0,1.0
periodic_deadband,output_deadband,b8_n256_distinct,8,256,distinct,0.15,bitonic,5,largest,False,1000,1000,0,1.0,1.0,1.0,1.0,1.0,1.0
periodic_deadband,output_deadband,b8_n256_distinct,8,256,distinct,0.15,bitonic,10,largest,False,1000,1000,0,1.0,1.0,1.0,1.0,1.0,1.0
periodic_deadband,output_deadband,b8_n256_distinct,8,256,distinct,0.15,bitonic,32,largest,False,1000,1000,0,1.0,1.0,1.0,1.0,1.0,1.0
periodic_deadband,output_deadband,b8_n256_distinct,8,256,distinct,0.15,bitonic,256,largest,True,1000,1000,0,1.0,1.0,1.0,1.0,1.0,1.0
periodic_deadband,output_deadband,b8_n256_distinct,8,256,distinct,0.15,rank,1,largest,False,1000,1000,0,1.0,1.0,1.0,1.0,1.0,1.0
periodic_deadband,output_deadband,b8_n256_distinct,8,256,distinct,0.15,rank,5,largest,False,1000,1000,0,1.0,1.0,1.0,1.0,1.0,1.0
periodic_deadband,output_deadband,b8_n256_distinct,8,256,distinct,0.15,rank,10,largest,False,1000,1000,0,1.0,1.0,1.0,1.0,1.0,1.0
periodic_deadband,output_deadband,b8_n256_distinct,8,256,distinct,0.15,rank,32,largest,False,1000,1000,0,1.0,1.0,1.0,1.0,1.0,1.0
periodic_deadband,output_deadband,b8_n256_distinct,8,256,distinct,0.15,rank,256,largest,True,1000,1000,0,1.0,1.0,1.0,1.0,1.0,1.0
periodic_deadband,output_deadband,b8_n256_distinct,8,256,distinct,0.2,bitonic,1,largest,False,1000,1000,0,1.0,1.0,1.0,1.0,1.0,1.0
periodic_deadband,output_deadband,b8_n256_distinct,8,256,distinct,0.2,bitonic,5,largest,False,1000,1000,0,1.0,1.0,1.0,1.0,1.0,1.0
periodic_deadband,output_deadband,b8_n256_distinct,8,256,distinct,0.2,bitonic,10,largest,False,1000,1000,0,1.0,1.0,1.0,1.0,1.0,1.0
periodic_deadband,output_deadband,b8_n256_distinct,8,256,distinct,0.2,bitonic,32,largest,False,1000,1000,0,1.0,1.0,1.0,1.0,1.0,1.0
periodic_deadband,output_deadband,b8_n256_distinct,8,256,distinct,0.2,bitonic,256,largest,True,1000,1000,0,1.0,1.0,1.0,1.0,1.0,1.0
periodic_deadband,output_deadband,b8_n256_distinct,8,256,distinct,0.2,rank,1,largest,False,1000,1000,0,1.0,1.0,1.0,1.0,1.0,1.0
periodic_deadband,output_deadband,b8_n256_distinct,8,256,distinct,0.2,rank,5,largest,False,1000,1000,0,1.0,1.0,1.0,1.0,1.0,1.0
periodic_deadband,output_deadband,b8_n256_distinct,8,256,distinct,0.2,rank,10,largest,False,1000,1000,0,1.0,1.0,1.0,1.0,1.0,1.0
periodic_deadband,output_deadband,b8_n256_distinct,8,256,distinct,0.2,rank,32,largest,False,1000,1000,0,1.0,1.0,1.0,1.0,1.0,1.0
periodic_deadband,output_deadband,b8_n256_distinct,8,256,distinct,0.2,rank,256,largest,True,1000,1000,0,1.0,1.0,1.0,1.0,1.0,1.0
periodic_deadband,output_deadband,b8_n256_distinct,8,256,distinct,0.25,bitonic,1,largest,False,1000,1000,0,1.0,1.0,1.0,1.0,1.0,1.0
periodic_deadband,output_deadband,b8_n256_distinct,8,256,distinct,0.25,bitonic,5,largest,False,1000,1000,0,1.0,1.0,1.0,1.0,1.0,1.0
periodic_deadband,output_deadband,b8_n256_distinct,8,256,distinct,0.25,bitonic,10,largest,False,1000,1000,0,1.0,1.0,1.0,1.0,1.0,1.0
periodic_deadband,output_deadband,b8_n256_distinct,8,256,distinct,0.25,bitonic,32,largest,False,1000,1000,0,1.0,1.0,1.0,1.0,1.0,1.0
periodic_deadband,output_deadband,b8_n256_distinct,8,256,distinct,0.25,bitonic,256,largest,True,1000,1000,0,1.0,1.0,1.0,1.0,1.0,1.0
periodic_deadband,output_deadband,b8_n256_distinct,8,256,distinct,0.25,rank,1,largest,False,1000,1000,0,1.0,1.0,1.0,1.0,1.0,1.0
periodic_deadband,output_deadband,b8_n256_distinct,8,256,distinct,0.25,rank,5,largest,False,1000,1000,0,1.0,1.0,1.0,1.0,1.0,1.0
periodic_deadband,output_deadband,b8_n256_distinct,8,256,distinct,0.25,rank,10,largest,False,1000,1000,0,1.0,1.0,1.0,1.0,1.0,1.0
periodic_deadband,output_deadband,b8_n256_distinct,8,256,distinct,0.25,rank,32,largest,False,1000,1000,0,1.0,1.0,1.0,1.0,1.0,1.0
periodic_deadband,output_deadband,b8_n256_distinct,8,256,distinct,0.25,rank,256,largest,True,1000,1000,0,1.0,1.0,1.0,1.0,1.0,1.0
periodic_deadband,output_deadband,b8_n256_duplicates_allowed,8,256,duplicates_allowed,0.0,bitonic,1,largest,False,1000,1000,0,1.0,1.0,1.0,1.0,1.0,1.0
periodic_deadband,output_deadband,b8_n256_duplicates_allowed,8,256,duplicates_allowed,0.0,bitonic,5,largest,False,1000,1000,0,1.0,1.0,1.0,1.0,1.0,1.0
periodic_deadband,output_deadband,b8_n256_duplicates_allowed,8,256,duplicates_allowed,0.0,bitonic,10,largest,False,1000,1000,0,1.0,1.0,1.0,1.0,1.0,1.0
periodic_deadband,output_deadband,b8_n256_duplicates_allowed,8,256,duplicates_allowed,0.0,bitonic,32,largest,False,1000,1000,0,1.0,1.0,1.0,1.0,1.0,1.0
periodic_deadband,output_deadband,b8_n256_duplicates_allowed,8,256,duplicates_allowed,0.0,bitonic,256,largest,True,1000,1000,0,1.0,1.0,1.0,1.0,1.0,1.0
periodic_deadband,output_deadband,b8_n256_duplicates_allowed,8,256,duplicates_allowed,0.0,rank,1,largest,False,1000,1000,0,1.0,1.0,1.0,1.0,1.0,1.0
periodic_deadband,output_deadband,b8_n256_duplicates_allowed,8,256,duplicates_allowed,0.0,rank,5,largest,False,1000,1000,0,1.0,1.0,1.0,1.0,1.0,1.0
periodic_deadband,output_deadband,b8_n256_duplicates_allowed,8,256,duplicates_allowed,0.0,rank,10,largest,False,1000,1000,0,1.0,1.0,1.0,1.0,1.0,1.0
periodic_deadband,output_deadband,b8_n256_duplicates_allowed,8,256,duplicates_allowed,0.0,rank,32,largest,False,1000,1000,0,1.0,1.0,1.0,1.0,1.0,1.0
periodic_deadband,output_deadband,b8_n256_duplicates_allowed,8,256,duplicates_allowed,0.0,rank,256,largest,True,1000,1000,0,1.0,1.0,1.0,1.0,1.0,1.0
periodic_deadband,output_deadband,b8_n256_duplicates_allowed,8,256,duplicates_allowed,0.05,bitonic,1,largest,False,1000,1000,0,1.0,1.0,1.0,1.0,1.0,1.0
periodic_deadband,output_deadband,b8_n256_duplicates_allowed,8,256,duplicates_allowed,0.05,bitonic,5,largest,False,1000,1000,0,1.0,1.0,1.0,1.0,1.0,1.0
periodic_deadband,output_deadband,b8_n256_duplicates_allowed,8,256,duplicates_allowed,0.05,bitonic,10,largest,False,1000,1000,0,1.0,1.0,1.0,1.0,1.0,1.0
periodic_deadband,output_deadband,b8_n256_duplicates_allowed,8,256,duplicates_allowed,0.05,bitonic,32,largest,False,1000,1000,0,1.0,1.0,1.0,1.0,1.0,1.0
periodic_deadband,output_deadband,b8_n256_duplicates_allowed,8,256,duplicates_allowed,0.05,bitonic,256,largest,True,1000,1000,0,1.0,1.0,1.0,1.0,1.0,1.0
periodic_deadband,output_deadband,b8_n256_duplicates_allowed,8,256,duplicates_allowed,0.05,rank,1,largest,False,1000,1000,0,1.0,1.0,1.0,1.0,1.0,1.0
periodic_deadband,output_deadband,b8_n256_duplicates_allowed,8,256,duplicates_allowed,0.05,rank,5,largest,False,1000,1000,0,1.0,1.0,1.0,1.0,1.0,1.0
periodic_deadband,output_deadband,b8_n256_duplicates_allowed,8,256,duplicates_allowed,0.05,rank,10,largest,False,1000,1000,0,1.0,1.0,1.0,1.0,1.0,1.0
periodic_deadband,output_deadband,b8_n256_duplicates_allowed,8,256,duplicates_allowed,0.05,rank,32,largest,False,1000,1000,0,1.0,1.0,1.0,1.0,1.0,1.0
periodic_deadband,output_deadband,b8_n256_duplicates_allowed,8,256,duplicates_allowed,0.05,rank,256,largest,True,1000,1000,0,1.0,1.0,1.0,1.0,1.0,1.0
periodic_deadband,output_deadband,b8_n256_duplicates_allowed,8,256,duplicates_allowed,0.1,bitonic,1,largest,False,1000,1000,0,1.0,1.0,1.0,1.0,1.0,1.0
periodic_deadband,output_deadband,b8_n256_duplicates_allowed,8,256,duplicates_allowed,0.1,bitonic,5,largest,False,1000,1000,0,1.0,1.0,1.0,1.0,1.0,1.0
periodic_deadband,output_deadband,b8_n256_duplicates_allowed,8,256,duplicates_allowed,0.1,bitonic,10,largest,False,1000,1000,0,1.0,1.0,1.0,1.0,1.0,1.0
periodic_deadband,output_deadband,b8_n256_duplicates_allowed,8,256,duplicates_allowed,0.1,bitonic,32,largest,False,1000,1000,0,1.0,1.0,1.0,1.0,1.0,1.0
periodic_deadband,output_deadband,b8_n256_duplicates_allowed,8,256,duplicates_allowed,0.1,bitonic,256,largest,True,1000,1000,0,1.0,1.0,1.0,1.0,1.0,1.0
periodic_deadband,output_deadband,b8_n256_duplicates_allowed,8,256,duplicates_allowed,0.1,rank,1,largest,False,1000,1000,0,1.0,1.0,1.0,1.0,1.0,1.0
periodic_deadband,output_deadband,b8_n256_duplicates_allowed,8,256,duplicates_allowed,0.1,rank,5,largest,False,1000,1000,0,1.0,1.0,1.0,1.0,1.0,1.0
periodic_deadband,output_deadband,b8_n256_duplicates_allowed,8,256,duplicates_allowed,0.1,rank,10,largest,False,1000,1000,0,1.0,1.0,1.0,1.0,1.0,1.0
periodic_deadband,output_deadband,b8_n256_duplicates_allowed,8,256,duplicates_allowed,0.1,rank,32,largest,False,1000,1000,0,1.0,1.0,1.0,1.0,1.0,1.0
periodic_deadband,output_deadband,b8_n256_duplicates_allowed,8,256,duplicates_allowed,0.1,rank,256,largest,True,1000,1000,0,1.0,1.0,1.0,1.0,1.0,1.0
periodic_deadband,output_deadband,b8_n256_duplicates_allowed,8,256,duplicates_allowed,0.15,bitonic,1,largest,False,1000,1000,0,1.0,1.0,1.0,1.0,1.0,1.0
periodic_deadband,output_deadband,b8_n256_duplicates_allowed,8,256,duplicates_allowed,0.15,bitonic,5,largest,False,1000,1000,0,1.0,1.0,1.0,1.0,1.0,1.0
periodic_deadband,output_deadband,b8_n256_duplicates_allowed,8,256,duplicates_allowed,0.15,bitonic,10,largest,False,1000,1000,0,1.0,1.0,1.0,1.0,1.0,1.0
periodic_deadband,output_deadband,b8_n256_duplicates_allowed,8,256,duplicates_allowed,0.15,bitonic,32,largest,False,1000,1000,0,1.0,1.0,1.0,1.0,1.0,1.0
periodic_deadband,output_deadband,b8_n256_duplicates_allowed,8,256,duplicates_allowed,0.15,bitonic,256,largest,True,1000,1000,0,1.0,1.0,1.0,1.0,1.0,1.0
