source,scenario,dataset,key_bits,n,family,eta,mapping,trials,valid_outputs,invalid_outputs,correct_sorts,stable_sorts,whole_sort_accuracy,stable_accuracy,tau_defined_outputs,constant_key_valid_outputs,comparable_pairs_valid,inverted_pairs_valid,tau_b_mean,tau_b_median,tau_b_min,tau_b_p05,tau_b_ceiling_mean,tau_b_ceiling_median,tau_b_ceiling_min,tau_b_ceiling_p05,tau_key_normalized_mean,tau_key_normalized_median,tau_key_normalized_min,tau_key_normalized_p05,inversions_valid_mean,inversions_valid_median,inversions_valid_min,inversions_valid_p05
reference,direct,b4_n2_distinct,4,2,distinct,0.0,bitonic,1000,1000,0,1000,1000,1.0,1.0,1000,0,1000,0,1.0,1.0,1.0,1.0,1.0,1.0,1.0,1.0,1.0,1.0,1.0,1.0,0.0,0.0,0.0,0.0
reference,direct,b4_n2_distinct,4,2,distinct,0.0,rank,1000,1000,0,1000,1000,1.0,1.0,1000,0,1000,0,1.0,1.0,1.0,1.0,1.0,1.0,1.0,1.0,1.0,1.0,1.0,1.0,0.0,0.0,0.0,0.0
reference,direct,b4_n2_distinct,4,2,distinct,0.05,bitonic,1000,1000,0,1000,1000,1.0,1.0,1000,0,1000,0,1.0,1.0,1.0,1.0,1.0,1.0,1.0,1.0,1.0,1.0,1.0,1.0,0.0,0.0,0.0,0.0
reference,direct,b4_n2_distinct,4,2,distinct,0.05,rank,1000,1000,0,1000,1000,1.0,1.0,1000,0,1000,0,1.0,1.0,1.0,1.0,1.0,1.0,1.0,1.0,1.0,1.0,1.0,1.0,0.0,0.0,0.0,0.0
reference,direct,b4_n2_distinct,4,2,distinct,0.1,bitonic,1000,1000,0,1000,1000,1.0,1.0,1000,0,1000,0,1.0,1.0,1.0,1.0,1.0,1.0,1.0,1.0,1.0,1.0,1.0,1.0,0.0,0.0,0.0,0.0
reference,direct,b4_n2_distinct,4,2,distinct,0.1,rank,1000,1000,0,1000,1000,1.0,1.0,1000,0,1000,0,1.0,1.0,1.0,1.0,1.0,1.0,1.0,1.0,1.0,1.0,1.0,1.0,0.0,0.0,0.0,0.0
reference,direct,b4_n2_distinct,4,2,distinct,0.15,bitonic,1000,1000,0,1000,1000,1.0,1.0,1000,0,1000,0,1.0,1.0,1.0,1.0,1.0,1.0,1.0,1.0,1.0,1.0,1.0,1.0,0.0,0.0,0.0,0.0
reference,direct,b4_n2_distinct,4,2,distinct,0.15,rank,1000,1000,0,1000,1000,1.0,1.0,1000,0,1000,0,1.0,1.0,1.0,1.0,1.0,1.0,1.0,1.0,1.0,1.0,1.0,1.0,0.0,0.0,0.0,0.0
reference,direct,b4_n2_distinct,4,2,distinct,0.2,bitonic,1000,1000,0,1000,1000,1.0,1.0,1000,0,1000,0,1.0,1.0,1.0,1.0,1.0,1.0,1.0,1.0,1.0,1.0,1.0,1.0,0.0,0.0,0.0,0.0
reference,direct,b4_n2_distinct,4,2,distinct,0.2,rank,1000,1000,0,1000,1000,1.0,1.0,1000,0,1000,0,1.0,1.0,1.0,1.0,1.0,1.0,1.0,1.0,1.0,1.0,1.0,1.0,0.0,0.0,0.0,0.0
reference,direct,b4_n2_distinct,4,2,distinct,0.25,bitonic,1000,1000,0,1000,1000,1.0,1.0,1000,0,1000,0,1.0,1.0,1.0,1.0,1.0,1.0,1.0,1.0,1.0,1.0,1.0,1.0,0.0,0.0,0.0,0.0
reference,direct,b4_n2_distinct,4,2,distinct,0.25,rank,1000,1000,0,998,998,0.998,0.998,1000,0,1000,2,0.996,1.0,-1.0,1.0,1.0,1.0,1.0,1.0,0.996,1.0,-1.0,1.0,0.002,0.0,0.0,0.0
reference,direct,b4_n2_duplicates_allowed,4,2,duplicates_allowed,0.0,bitonic,1000,1000,0,1000,1000,1.0,1.0,934,66,934,0,1.0,1.0,1.0,1.0,1.0,1.0,1.0,1.0,1.0,1.0,1.0,1.0,0.0,0.0,0.0,0.0
reference,direct,b4_n2_duplicates_allowed,4,2,duplicates_allowed,0.0,rank,1000,1000,0,1000,1000,1.0,1.0,934,66,934,0,1.0,1.0,1.0,1.0,1.0,1.0,1.0,1.0,1.0,1.0,1.0,1.0,0.0,0.0,0.0,0.0
reference,direct,b4_n2_duplicates_allowed,4,2,duplicates_allowed,0.05,bitonic,1000,1000,0,1000,1000,1.0,1.0,934,66,934,0,1.0,1.0,1.0,1.0,1.0,1.0,1.0,1.0,1.0,1.0,1.0,1.0,0.0,0.0,0.0,0.0
reference,direct,b4_n2_duplicates_allowed,4,2,duplicates_allowed,0.05,rank,1000,1000,0,1000,1000,1.0,1.0,934,66,934,0,1.0,1.0,1.0,1.0,1.0,1.0,1.0,1.0,1.0,1.0,1.0,1.0,0.0,0.0,0.0,0.0
reference,direct,b4_n2_duplicates_allowed,4,2,duplicates_allowed,0.1,bitonic,1000,1000,0,1000,1000,1.0,1.0,934,66,934,0,1.0,1.0,1.0,1.0,1.0,1.0,1.0,1.0,1.0,1.0,1.0,1.0,0.0,0.0,0.0,0.0
reference,direct,b4_n2_duplicates_allowed,4,2,duplicates_allowed,0.1,rank,1000,1000,0,1000,1000,1.0,1.0,934,66,934,0,1.0,1.0,1.0,1.0,1.0,1.0,1.0,1.0,1.0,1.0,1.0,1.0,0.0,0.0,0.0,0.0
reference,direct,b4_n2_duplicates_allowed,4,2,duplicates_allowed,0.15,bitonic,1000,1000,0,1000,1000,1.0,1.0,934,66,934,0,1.0,1.0,1.0,1.0,1.0,1.0,1.0,1.0,1.0,1.0,1.0,1.0,0.0,0.0,0.0,0.0
reference,direct,b4_n2_duplicates_allowed,4,2,duplicates_allowed,0.15,rank,1000,1000,0,1000,1000,1.0,1.0,934,66,934,0,1.0,1.0,1.0,1.0,1.0,1.0,1.0,1.0,1.0,1.0,1.0,1.0,0.0,0.0,0.0,0.0
reference,direct,b4_n2_duplicates_allowed,4,2,duplicates_allowed,0.2,bitonic,1000,1000,0,1000,1000,1.0,1.0,934,66,934,0,1.0,1.0,1.0,1.0,1.0,1.0,1.0,1.0,1.0,1.0,1.0,1.0,0.0,0.0,0.0,0.0
reference,direct,b4_n2_duplicates_allowed,4,2,duplicates_allowed,0.2,rank,1000,1000,0,1000,1000,1.0,1.0,934,66,934,0,1.0,1.0,1.0,1.0,1.0,1.0,1.0,1.0,1.0,1.0,1.0,1.0,0.0,0.0,0.0,0.0
reference,direct,b4_n2_duplicates_allowed,4,2,duplicates_allowed,0.25,bitonic,1000,1000,0,998,997,0.998,0.997,934,66,934,2,0.9957173447537473,1.0,-1.0,1.0,1.0,1.0,1.0,1.0,0.9957173447537473,1.0,-1.0,1.0,0.002,0.0,0.0,0.0
reference,direct,b4_n2_duplicates_allowed,4,2,duplicates_allowed,0.25,rank,1000,1000,0,998,996,0.998,0.996,934,66,934,2,0.9957173447537473,1.0,-1.0,1.0,1.0,1.0,1.0,1.0,0.9957173447537473,1.0,-1.0,1.0,0.002,0.0,0.0,0.0
reference,direct,b4_n4_distinct,4,4,distinct,0.0,bitonic,1000,1000,0,1000,1000,1.0,1.0,1000,0,6000,0,1.0,1.0,1.0,1.0,1.0,1.0,1.0,1.0,1.0,1.0,1.0,1.0,0.0,0.0,0.0,0.0
reference,direct,b4_n4_distinct,4,4,distinct,0.0,rank,1000,1000,0,1000,1000,1.0,1.0,1000,0,6000,0,1.0,1.0,1.0,1.0,1.0,1.0,1.0,1.0,1.0,1.0,1.0,1.0,0.0,0.0,0.0,0.0
reference,direct,b4_n4_distinct,4,4,distinct,0.05,bitonic,1000,1000,0,1000,1000,1.0,1.0,1000,0,6000,0,1.0,1.0,1.0,1.0,1.0,1.0,1.0,1.0,1.0,1.0,1.0,1.0,0.0,0.0,0.0,0.0
reference,direct,b4_n4_distinct,4,4,distinct,0.05,rank,1000,1000,0,1000,1000,1.0,1.0,1000,0,6000,0,1.0,1.0,1.0,1.0,1.0,1.0,1.0,1.0,1.0,1.0,1.0,1.0,0.0,0.0,0.0,0.0
reference,direct,b4_n4_distinct,4,4,distinct,0.1,bitonic,1000,1000,0,1000,1000,1.0,1.0,1000,0,6000,0,1.0,1.0,1.0,1.0,1.0,1.0,1.0,1.0,1.0,1.0,1.0,1.0,0.0,0.0,0.0,0.0
reference,direct,b4_n4_distinct,4,4,distinct,0.1,rank,1000,1000,0,1000,1000,1.0,1.0,1000,0,6000,0,1.0,1.0,1.0,1.0,1.0,1.0,1.0,1.0,1.0,1.0,1.0,1.0,0.0,0.0,0.0,0.0
reference,direct,b4_n4_distinct,4,4,distinct,0.15,bitonic,1000,1000,0,1000,1000,1.0,1.0,1000,0,6000,0,1.0,1.0,1.0,1.0,1.0,1.0,1.0,1.0,1.0,1.0,1.0,1.0,0.0,0.0,0.0,0.0
reference,direct,b4_n4_distinct,4,4,distinct,0.15,rank,1000,1000,0,999,999,0.999,0.999,1000,0,6000,1,0.9996666666666667,1.0,0.6666666666666666,1.0,1.0,1.0,1.0,1.0,0.9996666666666667,1.0,0.6666666666666667,1.0,0.001,0.0,0.0,0.0
reference,direct,b4_n4_distinct,4,4,distinct,0.2,bitonic,1000,1000,0,996,996,0.996,0.996,1000,0,6000,4,0.9986666666666666,1.0,0.6666666666666666,1.0,1.0,1.0,1.0,1.0,0.9986666666666666,1.0,0.6666666666666667,1.0,0.004,0.0,0.0,0.0
reference,direct,b4_n4_distinct,4,4,distinct,0.2,rank,1000,1000,0,997,997,0.997,0.997,1000,0,6000,3,0.999,1.0,0.6666666666666666,1.0,1.0,1.0,1.0,1.0,0.999,1.0,0.6666666666666667,1.0,0.003,0.0,0.0,0.0
reference,direct,b4_n4_distinct,4,4,distinct,0.25,bitonic,1000,1000,0,992,992,0.992,0.992,1000,0,6000,8,0.9973333333333333,1.0,0.6666666666666666,1.0,1.0,1.0,1.0,1.0,0.9973333333333333,1.0,0.6666666666666667,1.0,0.008,0.0,0.0,0.0
reference,direct,b4_n4_distinct,4,4,distinct,0.25,rank,1000,1000,0,994,994,0.994,0.994,1000,0,6000,6,0.998,1.0,0.6666666666666666,1.0,1.0,1.0,1.0,1.0,0.998,1.0,0.6666666666666667,1.0,0.006,0.0,0.0,0.0
reference,direct,b4_n4_duplicates_allowed,4,4,duplicates_allowed,0.0,bitonic,1000,1000,0,1000,1000,1.0,1.0,1000,0,5582,0,0.9630502817063583,1.0,0.7071067811865476,0.9128709291752769,0.9630502817063583,1.0,0.7071067811865476,0.9128709291752769,1.0,1.0,1.0,1.0,0.0,0.0,0.0,0.0
reference,direct,b4_n4_duplicates_allowed,4,4,duplicates_allowed,0.0,rank,1000,1000,0,1000,1000,1.0,1.0,1000,0,5582,0,0.9630502817063583,1.0,0.7071067811865476,0.9128709291752769,0.9630502817063583,1.0,0.7071067811865476,0.9128709291752769,1.0,1.0,1.0,1.0,0.0,0.0,0.0,0.0
reference,direct,b4_n4_duplicates_allowed,4,4,duplicates_allowed,0.05,bitonic,1000,1000,0,1000,1000,1.0,1.0,1000,0,5582,0,0.9630502817063583,1.0,0.7071067811865476,0.9128709291752769,0.9630502817063583,1.0,0.7071067811865476,0.9128709291752769,1.0,1.0,1.0,1.0,0.0,0.0,0.0,0.0
reference,direct,b4_n4_duplicates_allowed,4,4,duplicates_allowed,0.05,rank,1000,1000,0,1000,1000,1.0,1.0,1000,0,5582,0,0.9630502817063583,1.0,0.7071067811865476,0.9128709291752769,0.9630502817063583,1.0,0.7071067811865476,0.9128709291752769,1.0,1.0,1.0,1.0,0.0,0.0,0.0,0.0
reference,direct,b4_n4_duplicates_allowed,4,4,duplicates_allowed,0.1,bitonic,1000,1000,0,1000,1000,1.0,1.0,1000,0,5582,0,0.9630502817063583,1.0,0.7071067811865476,0.9128709291752769,0.9630502817063583,1.0,0.7071067811865476,0.9128709291752769,1.0,1.0,1.0,1.0,0.0,0.0,0.0,0.0
reference,direct,b4_n4_duplicates_allowed,4,4,duplicates_allowed,0.1,rank,1000,1000,0,1000,1000,1.0,1.0,1000,0,5582,0,0.9630502817063583,1.0,0.7071067811865476,0.9128709291752769,0.9630502817063583,1.0,0.7071067811865476,0.9128709291752769,1.0,1.0,1.0,1.0,0.0,0.0,0.0,0.0
reference,direct,b4_n4_duplicates_allowed,4,4,duplicates_allowed,0.15,bitonic,1000,1000,0,1000,1000,1.0,1.0,1000,0,5582,0,0.9630502817063583,1.0,0.7071067811865476,0.9128709291752769,0.9630502817063583,1.0,0.7071067811865476,0.9128709291752769,1.0,1.0,1.0,1.0,0.0,0.0,0.0,0.0
reference,direct,b4_n4_duplicates_allowed,4,4,duplicates_allowed,0.15,rank,1000,1000,0,1000,1000,1.0,1.0,1000,0,5582,0,0.9630502817063583,1.0,0.7071067811865476,0.9128709291752769,0.9630502817063583,1.0,0.7071067811865476,0.9128709291752769,1.0,1.0,1.0,1.0,0.0,0.0,0.0,0.0
reference,direct,b4_n4_duplicates_allowed,4,4,duplicates_allowed,0.2,bitonic,1000,1000,0,997,995,0.997,0.995,1000,0,5582,3,0.9619866516296848,1.0,0.5477225575051661,0.9128709291752769,0.9630502817063583,1.0,0.7071067811865476,0.9128709291752769,0.9988666666666667,1.0,0.6,1.0,0.003,0.0,0.0,0.0
reference,direct,b4_n4_duplicates_allowed,4,4,duplicates_allowed,0.2,rank,1000,999,1,997,997,0.997,0.997,999,0,5579,2,0.9626391474059109,1.0,0.6666666666666666,0.9128709291752769,0.9633064814065784,1.0,0.7071067811865476,0.9128709291752769,0.9993326659993326,1.0,0.6666666666666667,1.0,0.002002002002002002,0.0,0.0,0.0
reference,direct,b4_n4_duplicates_allowed,4,4,duplicates_allowed,0.25,bitonic,1000,1000,0,994,987,0.994,0.987,1000,0,5582,6,0.9609230215530111,1.0,0.5477225575051661,0.9128709291752769,0.9630502817063583,1.0,0.7071067811865476,0.9128709291752769,0.9977333333333334,1.0,0.6,1.0,0.006,0.0,0.0,0.0
reference,direct,b4_n4_duplicates_allowed,4,4,duplicates_allowed,0.25,rank,1000,998,2,991,984,0.991,0.984,998,0,5576,7,0.9611933063850853,1.0,0.5477225575051661,0.9128709291752769,0.9635631945330513,1.0,0.7071067811865476,0.9128709291752769,0.9975951903807614,1.0,0.6,1.0,0.0070140280561122245,0.0,0.0,0.0
reference,direct,b4_n8_distinct,4,8,distinct,0.0,bitonic,1000,1000,0,1000,1000,1.0,1.0,1000,0,28000,0,1.0,1.0,1.0,1.0,1.0,1.0,1.0,1.0,1.0,1.0,1.0,1.0,0.0,0.0,0.0,0.0
reference,direct,b4_n8_distinct,4,8,distinct,0.0,rank,1000,1000,0,1000,1000,1.0,1.0,1000,0,28000,0,1.0,1.0,1.0,1.0,1.0,1.0,1.0,1.0,1.0,1.0,1.0,1.0,0.0,0.0,0.0,0.0
reference,direct,b4_n8_distinct,4,8,distinct,0.05,bitonic,1000,1000,0,1000,1000,1.0,1.0,1000,0,28000,0,1.0,1.0,1.0,1.0,1.0,1.0,1.0,1.0,1.0,1.0,1.0,1.0,0.0,0.0,0.0,0.0
reference,direct,b4_n8_distinct,4,8,distinct,0.05,rank,1000,1000,0,1000,1000,1.0,1.0,1000,0,28000,0,1.0,1.0,1.0,1.0,1.0,1.0,1.0,1.0,1.0,1.0,1.0,1.0,0.0,0.0,0.0,0.0
reference,direct,b4_n8_distinct,4,8,distinct,0.1,bitonic,1000,1000,0,1000,1000,1.0,1.0,1000,0,28000,0,1.0,1.0,1.0,1.0,1.0,1.0,1.0,1.0,1.0,1.0,1.0,1.0,0.0,0.0,0.0,0.0
reference,direct,b4_n8_distinct,4,8,distinct,0.1,rank,1000,1000,0,1000,1000,1.0,1.0,1000,0,28000,0,1.0,1.0,1.0,1.0,1.0,1.0,1.0,1.0,1.0,1.0,1.0,1.0,0.0,0.0,0.0,0.0
reference,direct,b4_n8_distinct,4,8,distinct,0.15,bitonic,1000,1000,0,1000,1000,1.0,1.0,1000,0,28000,0,1.0,1.0,1.0,1.0,1.0,1.0,1.0,1.0,1.0,1.0,1.0,1.0,0.0,0.0,0.0,0.0
reference,direct,b4_n8_distinct,4,8,distinct,0.15,rank,1000,1000,0,1000,1000,1.0,1.0,1000,0,28000,0,1.0,1.0,1.0,1.0,1.0,1.0,1.0,1.0,1.0,1.0,1.0,1.0,0.0,0.0,0.0,0.0
reference,direct,b4_n8_distinct,4,8,distinct,0.2,bitonic,1000,1000,0,989,989,0.989,0.989,1000,0,28000,11,0.9992142857142858,1.0,0.9285714285714286,1.0,1.0,1.0,1.0,1.0,0.9992142857142858,1.0,0.9285714285714286,1.0,0.011,0.0,0.0,0.0
reference,direct,b4_n8_distinct,4,8,distinct,0.2,rank,1000,1000,0,994,994,0.994,0.994,1000,0,28000,6,0.9995714285714287,1.0,0.9285714285714286,1.0,1.0,1.0,1.0,1.0,0.9995714285714287,1.0,0.9285714285714286,1.0,0.006,0.0,0.0,0.0
reference,direct,b4_n8_distinct,4,8,distinct,0.25,bitonic,1000,1000,0,955,955,0.955,0.955,1000,0,28000,45,0.9967857142857145,1.0,0.9285714285714286,1.0,1.0,1.0,1.0,1.0,0.9967857142857145,1.0,0.9285714285714286,1.0,0.045,0.0,0.0,0.0
reference,direct,b4_n8_distinct,4,8,distinct,0.25,rank,1000,1000,0,962,962,0.962,0.962,1000,0,28000,38,0.9972857142857143,1.0,0.9285714285714286,1.0,1.0,1.0,1.0,1.0,0.9972857142857143,1.0,0.9285714285714286,1.0,0.038,0.0,0.0,0.0
reference,direct,b4_n8_duplicates_allowed,4,8,duplicates_allowed,0.0,bitonic,1000,1000,0,1000,1000,1.0,1.0,1000,0,26244,0,0.9678507838121745,0.9636241116594315,0.8017837257372732,0.9258200997725514,0.9678507838121745,0.9636241116594315,0.8017837257372732,0.9258200997725514,1.0,1.0,1.0,1.0,0.0,0.0,0.0,0.0
reference,direct,b4_n8_duplicates_allowed,4,8,duplicates_allowed,0.0,rank,1000,1000,0,1000,1000,1.0,1.0,1000,0,26244,0,0.9678507838121745,0.9636241116594315,0.8017837257372732,0.9258200997725514,0.9678507838121745,0.9636241116594315,0.8017837257372732,0.9258200997725514,1.0,1.0,1.0,1.0,0.0,0.0,0.0,0.0
reference,direct,b4_n8_duplicates_allowed,4,8,duplicates_allowed,0.05,bitonic,1000,1000,0,1000,1000,1.0,1.0,1000,0,26244,0,0.9678507838121745,0.9636241116594315,0.8017837257372732,0.9258200997725514,0.9678507838121745,0.9636241116594315,0.8017837257372732,0.9258200997725514,1.0,1.0,1.0,1.0,0.0,0.0,0.0,0.0
reference,direct,b4_n8_duplicates_allowed,4,8,duplicates_allowed,0.05,rank,1000,1000,0,1000,1000,1.0,1.0,1000,0,26244,0,0.9678507838121745,0.9636241116594315,0.8017837257372732,0.9258200997725514,0.9678507838121745,0.9636241116594315,0.8017837257372732,0.9258200997725514,1.0,1.0,1.0,1.0,0.0,0.0,0.0,0.0
reference,direct,b4_n8_duplicates_allowed,4,8,duplicates_allowed,0.1,bitonic,1000,1000,0,1000,1000,1.0,1.0,1000,0,26244,0,0.9678507838121745,0.9636241116594315,0.8017837257372732,0.9258200997725514,0.9678507838121745,0.9636241116594315,0.8017837257372732,0.9258200997725514,1.0,1.0,1.0,1.0,0.0,0.0,0.0,0.0
reference,direct,b4_n8_duplicates_allowed,4,8,duplicates_allowed,0.1,rank,1000,1000,0,1000,1000,1.0,1.0,1000,0,26244,0,0.9678507838121745,0.9636241116594315,0.8017837257372732,0.9258200997725514,0.9678507838121745,0.9636241116594315,0.8017837257372732,0.9258200997725514,1.0,1.0,1.0,1.0,0.0,0.0,0.0,0.0
reference,direct,b4_n8_duplicates_allowed,4,8,duplicates_allowed,0.15,bitonic,1000,1000,0,999,999,0.999,0.999,1000,0,26244,1,0.9677766588805085,0.9636241116594315,0.8017837257372732,0.9258200997725514,0.9678507838121745,0.9636241116594315,0.8017837257372732,0.9258200997725514,0.9999230769230769,1.0,0.9230769230769231,1.0,0.001,0.0,0.0,0.0
reference,direct,b4_n8_duplicates_allowed,4,8,duplicates_allowed,0.15,rank,1000,1000,0,1000,999,1.0,0.999,1000,0,26244,0,0.9678507838121745,0.9636241116594315,0.8017837257372732,0.9258200997725514,0.9678507838121745,0.9636241116594315,0.8017837257372732,0.9258200997725514,1.0,1.0,1.0,1.0,0.0,0.0,0.0,0.0
reference,direct,b4_n8_duplicates_allowed,4,8,duplicates_allowed,0.2,bitonic,1000,1000,0,991,985,0.991,0.985,1000,0,26244,9,0.9671892019668629,0.9636241116594315,0.8017837257372732,0.9258200997725514,0.9678507838121745,0.9636241116594315,0.8017837257372732,0.9258200997725514,0.9993190883190882,1.0,0.9230769230769231,1.0,0.009,0.0,0.0,0.0
reference,direct,b4_n8_duplicates_allowed,4,8,duplicates_allowed,0.2,rank,1000,997,3,991,977,0.991,0.977,997,0,26171,6,0.9675154984808401,0.9636241116594315,0.8017837257372732,0.9258200997725514,0.9679588893014721,0.9636241116594315,0.8017837257372732,0.9258200997725514,0.9995425593018371,1.0,0.92,1.0,0.006018054162487462,0.0,0.0,0.0
reference,direct,b4_n8_duplicates_allowed,4,8,duplicates_allowed,0.25,bitonic,1000,1000,0,971,935,0.971,0.935,1000,0,26244,32,0.9654973594655653,0.9636241116594315,0.7715167498104595,0.9258200997725514,0.9678507838121745,0.9636241116594315,0.8017837257372732,0.9258200997725514,0.9975760602360602,1.0,0.8333333333333334,1.0,0.032,0.0,0.0,0.0
reference,direct,b4_n8_duplicates_allowed,4,8,duplicates_allowed,0.25,rank,1000,990,10,967,929,0.967,0.929,990,0,25998,23,0.9664613524614241,0.9636241116594315,0.8017837257372732,0.9258200997725514,0.9681631719099263,0.9636241116594315,0.8017837257372732,0.9258200997725514,0.9982540874763096,1.0,0.9166666666666666,1.0,0.023232323232323233,0.0,0.0,0.0
reference,direct,b4_n16_distinct,4,16,distinct,0.0,bitonic,1000,1000,0,1000,1000,1.0,1.0,1000,0,120000,0,1.0,1.0,1.0,1.0,1.0,1.0,1.0,1.0,1.0,1.0,1.0,1.0,0.0,0.0,0.0,0.0
reference,direct,b4_n16_distinct,4,16,distinct,0.0,rank,1000,1000,0,1000,1000,1.0,1.0,1000,0,120000,0,1.0,1.0,1.0,1.0,1.0,1.0,1.0,1.0,1.0,1.0,1.0,1.0,0.0,0.0,0.0,0.0
reference,direct,b4_n16_distinct,4,16,distinct,0.05,bitonic,1000,1000,0,1000,1000,1.0,1.0,1000,0,120000,0,1.0,1.0,1.0,1.0,1.0,1.0,1.0,1.0,1.0,1.0,1.0,1.0,0.0,0.0,0.0,0.0
reference,direct,b4_n16_distinct,4,16,distinct,0.05,rank,1000,1000,0,1000,1000,1.0,1.0,1000,0,120000,0,1.0,1.0,1.0,1.0,1.0,1.0,1.0,1.0,1.0,1.0,1.0,1.0,0.0,0.0,0.0,0.0
reference,direct,b4_n16_distinct,4,16,distinct,0.1,bitonic,1000,1000,0,1000,1000,1.0,1.0,1000,0,120000,0,1.0,1.0,1.0,1.0,1.0,1.0,1.0,1.0,1.0,1.0,1.0,1.0,0.0,0.0,0.0,0.0
reference,direct,b4_n16_distinct,4,16,distinct,0.1,rank,1000,1000,0,1000,1000,1.0,1.0,1000,0,120000,0,1.0,1.0,1.0,1.0,1.0,1.0,1.0,1.0,1.0,1.0,1.0,1.0,0.0,0.0,0.0,0.0
reference,direct,b4_n16_distinct,4,16,distinct,0.15,bitonic,1000,1000,0,996,996,0.996,0.996,1000,0,120000,4,0.9999333333333333,1.0,0.9833333333333333,1.0,1.0,1.0,1.0,1.0,0.9999333333333333,1.0,0.9833333333333333,1.0,0.004,0.0,0.0,0.0
reference,direct,b4_n16_distinct,4,16,distinct,0.15,rank,1000,1000,0,999,999,0.999,0.999,1000,0,120000,1,0.9999833333333333,1.0,0.9833333333333333,1.0,1.0,1.0,1.0,1.0,0.9999833333333333,1.0,0.9833333333333333,1.0,0.001,0.0,0.0,0.0
reference,direct,b4_n16_distinct,4,16,distinct,0.2,bitonic,1000,1000,0,955,955,0.955,0.955,1000,0,120000,46,0.9992333333333333,1.0,0.9666666666666667,1.0,1.0,1.0,1.0,1.0,0.9992333333333333,1.0,0.9666666666666667,1.0,0.046,0.0,0.0,0.0
reference,direct,b4_n16_distinct,4,16,distinct,0.2,rank,1000,1000,0,950,950,0.95,0.95,1000,0,120000,50,0.9991666666666668,1.0,0.9833333333333333,0.9991666666666668,1.0,1.0,1.0,1.0,0.9991666666666668,1.0,0.9833333333333333,0.9991666666666668,0.05,0.0,0.0,0.0
reference,direct,b4_n16_distinct,4,16,distinct,0.25,bitonic,1000,1000,0,843,843,0.843,0.843,1000,0,120000,174,0.9971,1.0,0.9333333333333333,0.9833333333333333,1.0,1.0,1.0,1.0,0.9971,1.0,0.9333333333333333,0.9833333333333333,0.174,0.0,0.0,0.0
reference,direct,b4_n16_distinct,4,16,distinct,0.25,rank,1000,999,1,831,831,0.831,0.831,999,0,119880,181,0.9969803136469804,1.0,0.9666666666666667,0.9833333333333333,1.0,1.0,1.0,1.0,0.9969803136469804,1.0,0.9666666666666667,0.9833333333333333,0.18118118118118118,0.0,0.0,0.0
reference,direct,b4_n16_duplicates_allowed,4,16,duplicates_allowed,0.0,bitonic,1000,1000,0,1000,1000,1.0,1.0,1000,0,112512,0,0.9682258244328024,0.9703951085339758,0.8897565210026094,0.944281031614353,0.9682258244328023,0.9703951085339758,0.8897565210026093,0.944281031614353,1.0,1.0,1.0,1.0,0.0,0.0,0.0,0.0
reference,direct,b4_n16_duplicates_allowed,4,16,duplicates_allowed,0.0,rank,1000,1000,0,1000,1000,1.0,1.0,1000,0,112512,0,0.9682258244328024,0.9703951085339758,0.8897565210026094,0.944281031614353,0.9682258244328023,0.9703951085339758,0.8897565210026093,0.944281031614353,1.0,1.0,1.0,1.0,0.0,0.0,0.0,0.0
reference,direct,b4_n16_duplicates_allowed,4,16,duplicates_allowed,0.05,bitonic,1000,1000,0,1000,1000,1.0,1.0,1000,0,112512,0,0.9682258244328024,0.9703951085339758,0.8897565210026094,0.944281031614353,0.9682258244328023,0.9703951085339758,0.8897565210026093,0.944281031614353,1.0,1.0,1.0,1.0,0.0,0.0,0.0,0.0
reference,direct,b4_n16_duplicates_allowed,4,16,duplicates_allowed,0.05,rank,1000,1000,0,1000,1000,1.0,1.0,1000,0,112512,0,0.9682258244328024,0.9703951085339758,0.8897565210026094,0.944281031614353,0.9682258244328023,0.9703951085339758,0.8897565210026093,0.944281031614353,1.0,1.0,1.0,1.0,0.0,0.0,0.0,0.0
reference,direct,b4_n16_duplicates_allowed,4,16,duplicates_allowed,0.1,bitonic,1000,1000,0,1000,1000,1.0,1.0,1000,0,112512,0,0.9682258244328024,0.9703951085339758,0.8897565210026094,0.944281031614353,0.9682258244328023,0.9703951085339758,0.8897565210026093,0.944281031614353,1.0,1.0,1.0,1.0,0.0,0.0,0.0,0.0
reference,direct,b4_n16_duplicates_allowed,4,16,duplicates_allowed,0.1,rank,1000,1000,0,1000,1000,1.0,1.0,1000,0,112512,0,0.9682258244328024,0.9703951085339758,0.8897565210026094,0.944281031614353,0.9682258244328023,0.9703951085339758,0.8897565210026093,0.944281031614353,1.0,1.0,1.0,1.0,0.0,0.0,0.0,0.0
reference,direct,b4_n16_duplicates_allowed,4,16,duplicates_allowed,0.15,bitonic,1000,1000,0,996,996,0.996,0.996,1000,0,112512,5,0.9681390652149339,0.9703951085339758,0.8897565210026094,0.944281031614353,0.9682258244328023,0.9703951085339758,0.8897565210026093,0.944281031614353,0.9999096497652886,1.0,0.9626168224299065,1.0,0.005,0.0,0.0,0.0
reference,direct,b4_n16_duplicates_allowed,4,16,duplicates_allowed,0.15,rank,1000,998,2,997,996,0.997,0.996,998,0,112288,1,0.9682130418196679,0.9703951085339758,0.8897565210026094,0.944281031614353,0.9682301010687813,0.9703951085339758,0.8897565210026093,0.944281031614353,0.9999825738433389,1.0,0.9826086956521739,1.0,0.001002004008016032,0.0,0.0,0.0
reference,direct,b4_n16_duplicates_allowed,4,16,duplicates_allowed,0.2,bitonic,1000,1000,0,951,915,0.951,0.915,1000,0,112512,58,0.9672230742495638,0.9703951085339758,0.8724941000903998,0.944281031614353,0.9682258244328023,0.9703951085339758,0.8897565210026093,0.944281031614353,0.9989595517278571,1.0,0.941747572815534,1.0,0.058,0.0,0.0,0.0
reference,direct,b4_n16_duplicates_allowed,4,16,duplicates_allowed,0.2,rank,1000,976,24,952,927,0.952,0.927,976,0,109842,26,0.9679018791755825,0.9703951085339758,0.8897565210026094,0.944281031614353,0.9683592601818456,0.9703951085339758,0.8897565210026093,0.944281031614353,0.9995287673142472,1.0,0.9636363636363636,1.0,0.02663934426229508,0.0,0.0,0.0
reference,direct,b4_n16_duplicates_allowed,4,16,duplicates_allowed,0.25,bitonic,1000,1000,0,879,742,0.879,0.742,1000,0,112512,140,0.9658101447658026,0.9703951085339758,0.8724941000903998,0.9400193421607683,0.9682258244328023,0.9703951085339758,0.8897565210026093,0.944281031614353,0.9974985886599647,1.0,0.941747572815534,0.9821428571428571,0.14,0.0,0.0,0.0
reference,direct,b4_n16_duplicates_allowed,4,16,duplicates_allowed,0.25,rank,1000,890,110,802,703,0.802,0.703,890,0,100284,96,0.9670943116281838,0.9703951085339758,0.8897565210026094,0.944281031614353,0.9689455317092301,0.9703951085339758,0.8897565210026093,0.944281031614353,0.9980934958704032,1.0,0.963302752293578,0.9824561403508771,0.10786516853932585,0.0,0.0,0.0
reference,direct,b8_n2_distinct,8,2,distinct,0.0,bitonic,1000,1000,0,1000,1000,1.0,1.0,1000,0,1000,0,1.0,1.0,1.0,1.0,1.0,1.0,1.0,1.0,1.0,1.0,1.0,1.0,0.0,0.0,0.0,0.0
reference,direct,b8_n2_distinct,8,2,distinct,0.0,rank,1000,1000,0,1000,1000,1.0,1.0,1000,0,1000,0,1.0,1.0,1.0,1.0,1.0,1.0,1.0,1.0,1.0,1.0,1.0,1.0,0.0,0.0,0.0,0.0
reference,direct,b8_n2_distinct,8,2,distinct,0.05,bitonic,1000,1000,0,1000,1000,1.0,1.0,1000,0,1000,0,1.0,1.0,1.0,1.0,1.0,1.0,1.0,1.0,1.0,1.0,1.0,1.0,0.0,0.0,0.0,0.0
reference,direct,b8_n2_distinct,8,2,distinct,0.05,rank,1000,1000,0,1000,1000,1.0,1.0,1000,0,1000,0,1.0,1.0,1.0,1.0,1.0,1.0,1.0,1.0,1.0,1.0,1.0,1.0,0.0,0.0,0.0,0.0
reference,direct,b8_n2_distinct,8,2,distinct,0.1,bitonic,1000,1000,0,1000,1000,1.0,1.0,1000,0,1000,0,1.0,1.0,1.0,1.0,1.0,1.0,1.0,1.0,1.0,1.0,1.0,1.0,0.0,0.0,0.0,0.0
reference,direct,b8_n2_distinct,8,2,distinct,0.1,rank,1000,1000,0,1000,1000,1.0,1.0,1000,0,1000,0,1.0,1.0,1.0,1.0,1.0,1.0,1.0,1.0,1.0,1.0,1.0,1.0,0.0,0.0,0.0,0.0
reference,direct,b8_n2_distinct,8,2,distinct,0.15,bitonic,1000,1000,0,1000,1000,1.0,1.0,1000,0,1000,0,1.0,1.0,1.0,1.0,1.0,1.0,1.0,1.0,1.0,1.0,1.0,1.0,0.0,0.0,0.0,0.0
reference,direct,b8_n2_distinct,8,2,distinct,0.15,rank,1000,1000,0,1000,1000,1.0,1.0,1000,0,1000,0,1.0,1.0,1.0,1.0,1.0,1.0,1.0,1.0,1.0,1.0,1.0,1.0,0.0,0.0,0.0,0.0
reference,direct,b8_n2_distinct,8,2,distinct,0.2,bitonic,1000,1000,0,1000,1000,1.0,1.0,1000,0,1000,0,1.0,1.0,1.0,1.0,1.0,1.0,1.0,1.0,1.0,1.0,1.0,1.0,0.0,0.0,0.0,0.0
reference,direct,b8_n2_distinct,8,2,distinct,0.2,rank,1000,1000,0,1000,1000,1.0,1.0,1000,0,1000,0,1.0,1.0,1.0,1.0,1.0,1.0,1.0,1.0,1.0,1.0,1.0,1.0,0.0,0.0,0.0,0.0
reference,direct,b8_n2_distinct,8,2,distinct,0.25,bitonic,1000,1000,0,1000,1000,1.0,1.0,1000,0,1000,0,1.0,1.0,1.0,1.0,1.0,1.0,1.0,1.0,1.0,1.0,1.0,1.0,0.0,0.0,0.0,0.0
reference,direct,b8_n2_distinct,8,2,distinct,0.25,rank,1000,1000,0,1000,1000,1.0,1.0,1000,0,1000,0,1.0,1.0,1.0,1.0,1.0,1.0,1.0,1.0,1.0,1.0,1.0,1.0,0.0,0.0,0.0,0.0
reference,direct,b8_n2_duplicates_allowed,8,2,duplicates_allowed,0.0,bitonic,1000,1000,0,1000,1000,1.0,1.0,994,6,994,0,1.0,1.0,1.0,1.0,1.0,1.0,1.0,1.0,1.0,1.0,1.0,1.0,0.0,0.0,0.0,0.0
reference,direct,b8_n2_duplicates_allowed,8,2,duplicates_allowed,0.0,rank,1000,1000,0,1000,1000,1.0,1.0,994,6,994,0,1.0,1.0,1.0,1.0,1.0,1.0,1.0,1.0,1.0,1.0,1.0,1.0,0.0,0.0,0.0,0.0
reference,direct,b8_n2_duplicates_allowed,8,2,duplicates_allowed,0.05,bitonic,1000,1000,0,1000,1000,1.0,1.0,994,6,994,0,1.0,1.0,1.0,1.0,1.0,1.0,1.0,1.0,1.0,1.0,1.0,1.0,0.0,0.0,0.0,0.0
reference,direct,b8_n2_duplicates_allowed,8,2,duplicates_allowed,0.05,rank,1000,1000,0,1000,1000,1.0,1.0,994,6,994,0,1.0,1.0,1.0,1.0,1.0,1.0,1.0,1.0,1.0,1.0,1.0,1.0,0.0,0.0,0.0,0.0
reference,direct,b8_n2_duplicates_allowed,8,2,duplicates_allowed,0.1,bitonic,1000,1000,0,1000,1000,1.0,1.0,994,6,994,0,1.0,1.0,1.0,1.0,1.0,1.0,1.0,1.0,1.0,1.0,1.0,1.0,0.0,0.0,0.0,0.0
reference,direct,b8_n2_duplicates_allowed,8,2,duplicates_allowed,0.1,rank,1000,1000,0,1000,1000,1.0,1.0,994,6,994,0,1.0,1.0,1.0,1.0,1.0,1.0,1.0,1.0,1.0,1.0,1.0,1.0,0.0,0.0,0.0,0.0
reference,direct,b8_n2_duplicates_allowed,8,2,duplicates_allowed,0.15,bitonic,1000,1000,0,1000,1000,1.0,1.0,994,6,994,0,1.0,1.0,1.0,1.0,1.0,1.0,1.0,1.0,1.0,1.0,1.0,1.0,0.0,0.0,0.0,0.0
reference,direct,b8_n2_duplicates_allowed,8,2,duplicates_allowed,0.15,rank,1000,1000,0,1000,1000,1.0,1.0,994,6,994,0,1.0,1.0,1.0,1.0,1.0,1.0,1.0,1.0,1.0,1.0,1.0,1.0,0.0,0.0,0.0,0.0
reference,direct,b8_n2_duplicates_allowed,8,2,duplicates_allowed,0.2,bitonic,1000,1000,0,1000,1000,1.0,1.0,994,6,994,0,1.0,1.0,1.0,1.0,1.0,1.0,1.0,1.0,1.0,1.0,1.0,1.0,0.0,0.0,0.0,0.0
reference,direct,b8_n2_duplicates_allowed,8,2,duplicates_allowed,0.2,rank,1000,1000,0,1000,1000,1.0,1.0,994,6,994,0,1.0,1.0,1.0,1.0,1.0,1.0,1.0,1.0,1.0,1.0,1.0,1.0,0.0,0.0,0.0,0.0
reference,direct,b8_n2_duplicates_allowed,8,2,duplicates_allowed,0.25,bitonic,1000,1000,0,1000,1000,1.0,1.0,994,6,994,0,1.0,1.0,1.0,1.0,1.0,1.0,1.0,1.0,1.0,1.0,1.0,1.0,0.0,0.0,0.0,0.0
reference,direct,b8_n2_duplicates_allowed,8,2,duplicates_allowed,0.25,rank,1000,1000,0,1000,1000,1.0,1.0,994,6,994,0,1.0,1.0,1.0,1.0,1.0,1.0,1.0,1.0,1.0,1.0,1.0,1.0,0.0,0.0,0.0,0.0
reference,direct,b8_n4_distinct,8,4,distinct,0.0,bitonic,1000,1000,0,1000,1000,1.0,1.0,1000,0,6000,0,1.0,1.0,1.0,1.0,1.0,1.0,1.0,1.0,1.0,1.0,1.0,1.0,0.0,0.0,0.0,0.0
reference,direct,b8_n4_distinct,8,4,distinct,0.0,rank,1000,1000,0,1000,1000,1.0,1.0,1000,0,6000,0,1.0,1.0,1.0,1.0,1.0,1.0,1.0,1.0,1.0,1.0,1.0,1.0,0.0,0.0,0.0,0.0
reference,direct,b8_n4_distinct,8,4,distinct,0.05,bitonic,1000,1000,0,1000,1000,1.0,1.0,1000,0,6000,0,1.0,1.0,1.0,1.0,1.0,1.0,1.0,1.0,1.0,1.0,1.0,1.0,0.0,0.0,0.0,0.0
reference,direct,b8_n4_distinct,8,4,distinct,0.05,rank,1000,1000,0,1000,1000,1.0,1.0,1000,0,6000,0,1.0,1.0,1.0,1.0,1.0,1.0,1.0,1.0,1.0,1.0,1.0,1.0,0.0,0.0,0.0,0.0
reference,direct,b8_n4_distinct,8,4,distinct,0.1,bitonic,1000,1000,0,1000,1000,1.0,1.0,1000,0,6000,0,1.0,1.0,1.0,1.0,1.0,1.0,1.0,1.0,1.0,1.0,1.0,1.0,0.0,0.0,0.0,0.0
reference,direct,b8_n4_distinct,8,4,distinct,0.1,rank,1000,1000,0,1000,1000,1.0,1.0,1000,0,6000,0,1.0,1.0,1.0,1.0,1.0,1.0,1.0,1.0,1.0,1.0,1.0,1.0,0.0,0.0,0.0,0.0
reference,direct,b8_n4_distinct,8,4,distinct,0.15,bitonic,1000,1000,0,1000,1000,1.0,1.0,1000,0,6000,0,1.0,1.0,1.0,1.0,1.0,1.0,1.0,1.0,1.0,1.0,1.0,1.0,0.0,0.0,0.0,0.0
reference,direct,b8_n4_distinct,8,4,distinct,0.15,rank,1000,1000,0,1000,1000,1.0,1.0,1000,0,6000,0,1.0,1.0,1.0,1.0,1.0,1.0,1.0,1.0,1.0,1.0,1.0,1.0,0.0,0.0,0.0,0.0
reference,direct,b8_n4_distinct,8,4,distinct,0.2,bitonic,1000,1000,0,1000,1000,1.0,1.0,1000,0,6000,0,1.0,1.0,1.0,1.0,1.0,1.0,1.0,1.0,1.0,1.0,1.0,1.0,0.0,0.0,0.0,0.0
reference,direct,b8_n4_distinct,8,4,distinct,0.2,rank,1000,1000,0,1000,1000,1.0,1.0,1000,0,6000,0,1.0,1.0,1.0,1.0,1.0,1.0,1.0,1.0,1.0,1.0,1.0,1.0,0.0,0.0,0.0,0.0
reference,direct,b8_n4_distinct,8,4,distinct,0.25,bitonic,1000,1000,0,999,999,0.999,0.999,1000,0,6000,1,0.9996666666666666,1.0,0.6666666666666666,1.0,1.0,1.0,1.0,1.0,0.9996666666666666,1.0,0.6666666666666667,1.0,0.001,0.0,0.0,0.0
reference,direct,b8_n4_distinct,8,4,distinct,0.25,rank,1000,1000,0,1000,1000,1.0,1.0,1000,0,6000,0,1.0,1.0,1.0,1.0,1.0,1.0,1.0,1.0,1.0,1.0,1.0,1.0,0.0,0.0,0.0,0.0
reference,direct,b8_n4_duplicates_allowed,8,4,duplicates_allowed,0.0,bitonic,1000,1000,0,1000,1000,1.0,1.0,1000,0,5976,0,0.9979089023002066,1.0,0.9128709291752769,1.0,0.9979089023002066,1.0,0.9128709291752769,1.0,1.0,1.0,1.0,1.0,0.0,0.0,0.0,0.0
reference,direct,b8_n4_duplicates_allowed,8,4,duplicates_allowed,0.0,rank,1000,1000,0,1000,1000,1.0,1.0,1000,0,5976,0,0.9979089023002066,1.0,0.9128709291752769,1.0,0.9979089023002066,1.0,0.9128709291752769,1.0,1.0,1.0,1.0,1.0,0.0,0.0,0.0,0.0
reference,direct,b8_n4_duplicates_allowed,8,4,duplicates_allowed,0.05,bitonic,1000,1000,0,1000,1000,1.0,1.0,1000,0,5976,0,0.9979089023002066,1.0,0.9128709291752769,1.0,0.9979089023002066,1.0,0.9128709291752769,1.0,1.0,1.0,1.0,1.0,0.0,0.0,0.0,0.0
reference,direct,b8_n4_duplicates_allowed,8,4,duplicates_allowed,0.05,rank,1000,1000,0,1000,1000,1.0,1.0,1000,0,5976,0,0.9979089023002066,1.0,0.9128709291752769,1.0,0.9979089023002066,1.0,0.9128709291752769,1.0,1.0,1.0,1.0,1.0,0.0,0.0,0.0,0.0
reference,direct,b8_n4_duplicates_allowed,8,4,duplicates_allowed,0.1,bitonic,1000,1000,0,1000,1000,1.0,1.0,1000,0,5976,0,0.9979089023002066,1.0,0.9128709291752769,1.0,0.9979089023002066,1.0,0.9128709291752769,1.0,1.0,1.0,1.0,1.0,0.0,0.0,0.0,0.0
reference,direct,b8_n4_duplicates_allowed,8,4,duplicates_allowed,0.1,rank,1000,1000,0,1000,1000,1.0,1.0,1000,0,5976,0,0.9979089023002066,1.0,0.9128709291752769,1.0,0.9979089023002066,1.0,0.9128709291752769,1.0,1.0,1.0,1.0,1.0,0.0,0.0,0.0,0.0
reference,direct,b8_n4_duplicates_allowed,8,4,duplicates_allowed,0.15,bitonic,1000,1000,0,1000,1000,1.0,1.0,1000,0,5976,0,0.9979089023002066,1.0,0.9128709291752769,1.0,0.9979089023002066,1.0,0.9128709291752769,1.0,1.0,1.0,1.0,1.0,0.0,0.0,0.0,0.0
reference,direct,b8_n4_duplicates_allowed,8,4,duplicates_allowed,0.15,rank,1000,1000,0,1000,1000,1.0,1.0,1000,0,5976,0,0.9979089023002066,1.0,0.9128709291752769,1.0,0.9979089023002066,1.0,0.9128709291752769,1.0,1.0,1.0,1.0,1.0,0.0,0.0,0.0,0.0
reference,direct,b8_n4_duplicates_allowed,8,4,duplicates_allowed,0.2,bitonic,1000,1000,0,999,997,0.999,0.997,1000,0,5976,1,0.9975755689668734,1.0,0.6666666666666666,1.0,0.9979089023002066,1.0,0.9128709291752769,1.0,0.9996666666666666,1.0,0.6666666666666667,1.0,0.001,0.0,0.0,0.0
reference,direct,b8_n4_duplicates_allowed,8,4,duplicates_allowed,0.2,rank,1000,1000,0,999,999,0.999,0.999,1000,0,5976,1,0.9975755689668734,1.0,0.6666666666666666,1.0,0.9979089023002066,1.0,0.9128709291752769,1.0,0.9996666666666667,1.0,0.6666666666666667,1.0,0.001,0.0,0.0,0.0
reference,direct,b8_n4_duplicates_allowed,8,4,duplicates_allowed,0.25,bitonic,1000,1000,0,999,997,0.999,0.997,1000,0,5976,1,0.9975755689668734,1.0,0.6666666666666666,1.0,0.9979089023002066,1.0,0.9128709291752769,1.0,0.9996666666666666,1.0,0.6666666666666667,1.0,0.001,0.0,0.0,0.0
reference,direct,b8_n4_duplicates_allowed,8,4,duplicates_allowed,0.25,rank,1000,1000,0,999,998,0.999,0.998,1000,0,5976,1,0.9975755689668734,1.0,0.6666666666666666,1.0,0.9979089023002066,1.0,0.9128709291752769,1.0,0.9996666666666667,1.0,0.6666666666666667,1.0,0.001,0.0,0.0,0.0
reference,direct,b8_n8_distinct,8,8,distinct,0.0,bitonic,1000,1000,0,1000,1000,1.0,1.0,1000,0,28000,0,1.0,1.0,1.0,1.0,1.0,1.0,1.0,1.0,1.0,1.0,1.0,1.0,0.0,0.0,0.0,0.0
reference,direct,b8_n8_distinct,8,8,distinct,0.0,rank,1000,1000,0,1000,1000,1.0,1.0,1000,0,28000,0,1.0,1.0,1.0,1.0,1.0,1.0,1.0,1.0,1.0,1.0,1.0,1.0,0.0,0.0,0.0,0.0
reference,direct,b8_n8_distinct,8,8,distinct,0.05,bitonic,1000,1000,0,1000,1000,1.0,1.0,1000,0,28000,0,1.0,1.0,1.0,1.0,1.0,1.0,1.0,1.0,1.0,1.0,1.0,1.0,0.0,0.0,0.0,0.0
reference,direct,b8_n8_distinct,8,8,distinct,0.05,rank,1000,1000,0,1000,1000,1.0,1.0,1000,0,28000,0,1.0,1.0,1.0,1.0,1.0,1.0,1.0,1.0,1.0,1.0,1.0,1.0,0.0,0.0,0.0,0.0
reference,direct,b8_n8_distinct,8,8,distinct,0.1,bitonic,1000,1000,0,1000,1000,1.0,1.0,1000,0,28000,0,1.0,1.0,1.0,1.0,1.0,1.0,1.0,1.0,1.0,1.0,1.0,1.0,0.0,0.0,0.0,0.0
reference,direct,b8_n8_distinct,8,8,distinct,0.1,rank,1000,1000,0,1000,1000,1.0,1.0,1000,0,28000,0,1.0,1.0,1.0,1.0,1.0,1.0,1.0,1.0,1.0,1.0,1.0,1.0,0.0,0.0,0.0,0.0
reference,direct,b8_n8_distinct,8,8,distinct,0.15,bitonic,1000,1000,0,1000,1000,1.0,1.0,1000,0,28000,0,1.0,1.0,1.0,1.0,1.0,1.0,1.0,1.0,1.0,1.0,1.0,1.0,0.0,0.0,0.0,0.0
reference,direct,b8_n8_distinct,8,8,distinct,0.15,rank,1000,1000,0,1000,1000,1.0,1.0,1000,0,28000,0,1.0,1.0,1.0,1.0,1.0,1.0,1.0,1.0,1.0,1.0,1.0,1.0,0.0,0.0,0.0,0.0
reference,direct,b8_n8_distinct,8,8,distinct,0.2,bitonic,1000,1000,0,999,999,0.999,0.999,1000,0,28000,1,0.9999285714285715,1.0,0.9285714285714286,1.0,1.0,1.0,1.0,1.0,0.9999285714285715,1.0,0.9285714285714286,1.0,0.001,0.0,0.0,0.0
reference,direct,b8_n8_distinct,8,8,distinct,0.2,rank,1000,1000,0,998,998,0.998,0.998,1000,0,28000,2,0.9998571428571429,1.0,0.9285714285714286,1.0,1.0,1.0,1.0,1.0,0.9998571428571429,1.0,0.9285714285714286,1.0,0.002,0.0,0.0,0.0
reference,direct,b8_n8_distinct,8,8,distinct,0.25,bitonic,1000,1000,0,998,998,0.998,0.998,1000,0,28000,2,0.9998571428571429,1.0,0.9285714285714286,1.0,1.0,1.0,1.0,1.0,0.9998571428571429,1.0,0.9285714285714286,1.0,0.002,0.0,0.0,0.0
reference,direct,b8_n8_distinct,8,8,distinct,0.25,rank,1000,1000,0,996,996,0.996,0.996,1000,0,28000,4,0.9997142857142858,1.0,0.9285714285714286,1.0,1.0,1.0,1.0,1.0,0.9997142857142858,1.0,0.9285714285714286,1.0,0.004,0.0,0.0,0.0
reference,direct,b8_n8_duplicates_allowed,8,8,duplicates_allowed,0.0,bitonic,1000,1000,0,1000,1000,1.0,1.0,1000,0,27873,0,0.9977070444078736,1.0,0.9258200997725514,0.9819805060619657,0.9977070444078736,1.0,0.9258200997725514,0.9819805060619657,1.0,1.0,1.0,1.0,0.0,0.0,0.0,0.0
reference,direct,b8_n8_duplicates_allowed,8,8,duplicates_allowed,0.0,rank,1000,1000,0,1000,1000,1.0,1.0,1000,0,27873,0,0.9977070444078736,1.0,0.9258200997725514,0.9819805060619657,0.9977070444078736,1.0,0.9258200997725514,0.9819805060619657,1.0,1.0,1.0,1.0,0.0,0.0,0.0,0.0
reference,direct,b8_n8_duplicates_allowed,8,8,duplicates_allowed,0.05,bitonic,1000,1000,0,1000,1000,1.0,1.0,1000,0,27873,0,0.9977070444078736,1.0,0.9258200997725514,0.9819805060619657,0.9977070444078736,1.0,0.9258200997725514,0.9819805060619657,1.0,1.0,1.0,1.0,0.0,0.0,0.0,0.0
reference,direct,b8_n8_duplicates_allowed,8,8,duplicates_allowed,0.05,rank,1000,1000,0,1000,1000,1.0,1.0,1000,0,27873,0,0.9977070444078736,1.0,0.9258200997725514,0.9819805060619657,0.9977070444078736,1.0,0.9258200997725514,0.9819805060619657,1.0,1.0,1.0,1.0,0.0,0.0,0.0,0.0
reference,direct,b8_n8_duplicates_allowed,8,8,duplicates_allowed,0.1,bitonic,1000,1000,0,1000,1000,1.0,1.0,1000,0,27873,0,0.9977070444078736,1.0,0.9258200997725514,0.9819805060619657,0.9977070444078736,1.0,0.9258200997725514,0.9819805060619657,1.0,1.0,1.0,1.0,0.0,0.0,0.0,0.0
reference,direct,b8_n8_duplicates_allowed,8,8,duplicates_allowed,0.1,rank,1000,1000,0,1000,1000,1.0,1.0,1000,0,27873,0,0.9977070444078736,1.0,0.9258200997725514,0.9819805060619657,0.9977070444078736,1.0,0.9258200997725514,0.9819805060619657,1.0,1.0,1.0,1.0,0.0,0.0,0.0,0.0
reference,direct,b8_n8_duplicates_allowed,8,8,duplicates_allowed,0.15,bitonic,1000,1000,0,1000,1000,1.0,1.0,1000,0,27873,0,0.9977070444078736,1.0,0.9258200997725514,0.9819805060619657,0.9977070444078736,1.0,0.9258200997725514,0.9819805060619657,1.0,1.0,1.0,1.0,0.0,0.0,0.0,0.0
reference,direct,b8_n8_duplicates_allowed,8,8,duplicates_allowed,0.15,rank,1000,1000,0,999,999,0.999,0.999,1000,0,27873,1,0.9976356158364449,1.0,0.9258200997725514,0.9819805060619657,0.9977070444078736,1.0,0.9258200997725514,0.9819805060619657,0.9999285714285715,1.0,0.9285714285714286,1.0,0.001,0.0,0.0,0.0
reference,direct,b8_n8_duplicates_allowed,8,8,duplicates_allowed,0.2,bitonic,1000,1000,0,998,996,0.998,0.996,1000,0,27873,2,0.9975641872650164,1.0,0.9258200997725514,0.9819805060619657,0.9977070444078736,1.0,0.9258200997725514,0.9819805060619657,0.9998571428571429,1.0,0.9285714285714286,1.0,0.002,0.0,0.0,0.0
reference,direct,b8_n8_duplicates_allowed,8,8,duplicates_allowed,0.2,rank,1000,1000,0,999,999,0.999,0.999,1000,0,27873,1,0.9976356158364449,1.0,0.9258200997725514,0.9819805060619657,0.9977070444078736,1.0,0.9258200997725514,0.9819805060619657,0.9999285714285715,1.0,0.9285714285714286,1.0,0.001,0.0,0.0,0.0
reference,direct,b8_n8_duplicates_allowed,8,8,duplicates_allowed,0.25,bitonic,1000,1000,0,998,994,0.998,0.994,1000,0,27873,2,0.9975641872650164,1.0,0.9258200997725514,0.9819805060619657,0.9977070444078736,1.0,0.9258200997725514,0.9819805060619657,0.9998571428571429,1.0,0.9285714285714286,1.0,0.002,0.0,0.0,0.0
reference,direct,b8_n8_duplicates_allowed,8,8,duplicates_allowed,0.25,rank,1000,1000,0,996,995,0.996,0.995,1000,0,27873,4,0.9974213301221593,1.0,0.9258200997725514,0.9819805060619657,0.9977070444078736,1.0,0.9258200997725514,0.9819805060619657,0.9997142857142858,1.0,0.9285714285714286,1.0,0.004,0.0,0.0,0.0
reference,direct,b8_n16_distinct,8,16,distinct,0.0,bitonic,1000,1000,0,1000,1000,1.0,1.0,1000,0,120000,0,1.0,1.0,1.0,1.0,1.0,1.0,1.0,1.0,1.0,1.0,1.0,1.0,0.0,0.0,0.0,0.0
reference,direct,b8_n16_distinct,8,16,distinct,0.0,rank,1000,1000,0,1000,1000,1.0,1.0,1000,0,120000,0,1.0,1.0,1.0,1.0,1.0,1.0,1.0,1.0,1.0,1.0,1.0,1.0,0.0,0.0,0.0,0.0
reference,direct,b8_n16_distinct,8,16,distinct,0.05,bitonic,1000,1000,0,1000,1000,1.0,1.0,1000,0,120000,0,1.0,1.0,1.0,1.0,1.0,1.0,1.0,1.0,1.0,1.0,1.0,1.0,0.0,0.0,0.0,0.0
reference,direct,b8_n16_distinct,8,16,distinct,0.05,rank,1000,1000,0,1000,1000,1.0,1.0,1000,0,120000,0,1.0,1.0,1.0,1.0,1.0,1.0,1.0,1.0,1.0,1.0,1.0,1.0,0.0,0.0,0.0,0.0
reference,direct,b8_n16_distinct,8,16,distinct,0.1,bitonic,1000,1000,0,1000,1000,1.0,1.0,1000,0,120000,0,1.0,1.0,1.0,1.0,1.0,1.0,1.0,1.0,1.0,1.0,1.0,1.0,0.0,0.0,0.0,0.0
reference,direct,b8_n16_distinct,8,16,distinct,0.1,rank,1000,1000,0,1000,1000,1.0,1.0,1000,0,120000,0,1.0,1.0,1.0,1.0,1.0,1.0,1.0,1.0,1.0,1.0,1.0,1.0,0.0,0.0,0.0,0.0
reference,direct,b8_n16_distinct,8,16,distinct,0.15,bitonic,1000,1000,0,1000,1000,1.0,1.0,1000,0,120000,0,1.0,1.0,1.0,1.0,1.0,1.0,1.0,1.0,1.0,1.0,1.0,1.0,0.0,0.0,0.0,0.0
reference,direct,b8_n16_distinct,8,16,distinct,0.15,rank,1000,1000,0,999,999,0.999,0.999,1000,0,120000,1,0.9999833333333333,1.0,0.9833333333333333,1.0,1.0,1.0,1.0,1.0,0.9999833333333333,1.0,0.9833333333333333,1.0,0.001,0.0,0.0,0.0
reference,direct,b8_n16_distinct,8,16,distinct,0.2,bitonic,1000,1000,0,1000,1000,1.0,1.0,1000,0,120000,0,1.0,1.0,1.0,1.0,1.0,1.0,1.0,1.0,1.0,1.0,1.0,1.0,0.0,0.0,0.0,0.0
reference,direct,b8_n16_distinct,8,16,distinct,0.2,rank,1000,1000,0,996,996,0.996,0.996,1000,0,120000,4,0.9999333333333333,1.0,0.9833333333333333,1.0,1.0,1.0,1.0,1.0,0.9999333333333333,1.0,0.9833333333333333,1.0,0.004,0.0,0.0,0.0
reference,direct,b8_n16_distinct,8,16,distinct,0.25,bitonic,1000,1000,0,990,990,0.99,0.99,1000,0,120000,10,0.9998333333333332,1.0,0.9833333333333333,1.0,1.0,1.0,1.0,1.0,0.9998333333333332,1.0,0.9833333333333333,1.0,0.01,0.0,0.0,0.0
reference,direct,b8_n16_distinct,8,16,distinct,0.25,rank,1000,1000,0,986,986,0.986,0.986,1000,0,120000,14,0.9997666666666667,1.0,0.9833333333333333,1.0,1.0,1.0,1.0,1.0,0.9997666666666667,1.0,0.9833333333333333,1.0,0.014,0.0,0.0,0.0
reference,direct,b8_n16_duplicates_allowed,8,16,duplicates_allowed,0.0,bitonic,1000,1000,0,1000,1000,1.0,1.0,1000,0,119550,0,0.9981197027175688,1.0,0.9831920802501751,0.9916316520429012,0.9981197027175688,1.0,0.983192080250175,0.991631652042901,1.0,1.0,1.0,1.0,0.0,0.0,0.0,0.0
reference,direct,b8_n16_duplicates_allowed,8,16,duplicates_allowed,0.0,rank,1000,1000,0,1000,1000,1.0,1.0,1000,0,119550,0,0.9981197027175688,1.0,0.9831920802501751,0.9916316520429012,0.9981197027175688,1.0,0.983192080250175,0.991631652042901,1.0,1.0,1.0,1.0,0.0,0.0,0.0,0.0
reference,direct,b8_n16_duplicates_allowed,8,16,duplicates_allowed,0.05,bitonic,1000,1000,0,1000,1000,1.0,1.0,1000,0,119550,0,0.9981197027175688,1.0,0.9831920802501751,0.9916316520429012,0.9981197027175688,1.0,0.983192080250175,0.991631652042901,1.0,1.0,1.0,1.0,0.0,0.0,0.0,0.0
reference,direct,b8_n16_duplicates_allowed,8,16,duplicates_allowed,0.05,rank,1000,1000,0,1000,1000,1.0,1.0,1000,0,119550,0,0.9981197027175688,1.0,0.9831920802501751,0.9916316520429012,0.9981197027175688,1.0,0.983192080250175,0.991631652042901,1.0,1.0,1.0,1.0,0.0,0.0,0.0,0.0
reference,direct,b8_n16_duplicates_allowed,8,16,duplicates_allowed,0.1,bitonic,1000,1000,0,1000,1000,1.0,1.0,1000,0,119550,0,0.9981197027175688,1.0,0.9831920802501751,0.9916316520429012,0.9981197027175688,1.0,0.983192080250175,0.991631652042901,1.0,1.0,1.0,1.0,0.0,0.0,0.0,0.0
reference,direct,b8_n16_duplicates_allowed,8,16,duplicates_allowed,0.1,rank,1000,1000,0,1000,1000,1.0,1.0,1000,0,119550,0,0.9981197027175688,1.0,0.9831920802501751,0.9916316520429012,0.9981197027175688,1.0,0.983192080250175,0.991631652042901,1.0,1.0,1.0,1.0,0.0,0.0,0.0,0.0
reference,direct,b8_n16_duplicates_allowed,8,16,duplicates_allowed,0.15,bitonic,1000,1000,0,999,999,0.999,0.999,1000,0,119550,1,0.9981030360509021,1.0,0.9831920802501751,0.9916316520429012,0.9981197027175688,1.0,0.983192080250175,0.991631652042901,0.9999833333333333,1.0,0.9833333333333333,1.0,0.001,0.0,0.0,0.0
reference,direct,b8_n16_duplicates_allowed,8,16,duplicates_allowed,0.15,rank,1000,1000,0,1000,1000,1.0,1.0,1000,0,119550,0,0.9981197027175688,1.0,0.9831920802501751,0.9916316520429012,0.9981197027175688,1.0,0.983192080250175,0.991631652042901,1.0,1.0,1.0,1.0,0.0,0.0,0.0,0.0
reference,direct,b8_n16_duplicates_allowed,8,16,duplicates_allowed,0.2,bitonic,1000,1000,0,998,993,0.998,0.993,1000,0,119550,2,0.9980863693842355,1.0,0.9831920802501751,0.9916316520429012,0.9981197027175688,1.0,0.983192080250175,0.991631652042901,0.9999666666666667,1.0,0.9833333333333333,1.0,0.002,0.0,0.0,0.0
reference,direct,b8_n16_duplicates_allowed,8,16,duplicates_allowed,0.2,rank,1000,1000,0,999,998,0.999,0.998,1000,0,119550,1,0.9981029661693935,1.0,0.9790880682441959,0.9916316520429012,0.9981197027175688,1.0,0.983192080250175,0.991631652042901,0.9999831932773109,1.0,0.9831932773109243,1.0,0.001,0.0,0.0,0.0
reference,direct,b8_n16_duplicates_allowed,8,16,duplicates_allowed,0.25,bitonic,1000,1000,0,990,973,0.99,0.973,1000,0,119550,10,0.9979528962878852,1.0,0.9790880682441959,0.9916316520429012,0.9981197027175688,1.0,0.983192080250175,0.991631652042901,0.9998330532212886,1.0,0.9831932773109243,1.0,0.01,0.0,0.0,0.0
reference,direct,b8_n16_duplicates_allowed,8,16,duplicates_allowed,0.25,rank,1000,1000,0,993,979,0.993,0.979,1000,0,119550,7,0.9980028264063767,1.0,0.9790880682441959,0.9916316520429012,0.9981197027175688,1.0,0.983192080250175,0.991631652042901,0.9998829131652661,1.0,0.9831932773109243,1.0,0.007,0.0,0.0,0.0
reference,direct,b8_n32_distinct,8,32,distinct,0.0,bitonic,1000,1000,0,1000,1000,1.0,1.0,1000,0,496000,0,1.0,1.0,1.0,1.0,1.0,1.0,1.0,1.0,1.0,1.0,1.0,1.0,0.0,0.0,0.0,0.0
reference,direct,b8_n32_distinct,8,32,distinct,0.0,rank,1000,1000,0,1000,1000,1.0,1.0,1000,0,496000,0,1.0,1.0,1.0,1.0,1.0,1.0,1.0,1.0,1.0,1.0,1.0,1.0,0.0,0.0,0.0,0.0
reference,direct,b8_n32_distinct,8,32,distinct,0.05,bitonic,1000,1000,0,1000,1000,1.0,1.0,1000,0,496000,0,1.0,1.0,1.0,1.0,1.0,1.0,1.0,1.0,1.0,1.0,1.0,1.0,0.0,0.0,0.0,0.0
reference,direct,b8_n32_distinct,8,32,distinct,0.05,rank,1000,1000,0,1000,1000,1.0,1.0,1000,0,496000,0,1.0,1.0,1.0,1.0,1.0,1.0,1.0,1.0,1.0,1.0,1.0,1.0,0.0,0.0,0.0,0.0
reference,direct,b8_n32_distinct,8,32,distinct,0.1,bitonic,1000,1000,0,1000,1000,1.0,1.0,1000,0,496000,0,1.0,1.0,1.0,1.0,1.0,1.0,1.0,1.0,1.0,1.0,1.0,1.0,0.0,0.0,0.0,0.0
reference,direct,b8_n32_distinct,8,32,distinct,0.1,rank,1000,1000,0,1000,1000,1.0,1.0,1000,0,496000,0,1.0,1.0,1.0,1.0,1.0,1.0,1.0,1.0,1.0,1.0,1.0,1.0,0.0,0.0,0.0,0.0
reference,direct,b8_n32_distinct,8,32,distinct,0.15,bitonic,1000,1000,0,998,998,0.998,0.998,1000,0,496000,2,0.999991935483871,1.0,0.9959677419354839,1.0,1.0,1.0,1.0,1.0,0.999991935483871,1.0,0.9959677419354839,1.0,0.002,0.0,0.0,0.0
reference,direct,b8_n32_distinct,8,32,distinct,0.15,rank,1000,1000,0,1000,1000,1.0,1.0,1000,0,496000,0,1.0,1.0,1.0,1.0,1.0,1.0,1.0,1.0,1.0,1.0,1.0,1.0,0.0,0.0,0.0,0.0
reference,direct,b8_n32_distinct,8,32,distinct,0.2,bitonic,1000,1000,0,989,989,0.989,0.989,1000,0,496000,11,0.9999556451612903,1.0,0.9959677419354839,1.0,1.0,1.0,1.0,1.0,0.9999556451612903,1.0,0.9959677419354839,1.0,0.011,0.0,0.0,0.0
reference,direct,b8_n32_distinct,8,32,distinct,0.2,rank,1000,1000,0,991,991,0.991,0.991,1000,0,496000,9,0.9999637096774194,1.0,0.9959677419354839,1.0,1.0,1.0,1.0,1.0,0.9999637096774194,1.0,0.9959677419354839,1.0,0.009,0.0,0.0,0.0
reference,direct,b8_n32_distinct,8,32,distinct,0.25,bitonic,1000,1000,0,961,961,0.961,0.961,1000,0,496000,39,0.999842741935484,1.0,0.9959677419354839,1.0,1.0,1.0,1.0,1.0,0.999842741935484,1.0,0.9959677419354839,1.0,0.039,0.0,0.0,0.0
reference,direct,b8_n32_distinct,8,32,distinct,0.25,rank,1000,1000,0,963,963,0.963,0.963,1000,0,496000,38,0.9998467741935484,1.0,0.9919354838709677,1.0,1.0,1.0,1.0,1.0,0.9998467741935484,1.0,0.9919354838709677,1.0,0.038,0.0,0.0,0.0
reference,direct,b8_n32_duplicates_allowed,8,32,duplicates_allowed,0.0,bitonic,1000,1000,0,1000,1000,1.0,1.0,1000,0,493996,0,0.9979768032846634,0.9979818344716921,0.9919027007433417,0.9949469105629253,0.9979768032846634,0.9979818344716921,0.9919027007433419,0.9949469105629253,1.0,1.0,1.0,1.0,0.0,0.0,0.0,0.0
reference,direct,b8_n32_duplicates_allowed,8,32,duplicates_allowed,0.0,rank,1000,1000,0,1000,1000,1.0,1.0,1000,0,493996,0,0.9979768032846634,0.9979818344716921,0.9919027007433417,0.9949469105629253,0.9979768032846634,0.9979818344716921,0.9919027007433419,0.9949469105629253,1.0,1.0,1.0,1.0,0.0,0.0,0.0,0.0
reference,direct,b8_n32_duplicates_allowed,8,32,duplicates_allowed,0.05,bitonic,1000,1000,0,1000,1000,1.0,1.0,1000,0,493996,0,0.9979768032846634,0.9979818344716921,0.9919027007433417,0.9949469105629253,0.9979768032846634,0.9979818344716921,0.9919027007433419,0.9949469105629253,1.0,1.0,1.0,1.0,0.0,0.0,0.0,0.0
reference,direct,b8_n32_duplicates_allowed,8,32,duplicates_allowed,0.05,rank,1000,1000,0,1000,1000,1.0,1.0,1000,0,493996,0,0.9979768032846634,0.9979818344716921,0.9919027007433417,0.9949469105629253,0.9979768032846634,0.9979818344716921,0.9919027007433419,0.9949469105629253,1.0,1.0,1.0,1.0,0.0,0.0,0.0,0.0
reference,direct,b8_n32_duplicates_allowed,8,32,duplicates_allowed,0.1,bitonic,1000,1000,0,1000,1000,1.0,1.0,1000,0,493996,0,0.9979768032846634,0.9979818344716921,0.9919027007433417,0.9949469105629253,0.9979768032846634,0.9979818344716921,0.9919027007433419,0.9949469105629253,1.0,1.0,1.0,1.0,0.0,0.0,0.0,0.0
reference,direct,b8_n32_duplicates_allowed,8,32,duplicates_allowed,0.1,rank,1000,1000,0,1000,1000,1.0,1.0,1000,0,493996,0,0.9979768032846634,0.9979818344716921,0.9919027007433417,0.9949469105629253,0.9979768032846634,0.9979818344716921,0.9919027007433419,0.9949469105629253,1.0,1.0,1.0,1.0,0.0,0.0,0.0,0.0
reference,direct,b8_n32_duplicates_allowed,8,32,duplicates_allowed,0.15,bitonic,1000,1000,0,999,999,0.999,0.999,1000,0,493996,1,0.997972766955666,0.9979818344716921,0.9919027007433417,0.9949469105629253,0.9979768032846634,0.9979818344716921,0.9919027007433419,0.9949469105629253,0.9999959595959595,1.0,0.9959595959595959,1.0,0.001,0.0,0.0,0.0
reference,direct,b8_n32_duplicates_allowed,8,32,duplicates_allowed,0.15,rank,1000,1000,0,998,998,0.998,0.998,1000,0,493996,2,0.9979687224476754,0.9979818344716921,0.9919027007433417,0.9949469105629253,0.9979768032846634,0.9979818344716921,0.9919027007433419,0.9949469105629253,0.9999919028008277,1.0,0.9959432048681541,1.0,0.002,0.0,0.0,0.0
reference,direct,b8_n32_duplicates_allowed,8,32,duplicates_allowed,0.2,bitonic,1000,1000,0,984,974,0.984,0.974,1000,0,493996,16,0.9979121524929897,0.9979818344716921,0.9919027007433417,0.9949469105629253,0.9979768032846634,0.9979818344716921,0.9919027007433419,0.9949469105629253,0.9999352141942822,1.0,0.9959349593495935,1.0,0.016,0.0,0.0,0.0
reference,direct,b8_n32_duplicates_allowed,8,32,duplicates_allowed,0.2,rank,1000,998,2,987,974,0.987,0.974,998,0,493013,11,0.9979373535145925,0.9979818344716921,0.9919027007433417,0.9949469105629253,0.9979818667092256,0.9979818344716921,0.9919027007433419,0.9958076791053092,0.9999554171838699,1.0,0.9959432048681541,1.0,0.011022044088176353,0.0,0.0,0.0
reference,direct,b8_n32_duplicates_allowed,8,32,duplicates_allowed,0.25,bitonic,1000,1000,0,953,911,0.953,0.911,1000,0,493996,50,0.9977747862939202,0.9979818344716921,0.9878623470831774,0.9949469105629253,0.9979768032846634,0.9979818344716921,0.9919027007433419,0.9949469105629253,0.9997975778004639,1.0,0.991869918699187,1.0,0.05,0.0,0.0,0.0
reference,direct,b8_n32_duplicates_allowed,8,32,duplicates_allowed,0.25,rank,1000,993,7,940,893,0.94,0.893,993,0,490549,53,0.9977723914209806,0.9979818344716921,0.9898763396877416,0.9949469105629253,0.9979879774392427,0.9979818344716921,0.9919027007433419,0.9959595794363182,0.9997840432043319,1.0,0.9959183673469387,0.9959677419354839,0.05337361530715005,0.0,0.0,0.0
reference,direct,b8_n64_distinct,8,64,distinct,0.0,bitonic,1000,1000,0,1000,1000,1.0,1.0,1000,0,2016000,0,1.0,1.0,1.0,1.0,1.0,1.0,1.0,1.0,1.0,1.0,1.0,1.0,0.0,0.0,0.0,0.0
reference,direct,b8_n64_distinct,8,64,distinct,0.0,rank,1000,1000,0,1000,1000,1.0,1.0,1000,0,2016000,0,1.0,1.0,1.0,1.0,1.0,1.0,1.0,1.0,1.0,1.0,1.0,1.0,0.0,0.0,0.0,0.0
reference,direct,b8_n64_distinct,8,64,distinct,0.05,bitonic,1000,1000,0,1000,1000,1.0,1.0,1000,0,2016000,0,1.0,1.0,1.0,1.0,1.0,1.0,1.0,1.0,1.0,1.0,1.0,1.0,0.0,0.0,0.0,0.0
reference,direct,b8_n64_distinct,8,64,distinct,0.05,rank,1000,1000,0,1000,1000,1.0,1.0,1000,0,2016000,0,1.0,1.0,1.0,1.0,1.0,1.0,1.0,1.0,1.0,1.0,1.0,1.0,0.0,0.0,0.0,0.0
reference,direct,b8_n64_distinct,8,64,distinct,0.1,bitonic,1000,1000,0,1000,1000,1.0,1.0,1000,0,2016000,0,1.0,1.0,1.0,1.0,1.0,1.0,1.0,1.0,1.0,1.0,1.0,1.0,0.0,0.0,0.0,0.0
reference,direct,b8_n64_distinct,8,64,distinct,0.1,rank,1000,1000,0,1000,1000,1.0,1.0,1000,0,2016000,0,1.0,1.0,1.0,1.0,1.0,1.0,1.0,1.0,1.0,1.0,1.0,1.0,0.0,0.0,0.0,0.0
reference,direct,b8_n64_distinct,8,64,distinct,0.15,bitonic,1000,1000,0,998,998,0.998,0.998,1000,0,2016000,2,0.999998015873016,1.0,0.9990079365079365,1.0,1.0,1.0,1.0,1.0,0.999998015873016,1.0,0.9990079365079365,1.0,0.002,0.0,0.0,0.0
reference,direct,b8_n64_distinct,8,64,distinct,0.15,rank,1000,1000,0,997,997,0.997,0.997,1000,0,2016000,3,0.9999970238095238,1.0,0.9990079365079365,1.0,1.0,1.0,1.0,1.0,0.9999970238095238,1.0,0.9990079365079365,1.0,0.003,0.0,0.0,0.0
reference,direct,b8_n64_distinct,8,64,distinct,0.2,bitonic,1000,1000,0,953,953,0.953,0.953,1000,0,2016000,48,0.9999523809523809,1.0,0.998015873015873,1.0,1.0,1.0,1.0,1.0,0.9999523809523809,1.0,0.998015873015873,1.0,0.048,0.0,0.0,0.0
reference,direct,b8_n64_distinct,8,64,distinct,0.2,rank,1000,1000,0,950,950,0.95,0.95,1000,0,2016000,50,0.9999503968253969,1.0,0.9990079365079365,0.9999503968253969,1.0,1.0,1.0,1.0,0.9999503968253969,1.0,0.9990079365079365,0.9999503968253969,0.05,0.0,0.0,0.0
reference,direct,b8_n64_distinct,8,64,distinct,0.25,bitonic,1000,1000,0,840,840,0.84,0.84,1000,0,2016000,175,0.9998263888888889,1.0,0.998015873015873,0.9990079365079365,1.0,1.0,1.0,1.0,0.9998263888888889,1.0,0.998015873015873,0.9990079365079365,0.175,0.0,0.0,0.0
reference,direct,b8_n64_distinct,8,64,distinct,0.25,rank,1000,999,1,843,843,0.843,0.843,999,0,2013984,168,0.9998331664998332,1.0,0.9970238095238095,0.9990079365079365,1.0,1.0,1.0,1.0,0.9998331664998332,1.0,0.9970238095238095,0.9990079365079365,0.16816816816816818,0.0,0.0,0.0
reference,direct,b8_n64_duplicates_allowed,8,64,duplicates_allowed,0.0,bitonic,1000,1000,0,1000,1000,1.0,1.0,1000,0,2008102,0,0.9980390040549327,0.9980139007206994,0.9940297973880049,0.9967705790710254,0.9980390040549328,0.9980139007206994,0.9940297973880049,0.9967705790710254,1.0,1.0,1.0,1.0,0.0,0.0,0.0,0.0
reference,direct,b8_n64_duplicates_allowed,8,64,duplicates_allowed,0.0,rank,1000,1000,0,1000,1000,1.0,1.0,1000,0,2008102,0,0.9980390040549327,0.9980139007206994,0.9940297973880049,0.9967705790710254,0.9980390040549328,0.9980139007206994,0.9940297973880049,0.9967705790710254,1.0,1.0,1.0,1.0,0.0,0.0,0.0,0.0
reference,direct,b8_n64_duplicates_allowed,8,64,duplicates_allowed,0.05,bitonic,1000,1000,0,1000,1000,1.0,1.0,1000,0,2008102,0,0.9980390040549327,0.9980139007206994,0.9940297973880049,0.9967705790710254,0.9980390040549328,0.9980139007206994,0.9940297973880049,0.9967705790710254,1.0,1.0,1.0,1.0,0.0,0.0,0.0,0.0
reference,direct,b8_n64_duplicates_allowed,8,64,duplicates_allowed,0.05,rank,1000,1000,0,1000,1000,1.0,1.0,1000,0,2008102,0,0.9980390040549327,0.9980139007206994,0.9940297973880049,0.9967705790710254,0.9980390040549328,0.9980139007206994,0.9940297973880049,0.9967705790710254,1.0,1.0,1.0,1.0,0.0,0.0,0.0,0.0
reference,direct,b8_n64_duplicates_allowed,8,64,duplicates_allowed,0.1,bitonic,1000,1000,0,1000,1000,1.0,1.0,1000,0,2008102,0,0.9980390040549327,0.9980139007206994,0.9940297973880049,0.9967705790710254,0.9980390040549328,0.9980139007206994,0.9940297973880049,0.9967705790710254,1.0,1.0,1.0,1.0,0.0,0.0,0.0,0.0
reference,direct,b8_n64_duplicates_allowed,8,64,duplicates_allowed,0.1,rank,1000,1000,0,1000,1000,1.0,1.0,1000,0,2008102,0,0.9980390040549327,0.9980139007206994,0.9940297973880049,0.9967705790710254,0.9980390040549328,0.9980139007206994,0.9940297973880049,0.9967705790710254,1.0,1.0,1.0,1.0,0.0,0.0,0.0,0.0
reference,direct,b8_n64_duplicates_allowed,8,64,duplicates_allowed,0.15,bitonic,1000,1000,0,997,993,0.997,0.993,1000,0,2008102,3,0.9980360226832259,0.9980139007206994,0.9940297973880049,0.9967705790710254,0.9980390040549328,0.9980139007206994,0.9940297973880049,0.9967705790710254,0.999997013437549,1.0,0.9990034877927254,1.0,0.003,0.0,0.0,0.0
reference,direct,b8_n64_duplicates_allowed,8,64,duplicates_allowed,0.15,rank,1000,998,2,994,989,0.994,0.989,998,0,2004080,4,0.9980335778086988,0.9980139007206994,0.9940297973880049,0.9967705790710254,0.9980375609369851,0.9980139007206994,0.9940297973880049,0.9967705790710254,0.9999960099372641,1.0,0.9990034877927254,1.0,0.004008016032064128,0.0,0.0,0.0
reference,direct,b8_n64_duplicates_allowed,8,64,duplicates_allowed,0.2,bitonic,1000,1000,0,949,903,0.949,0.903,1000,0,2008102,56,0.997983337910053,0.9980139007206994,0.9927894684207168,0.9967705790710254,0.9980390040549328,0.9980139007206994,0.9940297973880049,0.9967705790710254,0.9999442230250088,1.0,0.9960059910134798,0.9990064333324445,0.056,0.0,0.0,0.0
reference,direct,b8_n64_duplicates_allowed,8,64,duplicates_allowed,0.2,rank,1000,990,10,948,908,0.948,0.908,990,0,1988020,44,0.9979945788563462,0.9980139007206994,0.9940297973880049,0.9967705790710254,0.9980387590880022,0.9980139007206994,0.9940297973880049,0.9967705790710254,0.9999557310523368,1.0,0.9980069755854509,1.0,0.044444444444444446,0.0,0.0,0.0
reference,direct,b8_n64_duplicates_allowed,8,64,duplicates_allowed,0.25,bitonic,1000,1000,0,843,703,0.843,0.703,1000,0,2008102,182,0.9978581014504384,0.9980139007206994,0.9927894684207168,0.9965217285917831,0.9980390040549328,0.9980139007206994,0.9940297973880049,0.9967705790710254,0.9998187496068445,1.0,0.9960059910134798,0.9990034877927254,0.182,0.0,0.0,0.0
reference,direct,b8_n64_duplicates_allowed,8,64,duplicates_allowed,0.25,rank,1000,961,39,828,712,0.828,0.712,961,0,1929821,151,0.9978918610208243,0.9980139007206994,0.9940297973880049,0.9965217285917831,0.9980480546227143,0.9980139007206994,0.9940297973880049,0.9967705790710254,0.9998434930273358,1.0,0.9970074812967581,0.9990034877927254,0.1571279916753382,0.0,0.0,0.0
reference,direct,b8_n128_distinct,8,128,distinct,0.0,bitonic,1000,1000,0,1000,1000,1.0,1.0,1000,0,8128000,0,1.0,1.0,1.0,1.0,1.0,1.0,1.0,1.0,1.0,1.0,1.0,1.0,0.0,0.0,0.0,0.0
reference,direct,b8_n128_distinct,8,128,distinct,0.0,rank,1000,1000,0,1000,1000,1.0,1.0,1000,0,8128000,0,1.0,1.0,1.0,1.0,1.0,1.0,1.0,1.0,1.0,1.0,1.0,1.0,0.0,0.0,0.0,0.0
reference,direct,b8_n128_distinct,8,128,distinct,0.05,bitonic,1000,1000,0,1000,1000,1.0,1.0,1000,0,8128000,0,1.0,1.0,1.0,1.0,1.0,1.0,1.0,1.0,1.0,1.0,1.0,1.0,0.0,0.0,0.0,0.0
reference,direct,b8_n128_distinct,8,128,distinct,0.05,rank,1000,1000,0,1000,1000,1.0,1.0,1000,0,8128000,0,1.0,1.0,1.0,1.0,1.0,1.0,1.0,1.0,1.0,1.0,1.0,1.0,0.0,0.0,0.0,0.0
reference,direct,b8_n128_distinct,8,128,distinct,0.1,bitonic,1000,1000,0,1000,1000,1.0,1.0,1000,0,8128000,0,1.0,1.0,1.0,1.0,1.0,1.0,1.0,1.0,1.0,1.0,1.0,1.0,0.0,0.0,0.0,0.0
reference,direct,b8_n128_distinct,8,128,distinct,0.1,rank,1000,1000,0,1000,1000,1.0,1.0,1000,0,8128000,0,1.0,1.0,1.0,1.0,1.0,1.0,1.0,1.0,1.0,1.0,1.0,1.0,0.0,0.0,0.0,0.0
reference,direct,b8_n128_distinct,8,128,distinct,0.15,bitonic,1000,1000,0,987,987,0.987,0.987,1000,0,8128000,13,0.9999968011811025,1.0,0.999753937007874,1.0,1.0,1.0,1.0,1.0,0.9999968011811025,1.0,0.999753937007874,1.0,0.013,0.0,0.0,0.0
reference,direct,b8_n128_distinct,8,128,distinct,0.15,rank,1000,1000,0,989,989,0.989,0.989,1000,0,8128000,11,0.9999972933070866,1.0,0.999753937007874,1.0,1.0,1.0,1.0,1.0,0.9999972933070866,1.0,0.999753937007874,1.0,0.011,0.0,0.0,0.0
reference,direct,b8_n128_distinct,8,128,distinct,0.2,bitonic,1000,1000,0,818,818,0.818,0.818,1000,0,8128000,206,0.9999493110236222,1.0,0.999261811023622,0.999753937007874,1.0,1.0,1.0,1.0,0.9999493110236222,1.0,0.999261811023622,0.999753937007874,0.206,0.0,0.0,0.0
reference,direct,b8_n128_distinct,8,128,distinct,0.2,rank,1000,1000,0,843,843,0.843,0.843,1000,0,8128000,175,0.9999569389763779,1.0,0.999507874015748,0.999753937007874,1.0,1.0,1.0,1.0,0.9999569389763779,1.0,0.999507874015748,0.999753937007874,0.175,0.0,0.0,0.0
reference,direct,b8_n128_distinct,8,128,distinct,0.25,bitonic,1000,1000,0,497,497,0.497,0.497,1000,0,8128000,715,0.9998240649606299,0.999753937007874,0.9985236220472441,0.999507874015748,1.0,1.0,1.0,1.0,0.9998240649606299,0.999753937007874,0.9985236220472441,0.999507874015748,0.715,1.0,0.0,0.0
reference,direct,b8_n128_distinct,8,128,distinct,0.25,rank,1000,996,4,509,509,0.509,0.509,996,0,8095488,671,0.999834228646871,1.0,0.99876968503937,0.999507874015748,1.0,1.0,1.0,1.0,0.999834228646871,1.0,0.99876968503937,0.999507874015748,0.6736947791164659,0.0,0.0,0.0
reference,direct,b8_n128_duplicates_allowed,8,128,duplicates_allowed,0.0,bitonic,1000,1000,0,1000,1000,1.0,1.0,1000,0,8096298,0,0.9980478603180561,0.9980911900332792,0.9967343330640624,0.9974746656739796,0.9980478603180561,0.9980911900332791,0.9967343330640624,0.9974746656739796,1.0,1.0,1.0,1.0,0.0,0.0,0.0,0.0
reference,direct,b8_n128_duplicates_allowed,8,128,duplicates_allowed,0.0,rank,1000,1000,0,1000,1000,1.0,1.0,1000,0,8096298,0,0.9980478603180561,0.9980911900332792,0.9967343330640624,0.9974746656739796,0.9980478603180561,0.9980911900332791,0.9967343330640624,0.9974746656739796,1.0,1.0,1.0,1.0,0.0,0.0,0.0,0.0
reference,direct,b8_n128_duplicates_allowed,8,128,duplicates_allowed,0.05,bitonic,1000,1000,0,1000,1000,1.0,1.0,1000,0,8096298,0,0.9980478603180561,0.9980911900332792,0.9967343330640624,0.9974746656739796,0.9980478603180561,0.9980911900332791,0.9967343330640624,0.9974746656739796,1.0,1.0,1.0,1.0,0.0,0.0,0.0,0.0
reference,direct,b8_n128_duplicates_allowed,8,128,duplicates_allowed,0.05,rank,1000,1000,0,1000,1000,1.0,1.0,1000,0,8096298,0,0.9980478603180561,0.9980911900332792,0.9967343330640624,0.9974746656739796,0.9980478603180561,0.9980911900332791,0.9967343330640624,0.9974746656739796,1.0,1.0,1.0,1.0,0.0,0.0,0.0,0.0
reference,direct,b8_n128_duplicates_allowed,8,128,duplicates_allowed,0.1,bitonic,1000,1000,0,1000,1000,1.0,1.0,1000,0,8096298,0,0.9980478603180561,0.9980911900332792,0.9967343330640624,0.9974746656739796,0.9980478603180561,0.9980911900332791,0.9967343330640624,0.9974746656739796,1.0,1.0,1.0,1.0,0.0,0.0,0.0,0.0
reference,direct,b8_n128_duplicates_allowed,8,128,duplicates_allowed,0.1,rank,1000,1000,0,1000,1000,1.0,1.0,1000,0,8096298,0,0.9980478603180561,0.9980911900332792,0.9967343330640624,0.9974746656739796,0.9980478603180561,0.9980911900332791,0.9967343330640624,0.9974746656739796,1.0,1.0,1.0,1.0,0.0,0.0,0.0,0.0
reference,direct,b8_n128_duplicates_allowed,8,128,duplicates_allowed,0.15,bitonic,1000,1000,0,988,975,0.988,0.975,1000,0,8096298,12,0.9980449018232743,0.9980911900332792,0.9967343330640624,0.9974746656739796,0.9980478603180561,0.9980911900332791,0.9967343330640624,0.9974746656739796,0.9999970357548537,1.0,0.9997526895016694,1.0,0.012,0.0,0.0,0.0
reference,direct,b8_n128_duplicates_allowed,8,128,duplicates_allowed,0.15,rank,1000,995,5,985,973,0.985,0.973,995,0,8055827,10,0.9980460319906126,0.9980911900332792,0.9967343330640624,0.9974746656739796,0.9980485101135494,0.9980911900332791,0.9967343330640624,0.9974746656739796,0.9999975167379651,1.0,0.9997524752475248,1.0,0.010050251256281407,0.0,0.0,0.0
reference,direct,b8_n128_duplicates_allowed,8,128,duplicates_allowed,0.2,bitonic,1000,1000,0,824,680,0.824,0.68,1000,0,8096298,202,0.9979980581800099,0.9980295547357223,0.9965492862107711,0.997351315068713,0.9980478603180561,0.9980911900332791,0.9967343330640624,0.9974746656739796,0.9999501002502595,1.0,0.9992592592592593,0.9997528117661599,0.202,0.0,0.0,0.0
reference,direct,b8_n128_duplicates_allowed,8,128,duplicates_allowed,0.2,rank,1000,923,77,809,680,0.809,0.68,923,0,7472963,124,0.9980200783555869,0.9980295547357223,0.9967343330640624,0.9974129922782009,0.9980531991778939,0.9980911900332791,0.9967343330640624,0.9974746656739796,0.9999668154459628,1.0,0.9995054401582592,0.9997529339098209,0.13434452871072589,0.0,0.0,0.0
reference,direct,b8_n128_duplicates_allowed,8,128,duplicates_allowed,0.25,bitonic,1000,1000,0,534,254,0.534,0.254,1000,0,8096298,666,0.9978836617675219,0.9979063031693696,0.9962405946947428,0.9971663825594411,0.9980478603180561,0.9980911900332791,0.9967343330640624,0.9974746656739796,0.9998354802030942,1.0,0.9990103908955963,0.9995053759448363,0.666,0.0,0.0,0.0
reference,direct,b8_n128_duplicates_allowed,8,128,duplicates_allowed,0.25,rank,1000,753,247,478,251,0.478,0.251,753,0,6096807,369,0.9979511665789329,0.9979679156315203,0.9964874638794026,0.997289664550709,0.9980719763584815,0.9980911900332791,0.9967343330640624,0.9974746656739796,0.9998789606612565,1.0,0.9990121017535194,0.9995058678196418,0.4900398406374502,0.0,0.0,0.0
reference,direct,b8_n256_distinct,8,256,distinct,0.0,bitonic,1000,1000,0,1000,1000,1.0,1.0,1000,0,32640000,0,1.0,1.0,1.0,1.0,1.0,1.0,1.0,1.0,1.0,1.0,1.0,1.0,0.0,0.0,0.0,0.0
reference,direct,b8_n256_distinct,8,256,distinct,0.0,rank,1000,1000,0,1000,1000,1.0,1.0,1000,0,32640000,0,1.0,1.0,1.0,1.0,1.0,1.0,1.0,1.0,1.0,1.0,1.0,1.0,0.0,0.0,0.0,0.0
reference,direct,b8_n256_distinct,8,256,distinct,0.05,bitonic,1000,1000,0,1000,1000,1.0,1.0,1000,0,32640000,0,1.0,1.0,1.0,1.0,1.0,1.0,1.0,1.0,1.0,1.0,1.0,1.0,0.0,0.0,0.0,0.0
reference,direct,b8_n256_distinct,8,256,distinct,0.05,rank,1000,1000,0,1000,1000,1.0,1.0,1000,0,32640000,0,1.0,1.0,1.0,1.0,1.0,1.0,1.0,1.0,1.0,1.0,1.0,1.0,0.0,0.0,0.0,0.0
reference,direct,b8_n256_distinct,8,256,distinct,0.1,bitonic,1000,1000,0,1000,1000,1.0,1.0,1000,0,32640000,0,1.0,1.0,1.0,1.0,1.0,1.0,1.0,1.0,1.0,1.0,1.0,1.0,0.0,0.0,0.0,0.0
reference,direct,b8_n256_distinct,8,256,distinct,0.1,rank,1000,1000,0,1000,1000,1.0,1.0,1000,0,32640000,0,1.0,1.0,1.0,1.0,1.0,1.0,1.0,1.0,1.0,1.0,1.0,1.0,0.0,0.0,0.0,0.0
reference,direct,b8_n256_distinct,8,256,distinct,0.15,bitonic,1000,1000,0,939,939,0.939,0.939,1000,0,32640000,62,0.9999962009803921,1.0,0.9998774509803922,0.999938725490196,1.0,1.0,1.0,1.0,0.9999962009803921,1.0,0.9998774509803922,0.999938725490196,0.062,0.0,0.0,0.0
reference,direct,b8_n256_distinct,8,256,distinct,0.15,rank,1000,1000,0,961,961,0.961,0.961,1000,0,32640000,40,0.9999975490196079,1.0,0.9998774509803922,1.0,1.0,1.0,1.0,1.0,0.9999975490196079,1.0,0.9998774509803922,1.0,0.04,0.0,0.0,0.0
reference,direct,b8_n256_distinct,8,256,distinct,0.2,bitonic,1000,1000,0,447,447,0.447,0.447,1000,0,32640000,771,0.9999527573529413,0.999938725490196,0.9996936274509803,0.9998774509803922,1.0,1.0,1.0,1.0,0.9999527573529413,0.999938725490196,0.9996936274509803,0.9998774509803922,0.771,1.0,0.0,0.0
reference,direct,b8_n256_distinct,8,256,distinct,0.2,rank,1000,999,1,454,454,0.454,0.454,999,0,32607360,783,0.9999519740328564,0.999938725490196,0.9996936274509803,0.9998774509803922,1.0,1.0,1.0,1.0,0.9999519740328564,0.999938725490196,0.9996936274509803,0.9998774509803922,0.7837837837837838,1.0,0.0,0.0
reference,direct,b8_n256_distinct,8,256,distinct,0.25,bitonic,1000,1000,0,59,59,0.059,0.059,1000,0,32640000,2847,0.9998255514705884,0.9998161764705882,0.9992647058823529,0.9996323529411765,1.0,1.0,1.0,1.0,0.9998255514705884,0.9998161764705882,0.9992647058823529,0.9996323529411765,2.847,3.0,0.0,0.0
reference,direct,b8_n256_distinct,8,256,distinct,0.25,rank,1000,984,16,40,40,0.04,0.04,984,0,32117760,2843,0.9998229639925077,0.9998161764705882,0.9994485294117647,0.9996323529411765,1.0,1.0,1.0,1.0,0.9998229639925077,0.9998161764705882,0.9994485294117647,0.9996323529411765,2.8892276422764227,3.0,0.0,1.0
reference,direct,b8_n256_duplicates_allowed,8,256,duplicates_allowed,0.0,bitonic,1000,1000,0,1000,1000,1.0,1.0,1000,0,32512599,0,0.9980464683663344,0.9980526382047447,0.9974999385719181,0.9977456206515827,0.9980464683663345,0.9980526382047447,0.9974999385719181,0.9977456206515826,1.0,1.0,1.0,1.0,0.0,0.0,0.0,0.0
reference,direct,b8_n256_duplicates_allowed,8,256,duplicates_allowed,0.0,rank,1000,1000,0,1000,1000,1.0,1.0,1000,0,32512599,0,0.9980464683663344,0.9980526382047447,0.9974999385719181,0.9977456206515827,0.9980464683663345,0.9980526382047447,0.9974999385719181,0.9977456206515826,1.0,1.0,1.0,1.0,0.0,0.0,0.0,0.0
reference,direct,b8_n256_duplicates_allowed,8,256,duplicates_allowed,0.05,bitonic,1000,1000,0,1000,1000,1.0,1.0,1000,0,32512599,0,0.9980464683663344,0.9980526382047447,0.9974999385719181,0.9977456206515827,0.9980464683663345,0.9980526382047447,0.9974999385719181,0.9977456206515826,1.0,1.0,1.0,1.0,0.0,0.0,0.0,0.0
reference,direct,b8_n256_duplicates_allowed,8,256,duplicates_allowed,0.05,rank,1000,1000,0,1000,1000,1.0,1.0,1000,0,32512599,0,0.9980464683663344,0.9980526382047447,0.9974999385719181,0.9977456206515827,0.9980464683663345,0.9980526382047447,0.9974999385719181,0.9977456206515826,1.0,1.0,1.0,1.0,0.0,0.0,0.0,0.0
reference,direct,b8_n256_duplicates_allowed,8,256,duplicates_allowed,0.1,bitonic,1000,1000,0,1000,1000,1.0,1.0,1000,0,32512599,0,0.9980464683663344,0.9980526382047447,0.9974999385719181,0.9977456206515827,0.9980464683663345,0.9980526382047447,0.9974999385719181,0.9977456206515826,1.0,1.0,1.0,1.0,0.0,0.0,0.0,0.0
reference,direct,b8_n256_duplicates_allowed,8,256,duplicates_allowed,0.1,rank,1000,1000,0,1000,1000,1.0,1.0,1000,0,32512599,0,0.9980464683663344,0.9980526382047447,0.9974999385719181,0.9977456206515827,0.9980464683663345,0.9980526382047447,0.9974999385719181,0.9977456206515826,1.0,1.0,1.0,1.0,0.0,0.0,0.0,0.0
reference,direct,b8_n256_duplicates_allowed,8,256,duplicates_allowed,0.15,bitonic,1000,1000,0,955,904,0.955,0.904,1000,0,32512599,56,0.9980430302446409,0.9980526382047447,0.9974999385719181,0.9977456206515827,0.9980464683663345,0.9980526382047447,0.9974999385719181,0.9977456206515826,0.9999965551157773,1.0,0.9998768965623365,1.0,0.056,0.0,0.0,0.0
reference,direct,b8_n256_duplicates_allowed,8,256,duplicates_allowed,0.15,rank,1000,976,24,947,907,0.947,0.907,976,0,31732371,29,0.9980458138840649,0.9980526382047447,0.9974999385719181,0.9977609737729342,0.9980476381027281,0.9980526382047447,0.9974999385719181,0.997760973772934,0.9999981722122102,1.0,0.9999384596449121,1.0,0.02971311475409836,0.0,0.0,0.0
reference,direct,b8_n256_duplicates_allowed,8,256,duplicates_allowed,0.2,bitonic,1000,1000,0,548,237,0.548,0.237,1000,0,32512599,688,0.9980042290351233,0.9980219406995254,0.9972696776696423,0.9976995616655194,0.9980464683663345,0.9980526382047447,0.9974999385719181,0.9977456206515826,0.9999576780375716,1.0,0.999507601403336,0.9998769113361361,0.688,0.0,0.0,0.0
reference,direct,b8_n256_duplicates_allowed,8,256,duplicates_allowed,0.2,rank,1000,580,420,383,213,0.383,0.213,580,0,18857831,246,0.9980342854642125,0.9980372895701588,0.9974845833240429,0.9977602064947808,0.9980603246416024,0.9980679866032939,0.997546008570876,0.997776326658042,0.9999739103907697,1.0,0.9997539748439278,0.9998769983917318,0.4241379310344828,0.0,0.0,0.0
reference,direct,b8_n256_duplicates_allowed,8,256,duplicates_allowed,0.25,bitonic,1000,1000,0,104,5,0.104,0.005,1000,0,32512599,2584,0.9978878250596642,0.9978991459573063,0.9969626686289473,0.9975460251125607,0.9980464683663345,0.9980526382047447,0.9974999385719181,0.9977456206515826,0.9998410461081508,0.9998769268637888,0.9991384085174472,0.999630939566354,2.584,2.0,0.0,0.0
reference,direct,b8_n256_duplicates_allowed,8,256,duplicates_allowed,0.25,rank,1000,137,863,31,6,0.031,0.006,137,0,4454531,219,0.9979824922024682,0.9979759096635157,0.9974231580772096,0.9976289399986207,0.9980806307158181,0.9980679866032939,0.997546008570876,0.9978008907072646,0.9999016723705404,0.9999384710044609,0.9995077983203617,0.9997416557869635,1.5985401459854014,1.0,0.0,0.0
periodic,upstream,b4_n2_distinct,4,2,distinct,0.0,bitonic,1000,1000,0,1000,1000,1.0,1.0,1000,0,1000,0,1.0,1.0,1.0,1.0,1.0,1.0,1.0,1.0,1.0,1.0,1.0,1.0,0.0,0.0,0.0,0.0
periodic,upstream,b4_n2_distinct,4,2,distinct,0.0,rank,1000,1000,0,1000,1000,1.0,1.0,1000,0,1000,0,1.0,1.0,1.0,1.0,1.0,1.0,1.0,1.0,1.0,1.0,1.0,1.0,0.0,0.0,0.0,0.0
periodic,upstream,b4_n2_distinct,4,2,distinct,0.05,bitonic,1000,1000,0,1000,1000,1.0,1.0,1000,0,1000,0,1.0,1.0,1.0,1.0,1.0,1.0,1.0,1.0,1.0,1.0,1.0,1.0,0.0,0.0,0.0,0.0
periodic,upstream,b4_n2_distinct,4,2,distinct,0.05,rank,1000,1000,0,1000,1000,1.0,1.0,1000,0,1000,0,1.0,1.0,1.0,1.0,1.0,1.0,1.0,1.0,1.0,1.0,1.0,1.0,0.0,0.0,0.0,0.0
periodic,upstream,b4_n2_distinct,4,2,distinct,0.1,bitonic,1000,1000,0,1000,1000,1.0,1.0,1000,0,1000,0,1.0,1.0,1.0,1.0,1.0,1.0,1.0,1.0,1.0,1.0,1.0,1.0,0.0,0.0,0.0,0.0
periodic,upstream,b4_n2_distinct,4,2,distinct,0.1,rank,1000,1000,0,1000,1000,1.0,1.0,1000,0,1000,0,1.0,1.0,1.0,1.0,1.0,1.0,1.0,1.0,1.0,1.0,1.0,1.0,0.0,0.0,0.0,0.0
periodic,upstream,b4_n2_distinct,4,2,distinct,0.15,bitonic,1000,1000,0,1000,1000,1.0,1.0,1000,0,1000,0,1.0,1.0,1.0,1.0,1.0,1.0,1.0,1.0,1.0,1.0,1.0,1.0,0.0,0.0,0.0,0.0
periodic,upstream,b4_n2_distinct,4,2,distinct,0.15,rank,1000,1000,0,1000,1000,1.0,1.0,1000,0,1000,0,1.0,1.0,1.0,1.0,1.0,1.0,1.0,1.0,1.0,1.0,1.0,1.0,0.0,0.0,0.0,0.0
periodic,upstream,b4_n2_distinct,4,2,distinct,0.2,bitonic,1000,1000,0,1000,1000,1.0,1.0,1000,0,1000,0,1.0,1.0,1.0,1.0,1.0,1.0,1.0,1.0,1.0,1.0,1.0,1.0,0.0,0.0,0.0,0.0
periodic,upstream,b4_n2_distinct,4,2,distinct,0.2,rank,1000,1000,0,1000,1000,1.0,1.0,1000,0,1000,0,1.0,1.0,1.0,1.0,1.0,1.0,1.0,1.0,1.0,1.0,1.0,1.0,0.0,0.0,0.0,0.0
periodic,upstream,b4_n2_distinct,4,2,distinct,0.25,bitonic,1000,1000,0,1000,1000,1.0,1.0,1000,0,1000,0,1.0,1.0,1.0,1.0,1.0,1.0,1.0,1.0,1.0,1.0,1.0,1.0,0.0,0.0,0.0,0.0
periodic,upstream,b4_n2_distinct,4,2,distinct,0.25,rank,1000,1000,0,998,998,0.998,0.998,1000,0,1000,2,0.996,1.0,-1.0,1.0,1.0,1.0,1.0,1.0,0.996,1.0,-1.0,1.0,0.002,0.0,0.0,0.0
periodic,output,b4_n2_distinct,4,2,distinct,0.0,bitonic,1000,1000,0,1000,1000,1.0,1.0,1000,0,1000,0,1.0,1.0,1.0,1.0,1.0,1.0,1.0,1.0,1.0,1.0,1.0,1.0,0.0,0.0,0.0,0.0
periodic,output,b4_n2_distinct,4,2,distinct,0.0,rank,1000,1000,0,1000,1000,1.0,1.0,1000,0,1000,0,1.0,1.0,1.0,1.0,1.0,1.0,1.0,1.0,1.0,1.0,1.0,1.0,0.0,0.0,0.0,0.0
periodic,output,b4_n2_distinct,4,2,distinct,0.05,bitonic,1000,1000,0,1000,1000,1.0,1.0,1000,0,1000,0,1.0,1.0,1.0,1.0,1.0,1.0,1.0,1.0,1.0,1.0,1.0,1.0,0.0,0.0,0.0,0.0
periodic,output,b4_n2_distinct,4,2,distinct,0.05,rank,1000,1000,0,1000,1000,1.0,1.0,1000,0,1000,0,1.0,1.0,1.0,1.0,1.0,1.0,1.0,1.0,1.0,1.0,1.0,1.0,0.0,0.0,0.0,0.0
periodic,output,b4_n2_distinct,4,2,distinct,0.1,bitonic,1000,1000,0,1000,1000,1.0,1.0,1000,0,1000,0,1.0,1.0,1.0,1.0,1.0,1.0,1.0,1.0,1.0,1.0,1.0,1.0,0.0,0.0,0.0,0.0
periodic,output,b4_n2_distinct,4,2,distinct,0.1,rank,1000,1000,0,1000,1000,1.0,1.0,1000,0,1000,0,1.0,1.0,1.0,1.0,1.0,1.0,1.0,1.0,1.0,1.0,1.0,1.0,0.0,0.0,0.0,0.0
periodic,output,b4_n2_distinct,4,2,distinct,0.15,bitonic,1000,1000,0,1000,1000,1.0,1.0,1000,0,1000,0,1.0,1.0,1.0,1.0,1.0,1.0,1.0,1.0,1.0,1.0,1.0,1.0,0.0,0.0,0.0,0.0
periodic,output,b4_n2_distinct,4,2,distinct,0.15,rank,1000,1000,0,1000,1000,1.0,1.0,1000,0,1000,0,1.0,1.0,1.0,1.0,1.0,1.0,1.0,1.0,1.0,1.0,1.0,1.0,0.0,0.0,0.0,0.0
periodic,output,b4_n2_distinct,4,2,distinct,0.2,bitonic,1000,1000,0,1000,1000,1.0,1.0,1000,0,1000,0,1.0,1.0,1.0,1.0,1.0,1.0,1.0,1.0,1.0,1.0,1.0,1.0,0.0,0.0,0.0,0.0
periodic,output,b4_n2_distinct,4,2,distinct,0.2,rank,1000,1000,0,1000,1000,1.0,1.0,1000,0,1000,0,1.0,1.0,1.0,1.0,1.0,1.0,1.0,1.0,1.0,1.0,1.0,1.0,0.0,0.0,0.0,0.0
periodic,output,b4_n2_distinct,4,2,distinct,0.25,bitonic,1000,1000,0,1000,1000,1.0,1.0,1000,0,1000,0,1.0,1.0,1.0,1.0,1.0,1.0,1.0,1.0,1.0,1.0,1.0,1.0,0.0,0.0,0.0,0.0
periodic,output,b4_n2_distinct,4,2,distinct,0.25,rank,1000,1000,0,1000,1000,1.0,1.0,1000,0,1000,0,1.0,1.0,1.0,1.0,1.0,1.0,1.0,1.0,1.0,1.0,1.0,1.0,0.0,0.0,0.0,0.0
periodic,upstream,b4_n2_duplicates_allowed,4,2,duplicates_allowed,0.0,bitonic,1000,1000,0,1000,1000,1.0,1.0,934,66,934,0,1.0,1.0,1.0,1.0,1.0,1.0,1.0,1.0,1.0,1.0,1.0,1.0,0.0,0.0,0.0,0.0
periodic,upstream,b4_n2_duplicates_allowed,4,2,duplicates_allowed,0.0,rank,1000,1000,0,1000,1000,1.0,1.0,934,66,934,0,1.0,1.0,1.0,1.0,1.0,1.0,1.0,1.0,1.0,1.0,1.0,1.0,0.0,0.0,0.0,0.0
periodic,upstream,b4_n2_duplicates_allowed,4,2,duplicates_allowed,0.05,bitonic,1000,1000,0,1000,1000,1.0,1.0,934,66,934,0,1.0,1.0,1.0,1.0,1.0,1.0,1.0,1.0,1.0,1.0,1.0,1.0,0.0,0.0,0.0,0.0
periodic,upstream,b4_n2_duplicates_allowed,4,2,duplicates_allowed,0.05,rank,1000,1000,0,1000,1000,1.0,1.0,934,66,934,0,1.0,1.0,1.0,1.0,1.0,1.0,1.0,1.0,1.0,1.0,1.0,1.0,0.0,0.0,0.0,0.0
periodic,upstream,b4_n2_duplicates_allowed,4,2,duplicates_allowed,0.1,bitonic,1000,1000,0,1000,1000,1.0,1.0,934,66,934,0,1.0,1.0,1.0,1.0,1.0,1.0,1.0,1.0,1.0,1.0,1.0,1.0,0.0,0.0,0.0,0.0
periodic,upstream,b4_n2_duplicates_allowed,4,2,duplicates_allowed,0.1,rank,1000,1000,0,1000,1000,1.0,1.0,934,66,934,0,1.0,1.0,1.0,1.0,1.0,1.0,1.0,1.0,1.0,1.0,1.0,1.0,0.0,0.0,0.0,0.0
periodic,upstream,b4_n2_duplicates_allowed,4,2,duplicates_allowed,0.15,bitonic,1000,1000,0,1000,1000,1.0,1.0,934,66,934,0,1.0,1.0,1.0,1.0,1.0,1.0,1.0,1.0,1.0,1.0,1.0,1.0,0.0,0.0,0.0,0.0
periodic,upstream,b4_n2_duplicates_allowed,4,2,duplicates_allowed,0.15,rank,1000,1000,0,1000,1000,1.0,1.0,934,66,934,0,1.0,1.0,1.0,1.0,1.0,1.0,1.0,1.0,1.0,1.0,1.0,1.0,0.0,0.0,0.0,0.0
periodic,upstream,b4_n2_duplicates_allowed,4,2,duplicates_allowed,0.2,bitonic,1000,1000,0,1000,1000,1.0,1.0,934,66,934,0,1.0,1.0,1.0,1.0,1.0,1.0,1.0,1.0,1.0,1.0,1.0,1.0,0.0,0.0,0.0,0.0
periodic,upstream,b4_n2_duplicates_allowed,4,2,duplicates_allowed,0.2,rank,1000,1000,0,1000,1000,1.0,1.0,934,66,934,0,1.0,1.0,1.0,1.0,1.0,1.0,1.0,1.0,1.0,1.0,1.0,1.0,0.0,0.0,0.0,0.0
periodic,upstream,b4_n2_duplicates_allowed,4,2,duplicates_allowed,0.25,bitonic,1000,1000,0,998,997,0.998,0.997,934,66,934,2,0.9957173447537473,1.0,-1.0,1.0,1.0,1.0,1.0,1.0,0.9957173447537473,1.0,-1.0,1.0,0.002,0.0,0.0,0.0
periodic,upstream,b4_n2_duplicates_allowed,4,2,duplicates_allowed,0.25,rank,1000,1000,0,998,996,0.998,0.996,934,66,934,2,0.9957173447537473,1.0,-1.0,1.0,1.0,1.0,1.0,1.0,0.9957173447537473,1.0,-1.0,1.0,0.002,0.0,0.0,0.0
periodic,output,b4_n2_duplicates_allowed,4,2,duplicates_allowed,0.0,bitonic,1000,1000,0,1000,1000,1.0,1.0,934,66,934,0,1.0,1.0,1.0,1.0,1.0,1.0,1.0,1.0,1.0,1.0,1.0,1.0,0.0,0.0,0.0,0.0
periodic,output,b4_n2_duplicates_allowed,4,2,duplicates_allowed,0.0,rank,1000,1000,0,1000,1000,1.0,1.0,934,66,934,0,1.0,1.0,1.0,1.0,1.0,1.0,1.0,1.0,1.0,1.0,1.0,1.0,0.0,0.0,0.0,0.0
periodic,output,b4_n2_duplicates_allowed,4,2,duplicates_allowed,0.05,bitonic,1000,1000,0,1000,971,1.0,0.971,934,66,934,0,1.0,1.0,1.0,1.0,1.0,1.0,1.0,1.0,1.0,1.0,1.0,1.0,0.0,0.0,0.0,0.0
periodic,output,b4_n2_duplicates_allowed,4,2,duplicates_allowed,0.05,rank,1000,1000,0,1000,972,1.0,0.972,934,66,934,0,1.0,1.0,1.0,1.0,1.0,1.0,1.0,1.0,1.0,1.0,1.0,1.0,0.0,0.0,0.0,0.0
periodic,output,b4_n2_duplicates_allowed,4,2,duplicates_allowed,0.1,bitonic,1000,1000,0,1000,971,1.0,0.971,934,66,934,0,1.0,1.0,1.0,1.0,1.0,1.0,1.0,1.0,1.0,1.0,1.0,1.0,0.0,0.0,0.0,0.0
periodic,output,b4_n2_duplicates_allowed,4,2,duplicates_allowed,0.1,rank,1000,1000,0,1000,972,1.0,0.972,934,66,934,0,1.0,1.0,1.0,1.0,1.0,1.0,1.0,1.0,1.0,1.0,1.0,1.0,0.0,0.0,0.0,0.0
periodic,output,b4_n2_duplicates_allowed,4,2,duplicates_allowed,0.15,bitonic,1000,1000,0,1000,971,1.0,0.971,934,66,934,0,1.0,1.0,1.0,1.0,1.0,1.0,1.0,1.0,1.0,1.0,1.0,1.0,0.0,0.0,0.0,0.0
periodic,output,b4_n2_duplicates_allowed,4,2,duplicates_allowed,0.15,rank,1000,1000,0,1000,972,1.0,0.972,934,66,934,0,1.0,1.0,1.0,1.0,1.0,1.0,1.0,1.0,1.0,1.0,1.0,1.0,0.0,0.0,0.0,0.0
periodic,output,b4_n2_duplicates_allowed,4,2,duplicates_allowed,0.2,bitonic,1000,1000,0,1000,971,1.0,0.971,934,66,934,0,1.0,1.0,1.0,1.0,1.0,1.0,1.0,1.0,1.0,1.0,1.0,1.0,0.0,0.0,0.0,0.0
periodic,output,b4_n2_duplicates_allowed,4,2,duplicates_allowed,0.2,rank,1000,1000,0,1000,972,1.0,0.972,934,66,934,0,1.0,1.0,1.0,1.0,1.0,1.0,1.0,1.0,1.0,1.0,1.0,1.0,0.0,0.0,0.0,0.0
periodic,output,b4_n2_duplicates_allowed,4,2,duplicates_allowed,0.25,bitonic,1000,1000,0,1000,971,1.0,0.971,934,66,934,0,1.0,1.0,1.0,1.0,1.0,1.0,1.0,1.0,1.0,1.0,1.0,1.0,0.0,0.0,0.0,0.0
periodic,output,b4_n2_duplicates_allowed,4,2,duplicates_allowed,0.25,rank,1000,1000,0,1000,972,1.0,0.972,934,66,934,0,1.0,1.0,1.0,1.0,1.0,1.0,1.0,1.0,1.0,1.0,1.0,1.0,0.0,0.0,0.0,0.0
periodic,upstream,b4_n4_distinct,4,4,distinct,0.0,bitonic,1000,1000,0,1000,1000,1.0,1.0,1000,0,6000,0,1.0,1.0,1.0,1.0,1.0,1.0,1.0,1.0,1.0,1.0,1.0,1.0,0.0,0.0,0.0,0.0
periodic,upstream,b4_n4_distinct,4,4,distinct,0.0,rank,1000,1000,0,1000,1000,1.0,1.0,1000,0,6000,0,1.0,1.0,1.0,1.0,1.0,1.0,1.0,1.0,1.0,1.0,1.0,1.0,0.0,0.0,0.0,0.0
periodic,upstream,b4_n4_distinct,4,4,distinct,0.05,bitonic,1000,1000,0,1000,1000,1.0,1.0,1000,0,6000,0,1.0,1.0,1.0,1.0,1.0,1.0,1.0,1.0,1.0,1.0,1.0,1.0,0.0,0.0,0.0,0.0
periodic,upstream,b4_n4_distinct,4,4,distinct,0.05,rank,1000,1000,0,1000,1000,1.0,1.0,1000,0,6000,0,1.0,1.0,1.0,1.0,1.0,1.0,1.0,1.0,1.0,1.0,1.0,1.0,0.0,0.0,0.0,0.0
periodic,upstream,b4_n4_distinct,4,4,distinct,0.1,bitonic,1000,1000,0,1000,1000,1.0,1.0,1000,0,6000,0,1.0,1.0,1.0,1.0,1.0,1.0,1.0,1.0,1.0,1.0,1.0,1.0,0.0,0.0,0.0,0.0
periodic,upstream,b4_n4_distinct,4,4,distinct,0.1,rank,1000,1000,0,1000,1000,1.0,1.0,1000,0,6000,0,1.0,1.0,1.0,1.0,1.0,1.0,1.0,1.0,1.0,1.0,1.0,1.0,0.0,0.0,0.0,0.0
periodic,upstream,b4_n4_distinct,4,4,distinct,0.15,bitonic,1000,1000,0,1000,1000,1.0,1.0,1000,0,6000,0,1.0,1.0,1.0,1.0,1.0,1.0,1.0,1.0,1.0,1.0,1.0,1.0,0.0,0.0,0.0,0.0
periodic,upstream,b4_n4_distinct,4,4,distinct,0.15,rank,1000,1000,0,999,999,0.999,0.999,1000,0,6000,1,0.9996666666666667,1.0,0.6666666666666666,1.0,1.0,1.0,1.0,1.0,0.9996666666666667,1.0,0.6666666666666667,1.0,0.001,0.0,0.0,0.0
periodic,upstream,b4_n4_distinct,4,4,distinct,0.2,bitonic,1000,1000,0,996,996,0.996,0.996,1000,0,6000,4,0.9986666666666666,1.0,0.6666666666666666,1.0,1.0,1.0,1.0,1.0,0.9986666666666666,1.0,0.6666666666666667,1.0,0.004,0.0,0.0,0.0
periodic,upstream,b4_n4_distinct,4,4,distinct,0.2,rank,1000,1000,0,997,997,0.997,0.997,1000,0,6000,3,0.999,1.0,0.6666666666666666,1.0,1.0,1.0,1.0,1.0,0.999,1.0,0.6666666666666667,1.0,0.003,0.0,0.0,0.0
periodic,upstream,b4_n4_distinct,4,4,distinct,0.25,bitonic,1000,1000,0,992,992,0.992,0.992,1000,0,6000,8,0.9973333333333333,1.0,0.6666666666666666,1.0,1.0,1.0,1.0,1.0,0.9973333333333333,1.0,0.6666666666666667,1.0,0.008,0.0,0.0,0.0
periodic,upstream,b4_n4_distinct,4,4,distinct,0.25,rank,1000,1000,0,994,994,0.994,0.994,1000,0,6000,6,0.998,1.0,0.6666666666666666,1.0,1.0,1.0,1.0,1.0,0.998,1.0,0.6666666666666667,1.0,0.006,0.0,0.0,0.0
periodic,output,b4_n4_distinct,4,4,distinct,0.0,bitonic,1000,1000,0,1000,1000,1.0,1.0,1000,0,6000,0,1.0,1.0,1.0,1.0,1.0,1.0,1.0,1.0,1.0,1.0,1.0,1.0,0.0,0.0,0.0,0.0
periodic,output,b4_n4_distinct,4,4,distinct,0.0,rank,1000,1000,0,1000,1000,1.0,1.0,1000,0,6000,0,1.0,1.0,1.0,1.0,1.0,1.0,1.0,1.0,1.0,1.0,1.0,1.0,0.0,0.0,0.0,0.0
periodic,output,b4_n4_distinct,4,4,distinct,0.05,bitonic,1000,1000,0,1000,1000,1.0,1.0,1000,0,6000,0,1.0,1.0,1.0,1.0,1.0,1.0,1.0,1.0,1.0,1.0,1.0,1.0,0.0,0.0,0.0,0.0
periodic,output,b4_n4_distinct,4,4,distinct,0.05,rank,1000,1000,0,1000,1000,1.0,1.0,1000,0,6000,0,1.0,1.0,1.0,1.0,1.0,1.0,1.0,1.0,1.0,1.0,1.0,1.0,0.0,0.0,0.0,0.0
periodic,output,b4_n4_distinct,4,4,distinct,0.1,bitonic,1000,1000,0,1000,1000,1.0,1.0,1000,0,6000,0,1.0,1.0,1.0,1.0,1.0,1.0,1.0,1.0,1.0,1.0,1.0,1.0,0.0,0.0,0.0,0.0
periodic,output,b4_n4_distinct,4,4,distinct,0.1,rank,1000,1000,0,1000,1000,1.0,1.0,1000,0,6000,0,1.0,1.0,1.0,1.0,1.0,1.0,1.0,1.0,1.0,1.0,1.0,1.0,0.0,0.0,0.0,0.0
periodic,output,b4_n4_distinct,4,4,distinct,0.15,bitonic,1000,1000,0,1000,1000,1.0,1.0,1000,0,6000,0,1.0,1.0,1.0,1.0,1.0,1.0,1.0,1.0,1.0,1.0,1.0,1.0,0.0,0.0,0.0,0.0
periodic,output,b4_n4_distinct,4,4,distinct,0.15,rank,1000,1000,0,1000,1000,1.0,1.0,1000,0,6000,0,1.0,1.0,1.0,1.0,1.0,1.0,1.0,1.0,1.0,1.0,1.0,1.0,0.0,0.0,0.0,0.0
periodic,output,b4_n4_distinct,4,4,distinct,0.2,bitonic,1000,1000,0,1000,1000,1.0,1.0,1000,0,6000,0,1.0,1.0,1.0,1.0,1.0,1.0,1.0,1.0,1.0,1.0,1.0,1.0,0.0,0.0,0.0,0.0
periodic,output,b4_n4_distinct,4,4,distinct,0.2,rank,1000,1000,0,1000,1000,1.0,1.0,1000,0,6000,0,1.0,1.0,1.0,1.0,1.0,1.0,1.0,1.0,1.0,1.0,1.0,1.0,0.0,0.0,0.0,0.0
periodic,output,b4_n4_distinct,4,4,distinct,0.25,bitonic,1000,1000,0,1000,1000,1.0,1.0,1000,0,6000,0,1.0,1.0,1.0,1.0,1.0,1.0,1.0,1.0,1.0,1.0,1.0,1.0,0.0,0.0,0.0,0.0
periodic,output,b4_n4_distinct,4,4,distinct,0.25,rank,1000,1000,0,1000,1000,1.0,1.0,1000,0,6000,0,1.0,1.0,1.0,1.0,1.0,1.0,1.0,1.0,1.0,1.0,1.0,1.0,0.0,0.0,0.0,0.0
periodic,upstream,b4_n4_duplicates_allowed,4,4,duplicates_allowed,0.0,bitonic,1000,1000,0,1000,1000,1.0,1.0,1000,0,5582,0,0.9630502817063583,1.0,0.7071067811865476,0.9128709291752769,0.9630502817063583,1.0,0.7071067811865476,0.9128709291752769,1.0,1.0,1.0,1.0,0.0,0.0,0.0,0.0
periodic,upstream,b4_n4_duplicates_allowed,4,4,duplicates_allowed,0.0,rank,1000,1000,0,1000,1000,1.0,1.0,1000,0,5582,0,0.9630502817063583,1.0,0.7071067811865476,0.9128709291752769,0.9630502817063583,1.0,0.7071067811865476,0.9128709291752769,1.0,1.0,1.0,1.0,0.0,0.0,0.0,0.0
periodic,upstream,b4_n4_duplicates_allowed,4,4,duplicates_allowed,0.05,bitonic,1000,1000,0,1000,1000,1.0,1.0,1000,0,5582,0,0.9630502817063583,1.0,0.7071067811865476,0.9128709291752769,0.9630502817063583,1.0,0.7071067811865476,0.9128709291752769,1.0,1.0,1.0,1.0,0.0,0.0,0.0,0.0
periodic,upstream,b4_n4_duplicates_allowed,4,4,duplicates_allowed,0.05,rank,1000,1000,0,1000,1000,1.0,1.0,1000,0,5582,0,0.9630502817063583,1.0,0.7071067811865476,0.9128709291752769,0.9630502817063583,1.0,0.7071067811865476,0.9128709291752769,1.0,1.0,1.0,1.0,0.0,0.0,0.0,0.0
periodic,upstream,b4_n4_duplicates_allowed,4,4,duplicates_allowed,0.1,bitonic,1000,1000,0,1000,1000,1.0,1.0,1000,0,5582,0,0.9630502817063583,1.0,0.7071067811865476,0.9128709291752769,0.9630502817063583,1.0,0.7071067811865476,0.9128709291752769,1.0,1.0,1.0,1.0,0.0,0.0,0.0,0.0
periodic,upstream,b4_n4_duplicates_allowed,4,4,duplicates_allowed,0.1,rank,1000,1000,0,1000,1000,1.0,1.0,1000,0,5582,0,0.9630502817063583,1.0,0.7071067811865476,0.9128709291752769,0.9630502817063583,1.0,0.7071067811865476,0.9128709291752769,1.0,1.0,1.0,1.0,0.0,0.0,0.0,0.0
periodic,upstream,b4_n4_duplicates_allowed,4,4,duplicates_allowed,0.15,bitonic,1000,1000,0,1000,1000,1.0,1.0,1000,0,5582,0,0.9630502817063583,1.0,0.7071067811865476,0.9128709291752769,0.9630502817063583,1.0,0.7071067811865476,0.9128709291752769,1.0,1.0,1.0,1.0,0.0,0.0,0.0,0.0
periodic,upstream,b4_n4_duplicates_allowed,4,4,duplicates_allowed,0.15,rank,1000,1000,0,1000,1000,1.0,1.0,1000,0,5582,0,0.9630502817063583,1.0,0.7071067811865476,0.9128709291752769,0.9630502817063583,1.0,0.7071067811865476,0.9128709291752769,1.0,1.0,1.0,1.0,0.0,0.0,0.0,0.0
periodic,upstream,b4_n4_duplicates_allowed,4,4,duplicates_allowed,0.2,bitonic,1000,1000,0,997,995,0.997,0.995,1000,0,5582,3,0.9619866516296848,1.0,0.5477225575051661,0.9128709291752769,0.9630502817063583,1.0,0.7071067811865476,0.9128709291752769,0.9988666666666667,1.0,0.6,1.0,0.003,0.0,0.0,0.0
periodic,upstream,b4_n4_duplicates_allowed,4,4,duplicates_allowed,0.2,rank,1000,999,1,997,997,0.997,0.997,999,0,5579,2,0.9626391474059109,1.0,0.6666666666666666,0.9128709291752769,0.9633064814065784,1.0,0.7071067811865476,0.9128709291752769,0.9993326659993326,1.0,0.6666666666666667,1.0,0.002002002002002002,0.0,0.0,0.0
periodic,upstream,b4_n4_duplicates_allowed,4,4,duplicates_allowed,0.25,bitonic,1000,1000,0,994,987,0.994,0.987,1000,0,5582,6,0.9609230215530111,1.0,0.5477225575051661,0.9128709291752769,0.9630502817063583,1.0,0.7071067811865476,0.9128709291752769,0.9977333333333334,1.0,0.6,1.0,0.006,0.0,0.0,0.0
periodic,upstream,b4_n4_duplicates_allowed,4,4,duplicates_allowed,0.25,rank,1000,998,2,991,984,0.991,0.984,998,0,5576,7,0.9611933063850853,1.0,0.5477225575051661,0.9128709291752769,0.9635631945330513,1.0,0.7071067811865476,0.9128709291752769,0.9975951903807614,1.0,0.6,1.0,0.0070140280561122245,0.0,0.0,0.0
periodic,output,b4_n4_duplicates_allowed,4,4,duplicates_allowed,0.0,bitonic,1000,1000,0,1000,1000,1.0,1.0,1000,0,5582,0,0.9630502817063583,1.0,0.7071067811865476,0.9128709291752769,0.9630502817063583,1.0,0.7071067811865476,0.9128709291752769,1.0,1.0,1.0,1.0,0.0,0.0,0.0,0.0
periodic,output,b4_n4_duplicates_allowed,4,4,duplicates_allowed,0.0,rank,1000,1000,0,1000,1000,1.0,1.0,1000,0,5582,0,0.9630502817063583,1.0,0.7071067811865476,0.9128709291752769,0.9630502817063583,1.0,0.7071067811865476,0.9128709291752769,1.0,1.0,1.0,1.0,0.0,0.0,0.0,0.0
periodic,output,b4_n4_duplicates_allowed,4,4,duplicates_allowed,0.05,bitonic,1000,1000,0,1000,796,1.0,0.796,1000,0,5582,0,0.9630502817063583,1.0,0.7071067811865476,0.9128709291752769,0.9630502817063583,1.0,0.7071067811865476,0.9128709291752769,1.0,1.0,1.0,1.0,0.0,0.0,0.0,0.0
periodic,output,b4_n4_duplicates_allowed,4,4,duplicates_allowed,0.05,rank,1000,996,4,996,805,0.996,0.805,996,0,5570,0,0.9640781672506146,1.0,0.7071067811865476,0.9128709291752769,0.9640781672506146,1.0,0.7071067811865476,0.9128709291752769,1.0,1.0,1.0,1.0,0.0,0.0,0.0,0.0
periodic,output,b4_n4_duplicates_allowed,4,4,duplicates_allowed,0.1,bitonic,1000,1000,0,1000,796,1.0,0.796,1000,0,5582,0,0.9630502817063583,1.0,0.7071067811865476,0.9128709291752769,0.9630502817063583,1.0,0.7071067811865476,0.9128709291752769,1.0,1.0,1.0,1.0,0.0,0.0,0.0,0.0
periodic,output,b4_n4_duplicates_allowed,4,4,duplicates_allowed,0.1,rank,1000,996,4,996,805,0.996,0.805,996,0,5570,0,0.9640781672506146,1.0,0.7071067811865476,0.9128709291752769,0.9640781672506146,1.0,0.7071067811865476,0.9128709291752769,1.0,1.0,1.0,1.0,0.0,0.0,0.0,0.0
periodic,output,b4_n4_duplicates_allowed,4,4,duplicates_allowed,0.15,bitonic,1000,1000,0,1000,796,1.0,0.796,1000,0,5582,0,0.9630502817063583,1.0,0.7071067811865476,0.9128709291752769,0.9630502817063583,1.0,0.7071067811865476,0.9128709291752769,1.0,1.0,1.0,1.0,0.0,0.0,0.0,0.0
periodic,output,b4_n4_duplicates_allowed,4,4,duplicates_allowed,0.15,rank,1000,996,4,996,805,0.996,0.805,996,0,5570,0,0.9640781672506146,1.0,0.7071067811865476,0.9128709291752769,0.9640781672506146,1.0,0.7071067811865476,0.9128709291752769,1.0,1.0,1.0,1.0,0.0,0.0,0.0,0.0
periodic,output,b4_n4_duplicates_allowed,4,4,duplicates_allowed,0.2,bitonic,1000,1000,0,1000,796,1.0,0.796,1000,0,5582,0,0.9630502817063583,1.0,0.7071067811865476,0.9128709291752769,0.9630502817063583,1.0,0.7071067811865476,0.9128709291752769,1.0,1.0,1.0,1.0,0.0,0.0,0.0,0.0
periodic,output,b4_n4_duplicates_allowed,4,4,duplicates_allowed,0.2,rank,1000,996,4,996,805,0.996,0.805,996,0,5570,0,0.9640781672506146,1.0,0.7071067811865476,0.9128709291752769,0.9640781672506146,1.0,0.7071067811865476,0.9128709291752769,1.0,1.0,1.0,1.0,0.0,0.0,0.0,0.0
periodic,output,b4_n4_duplicates_allowed,4,4,duplicates_allowed,0.25,bitonic,1000,1000,0,1000,796,1.0,0.796,1000,0,5582,0,0.9630502817063583,1.0,0.7071067811865476,0.9128709291752769,0.9630502817063583,1.0,0.7071067811865476,0.9128709291752769,1.0,1.0,1.0,1.0,0.0,0.0,0.0,0.0
periodic,output,b4_n4_duplicates_allowed,4,4,duplicates_allowed,0.25,rank,1000,996,4,996,805,0.996,0.805,996,0,5570,0,0.9640781672506146,1.0,0.7071067811865476,0.9128709291752769,0.9640781672506146,1.0,0.7071067811865476,0.9128709291752769,1.0,1.0,1.0,1.0,0.0,0.0,0.0,0.0
periodic,upstream,b4_n8_distinct,4,8,distinct,0.0,bitonic,1000,1000,0,1000,1000,1.0,1.0,1000,0,28000,0,1.0,1.0,1.0,1.0,1.0,1.0,1.0,1.0,1.0,1.0,1.0,1.0,0.0,0.0,0.0,0.0
periodic,upstream,b4_n8_distinct,4,8,distinct,0.0,rank,1000,1000,0,1000,1000,1.0,1.0,1000,0,28000,0,1.0,1.0,1.0,1.0,1.0,1.0,1.0,1.0,1.0,1.0,1.0,1.0,0.0,0.0,0.0,0.0
periodic,upstream,b4_n8_distinct,4,8,distinct,0.05,bitonic,1000,1000,0,1000,1000,1.0,1.0,1000,0,28000,0,1.0,1.0,1.0,1.0,1.0,1.0,1.0,1.0,1.0,1.0,1.0,1.0,0.0,0.0,0.0,0.0
periodic,upstream,b4_n8_distinct,4,8,distinct,0.05,rank,1000,1000,0,1000,1000,1.0,1.0,1000,0,28000,0,1.0,1.0,1.0,1.0,1.0,1.0,1.0,1.0,1.0,1.0,1.0,1.0,0.0,0.0,0.0,0.0
periodic,upstream,b4_n8_distinct,4,8,distinct,0.1,bitonic,1000,1000,0,1000,1000,1.0,1.0,1000,0,28000,0,1.0,1.0,1.0,1.0,1.0,1.0,1.0,1.0,1.0,1.0,1.0,1.0,0.0,0.0,0.0,0.0
periodic,upstream,b4_n8_distinct,4,8,distinct,0.1,rank,1000,1000,0,1000,1000,1.0,1.0,1000,0,28000,0,1.0,1.0,1.0,1.0,1.0,1.0,1.0,1.0,1.0,1.0,1.0,1.0,0.0,0.0,0.0,0.0
periodic,upstream,b4_n8_distinct,4,8,distinct,0.15,bitonic,1000,1000,0,1000,1000,1.0,1.0,1000,0,28000,0,1.0,1.0,1.0,1.0,1.0,1.0,1.0,1.0,1.0,1.0,1.0,1.0,0.0,0.0,0.0,0.0
periodic,upstream,b4_n8_distinct,4,8,distinct,0.15,rank,1000,1000,0,1000,1000,1.0,1.0,1000,0,28000,0,1.0,1.0,1.0,1.0,1.0,1.0,1.0,1.0,1.0,1.0,1.0,1.0,0.0,0.0,0.0,0.0
periodic,upstream,b4_n8_distinct,4,8,distinct,0.2,bitonic,1000,1000,0,989,989,0.989,0.989,1000,0,28000,11,0.9992142857142858,1.0,0.9285714285714286,1.0,1.0,1.0,1.0,1.0,0.9992142857142858,1.0,0.9285714285714286,1.0,0.011,0.0,0.0,0.0
periodic,upstream,b4_n8_distinct,4,8,distinct,0.2,rank,1000,1000,0,994,994,0.994,0.994,1000,0,28000,6,0.9995714285714287,1.0,0.9285714285714286,1.0,1.0,1.0,1.0,1.0,0.9995714285714287,1.0,0.9285714285714286,1.0,0.006,0.0,0.0,0.0
periodic,upstream,b4_n8_distinct,4,8,distinct,0.25,bitonic,1000,1000,0,955,955,0.955,0.955,1000,0,28000,45,0.9967857142857145,1.0,0.9285714285714286,1.0,1.0,1.0,1.0,1.0,0.9967857142857145,1.0,0.9285714285714286,1.0,0.045,0.0,0.0,0.0
periodic,upstream,b4_n8_distinct,4,8,distinct,0.25,rank,1000,1000,0,962,962,0.962,0.962,1000,0,28000,38,0.9972857142857143,1.0,0.9285714285714286,1.0,1.0,1.0,1.0,1.0,0.9972857142857143,1.0,0.9285714285714286,1.0,0.038,0.0,0.0,0.0
periodic,output,b4_n8_distinct,4,8,distinct,0.0,bitonic,1000,1000,0,1000,1000,1.0,1.0,1000,0,28000,0,1.0,1.0,1.0,1.0,1.0,1.0,1.0,1.0,1.0,1.0,1.0,1.0,0.0,0.0,0.0,0.0
periodic,output,b4_n8_distinct,4,8,distinct,0.0,rank,1000,1000,0,1000,1000,1.0,1.0,1000,0,28000,0,1.0,1.0,1.0,1.0,1.0,1.0,1.0,1.0,1.0,1.0,1.0,1.0,0.0,0.0,0.0,0.0
periodic,output,b4_n8_distinct,4,8,distinct,0.05,bitonic,1000,1000,0,1000,1000,1.0,1.0,1000,0,28000,0,1.0,1.0,1.0,1.0,1.0,1.0,1.0,1.0,1.0,1.0,1.0,1.0,0.0,0.0,0.0,0.0
periodic,output,b4_n8_distinct,4,8,distinct,0.05,rank,1000,1000,0,1000,1000,1.0,1.0,1000,0,28000,0,1.0,1.0,1.0,1.0,1.0,1.0,1.0,1.0,1.0,1.0,1.0,1.0,0.0,0.0,0.0,0.0
periodic,output,b4_n8_distinct,4,8,distinct,0.1,bitonic,1000,1000,0,1000,1000,1.0,1.0,1000,0,28000,0,1.0,1.0,1.0,1.0,1.0,1.0,1.0,1.0,1.0,1.0,1.0,1.0,0.0,0.0,0.0,0.0
periodic,output,b4_n8_distinct,4,8,distinct,0.1,rank,1000,1000,0,1000,1000,1.0,1.0,1000,0,28000,0,1.0,1.0,1.0,1.0,1.0,1.0,1.0,1.0,1.0,1.0,1.0,1.0,0.0,0.0,0.0,0.0
periodic,output,b4_n8_distinct,4,8,distinct,0.15,bitonic,1000,1000,0,1000,1000,1.0,1.0,1000,0,28000,0,1.0,1.0,1.0,1.0,1.0,1.0,1.0,1.0,1.0,1.0,1.0,1.0,0.0,0.0,0.0,0.0
periodic,output,b4_n8_distinct,4,8,distinct,0.15,rank,1000,1000,0,1000,1000,1.0,1.0,1000,0,28000,0,1.0,1.0,1.0,1.0,1.0,1.0,1.0,1.0,1.0,1.0,1.0,1.0,0.0,0.0,0.0,0.0
periodic,output,b4_n8_distinct,4,8,distinct,0.2,bitonic,1000,1000,0,1000,1000,1.0,1.0,1000,0,28000,0,1.0,1.0,1.0,1.0,1.0,1.0,1.0,1.0,1.0,1.0,1.0,1.0,0.0,0.0,0.0,0.0
periodic,output,b4_n8_distinct,4,8,distinct,0.2,rank,1000,1000,0,1000,1000,1.0,1.0,1000,0,28000,0,1.0,1.0,1.0,1.0,1.0,1.0,1.0,1.0,1.0,1.0,1.0,1.0,0.0,0.0,0.0,0.0
periodic,output,b4_n8_distinct,4,8,distinct,0.25,bitonic,1000,1000,0,1000,1000,1.0,1.0,1000,0,28000,0,1.0,1.0,1.0,1.0,1.0,1.0,1.0,1.0,1.0,1.0,1.0,1.0,0.0,0.0,0.0,0.0
periodic,output,b4_n8_distinct,4,8,distinct,0.25,rank,1000,1000,0,1000,1000,1.0,1.0,1000,0,28000,0,1.0,1.0,1.0,1.0,1.0,1.0,1.0,1.0,1.0,1.0,1.0,1.0,0.0,0.0,0.0,0.0
periodic,upstream,b4_n8_duplicates_allowed,4,8,duplicates_allowed,0.0,bitonic,1000,1000,0,1000,1000,1.0,1.0,1000,0,26244,0,0.9678507838121745,0.9636241116594315,0.8017837257372732,0.9258200997725514,0.9678507838121745,0.9636241116594315,0.8017837257372732,0.9258200997725514,1.0,1.0,1.0,1.0,0.0,0.0,0.0,0.0
periodic,upstream,b4_n8_duplicates_allowed,4,8,duplicates_allowed,0.0,rank,1000,1000,0,1000,1000,1.0,1.0,1000,0,26244,0,0.9678507838121745,0.9636241116594315,0.8017837257372732,0.9258200997725514,0.9678507838121745,0.9636241116594315,0.8017837257372732,0.9258200997725514,1.0,1.0,1.0,1.0,0.0,0.0,0.0,0.0
periodic,upstream,b4_n8_duplicates_allowed,4,8,duplicates_allowed,0.05,bitonic,1000,1000,0,1000,1000,1.0,1.0,1000,0,26244,0,0.9678507838121745,0.9636241116594315,0.8017837257372732,0.9258200997725514,0.9678507838121745,0.9636241116594315,0.8017837257372732,0.9258200997725514,1.0,1.0,1.0,1.0,0.0,0.0,0.0,0.0
periodic,upstream,b4_n8_duplicates_allowed,4,8,duplicates_allowed,0.05,rank,1000,1000,0,1000,1000,1.0,1.0,1000,0,26244,0,0.9678507838121745,0.9636241116594315,0.8017837257372732,0.9258200997725514,0.9678507838121745,0.9636241116594315,0.8017837257372732,0.9258200997725514,1.0,1.0,1.0,1.0,0.0,0.0,0.0,0.0
periodic,upstream,b4_n8_duplicates_allowed,4,8,duplicates_allowed,0.1,bitonic,1000,1000,0,1000,1000,1.0,1.0,1000,0,26244,0,0.9678507838121745,0.9636241116594315,0.8017837257372732,0.9258200997725514,0.9678507838121745,0.9636241116594315,0.8017837257372732,0.9258200997725514,1.0,1.0,1.0,1.0,0.0,0.0,0.0,0.0
periodic,upstream,b4_n8_duplicates_allowed,4,8,duplicates_allowed,0.1,rank,1000,1000,0,1000,1000,1.0,1.0,1000,0,26244,0,0.9678507838121745,0.9636241116594315,0.8017837257372732,0.9258200997725514,0.9678507838121745,0.9636241116594315,0.8017837257372732,0.9258200997725514,1.0,1.0,1.0,1.0,0.0,0.0,0.0,0.0
periodic,upstream,b4_n8_duplicates_allowed,4,8,duplicates_allowed,0.15,bitonic,1000,1000,0,999,999,0.999,0.999,1000,0,26244,1,0.9677766588805085,0.9636241116594315,0.8017837257372732,0.9258200997725514,0.9678507838121745,0.9636241116594315,0.8017837257372732,0.9258200997725514,0.9999230769230769,1.0,0.9230769230769231,1.0,0.001,0.0,0.0,0.0
periodic,upstream,b4_n8_duplicates_allowed,4,8,duplicates_allowed,0.15,rank,1000,1000,0,1000,999,1.0,0.999,1000,0,26244,0,0.9678507838121745,0.9636241116594315,0.8017837257372732,0.9258200997725514,0.9678507838121745,0.9636241116594315,0.8017837257372732,0.9258200997725514,1.0,1.0,1.0,1.0,0.0,0.0,0.0,0.0
periodic,upstream,b4_n8_duplicates_allowed,4,8,duplicates_allowed,0.2,bitonic,1000,1000,0,991,985,0.991,0.985,1000,0,26244,9,0.9671892019668629,0.9636241116594315,0.8017837257372732,0.9258200997725514,0.9678507838121745,0.9636241116594315,0.8017837257372732,0.9258200997725514,0.9993190883190882,1.0,0.9230769230769231,1.0,0.009,0.0,0.0,0.0
periodic,upstream,b4_n8_duplicates_allowed,4,8,duplicates_allowed,0.2,rank,1000,997,3,991,977,0.991,0.977,997,0,26171,6,0.9675154984808401,0.9636241116594315,0.8017837257372732,0.9258200997725514,0.9679588893014721,0.9636241116594315,0.8017837257372732,0.9258200997725514,0.9995425593018371,1.0,0.92,1.0,0.006018054162487462,0.0,0.0,0.0
periodic,upstream,b4_n8_duplicates_allowed,4,8,duplicates_allowed,0.25,bitonic,1000,1000,0,971,935,0.971,0.935,1000,0,26244,32,0.9654973594655653,0.9636241116594315,0.7715167498104595,0.9258200997725514,0.9678507838121745,0.9636241116594315,0.8017837257372732,0.9258200997725514,0.9975760602360602,1.0,0.8333333333333334,1.0,0.032,0.0,0.0,0.0
periodic,upstream,b4_n8_duplicates_allowed,4,8,duplicates_allowed,0.25,rank,1000,990,10,967,929,0.967,0.929,990,0,25998,23,0.9664613524614241,0.9636241116594315,0.8017837257372732,0.9258200997725514,0.9681631719099263,0.9636241116594315,0.8017837257372732,0.9258200997725514,0.9982540874763096,1.0,0.9166666666666666,1.0,0.023232323232323233,0.0,0.0,0.0
periodic,output,b4_n8_duplicates_allowed,4,8,duplicates_allowed,0.0,bitonic,1000,1000,0,1000,1000,1.0,1.0,1000,0,26244,0,0.9678507838121745,0.9636241116594315,0.8017837257372732,0.9258200997725514,0.9678507838121745,0.9636241116594315,0.8017837257372732,0.9258200997725514,1.0,1.0,1.0,1.0,0.0,0.0,0.0,0.0
periodic,output,b4_n8_duplicates_allowed,4,8,duplicates_allowed,0.0,rank,1000,1000,0,1000,1000,1.0,1.0,1000,0,26244,0,0.9678507838121745,0.9636241116594315,0.8017837257372732,0.9258200997725514,0.9678507838121745,0.9636241116594315,0.8017837257372732,0.9258200997725514,1.0,1.0,1.0,1.0,0.0,0.0,0.0,0.0
periodic,output,b4_n8_duplicates_allowed,4,8,duplicates_allowed,0.05,bitonic,1000,1000,0,1000,393,1.0,0.393,1000,0,26244,0,0.9678507838121745,0.9636241116594315,0.8017837257372732,0.9258200997725514,0.9678507838121745,0.9636241116594315,0.8017837257372732,0.9258200997725514,1.0,1.0,1.0,1.0,0.0,0.0,0.0,0.0
periodic,output,b4_n8_duplicates_allowed,4,8,duplicates_allowed,0.05,rank,1000,959,41,959,404,0.959,0.404,959,0,25272,0,0.9699156252615118,0.9819805060619657,0.8864052604279183,0.9258200997725514,0.9699156252615118,0.9819805060619657,0.8864052604279183,0.9258200997725514,1.0,1.0,1.0,1.0,0.0,0.0,0.0,0.0
periodic,output,b4_n8_duplicates_allowed,4,8,duplicates_allowed,0.1,bitonic,1000,1000,0,1000,393,1.0,0.393,1000,0,26244,0,0.9678507838121745,0.9636241116594315,0.8017837257372732,0.9258200997725514,0.9678507838121745,0.9636241116594315,0.8017837257372732,0.9258200997725514,1.0,1.0,1.0,1.0,0.0,0.0,0.0,0.0
periodic,output,b4_n8_duplicates_allowed,4,8,duplicates_allowed,0.1,rank,1000,959,41,959,404,0.959,0.404,959,0,25272,0,0.9699156252615118,0.9819805060619657,0.8864052604279183,0.9258200997725514,0.9699156252615118,0.9819805060619657,0.8864052604279183,0.9258200997725514,1.0,1.0,1.0,1.0,0.0,0.0,0.0,0.0
periodic,output,b4_n8_duplicates_allowed,4,8,duplicates_allowed,0.15,bitonic,1000,1000,0,1000,393,1.0,0.393,1000,0,26244,0,0.9678507838121745,0.9636241116594315,0.8017837257372732,0.9258200997725514,0.9678507838121745,0.9636241116594315,0.8017837257372732,0.9258200997725514,1.0,1.0,1.0,1.0,0.0,0.0,0.0,0.0
periodic,output,b4_n8_duplicates_allowed,4,8,duplicates_allowed,0.15,rank,1000,959,41,959,404,0.959,0.404,959,0,25272,0,0.9699156252615118,0.9819805060619657,0.8864052604279183,0.9258200997725514,0.9699156252615118,0.9819805060619657,0.8864052604279183,0.9258200997725514,1.0,1.0,1.0,1.0,0.0,0.0,0.0,0.0
periodic,output,b4_n8_duplicates_allowed,4,8,duplicates_allowed,0.2,bitonic,1000,1000,0,1000,393,1.0,0.393,1000,0,26244,0,0.9678507838121745,0.9636241116594315,0.8017837257372732,0.9258200997725514,0.9678507838121745,0.9636241116594315,0.8017837257372732,0.9258200997725514,1.0,1.0,1.0,1.0,0.0,0.0,0.0,0.0
periodic,output,b4_n8_duplicates_allowed,4,8,duplicates_allowed,0.2,rank,1000,959,41,959,404,0.959,0.404,959,0,25272,0,0.9699156252615118,0.9819805060619657,0.8864052604279183,0.9258200997725514,0.9699156252615118,0.9819805060619657,0.8864052604279183,0.9258200997725514,1.0,1.0,1.0,1.0,0.0,0.0,0.0,0.0
periodic,output,b4_n8_duplicates_allowed,4,8,duplicates_allowed,0.25,bitonic,1000,1000,0,1000,393,1.0,0.393,1000,0,26244,0,0.9678507838121745,0.9636241116594315,0.8017837257372732,0.9258200997725514,0.9678507838121745,0.9636241116594315,0.8017837257372732,0.9258200997725514,1.0,1.0,1.0,1.0,0.0,0.0,0.0,0.0
periodic,output,b4_n8_duplicates_allowed,4,8,duplicates_allowed,0.25,rank,1000,959,41,959,404,0.959,0.404,959,0,25272,0,0.9699156252615118,0.9819805060619657,0.8864052604279183,0.9258200997725514,0.9699156252615118,0.9819805060619657,0.8864052604279183,0.9258200997725514,1.0,1.0,1.0,1.0,0.0,0.0,0.0,0.0
periodic,upstream,b4_n16_distinct,4,16,distinct,0.0,bitonic,1000,1000,0,1000,1000,1.0,1.0,1000,0,120000,0,1.0,1.0,1.0,1.0,1.0,1.0,1.0,1.0,1.0,1.0,1.0,1.0,0.0,0.0,0.0,0.0
periodic,upstream,b4_n16_distinct,4,16,distinct,0.0,rank,1000,1000,0,1000,1000,1.0,1.0,1000,0,120000,0,1.0,1.0,1.0,1.0,1.0,1.0,1.0,1.0,1.0,1.0,1.0,1.0,0.0,0.0,0.0,0.0
periodic,upstream,b4_n16_distinct,4,16,distinct,0.05,bitonic,1000,1000,0,1000,1000,1.0,1.0,1000,0,120000,0,1.0,1.0,1.0,1.0,1.0,1.0,1.0,1.0,1.0,1.0,1.0,1.0,0.0,0.0,0.0,0.0
periodic,upstream,b4_n16_distinct,4,16,distinct,0.05,rank,1000,1000,0,1000,1000,1.0,1.0,1000,0,120000,0,1.0,1.0,1.0,1.0,1.0,1.0,1.0,1.0,1.0,1.0,1.0,1.0,0.0,0.0,0.0,0.0
periodic,upstream,b4_n16_distinct,4,16,distinct,0.1,bitonic,1000,1000,0,1000,1000,1.0,1.0,1000,0,120000,0,1.0,1.0,1.0,1.0,1.0,1.0,1.0,1.0,1.0,1.0,1.0,1.0,0.0,0.0,0.0,0.0
periodic,upstream,b4_n16_distinct,4,16,distinct,0.1,rank,1000,1000,0,1000,1000,1.0,1.0,1000,0,120000,0,1.0,1.0,1.0,1.0,1.0,1.0,1.0,1.0,1.0,1.0,1.0,1.0,0.0,0.0,0.0,0.0
periodic,upstream,b4_n16_distinct,4,16,distinct,0.15,bitonic,1000,1000,0,996,996,0.996,0.996,1000,0,120000,4,0.9999333333333333,1.0,0.9833333333333333,1.0,1.0,1.0,1.0,1.0,0.9999333333333333,1.0,0.9833333333333333,1.0,0.004,0.0,0.0,0.0
periodic,upstream,b4_n16_distinct,4,16,distinct,0.15,rank,1000,1000,0,999,999,0.999,0.999,1000,0,120000,1,0.9999833333333333,1.0,0.9833333333333333,1.0,1.0,1.0,1.0,1.0,0.9999833333333333,1.0,0.9833333333333333,1.0,0.001,0.0,0.0,0.0
periodic,upstream,b4_n16_distinct,4,16,distinct,0.2,bitonic,1000,1000,0,955,955,0.955,0.955,1000,0,120000,46,0.9992333333333333,1.0,0.9666666666666667,1.0,1.0,1.0,1.0,1.0,0.9992333333333333,1.0,0.9666666666666667,1.0,0.046,0.0,0.0,0.0
periodic,upstream,b4_n16_distinct,4,16,distinct,0.2,rank,1000,1000,0,950,950,0.95,0.95,1000,0,120000,50,0.9991666666666668,1.0,0.9833333333333333,0.9991666666666668,1.0,1.0,1.0,1.0,0.9991666666666668,1.0,0.9833333333333333,0.9991666666666668,0.05,0.0,0.0,0.0
periodic,upstream,b4_n16_distinct,4,16,distinct,0.25,bitonic,1000,1000,0,843,843,0.843,0.843,1000,0,120000,174,0.9971,1.0,0.9333333333333333,0.9833333333333333,1.0,1.0,1.0,1.0,0.9971,1.0,0.9333333333333333,0.9833333333333333,0.174,0.0,0.0,0.0
periodic,upstream,b4_n16_distinct,4,16,distinct,0.25,rank,1000,999,1,831,831,0.831,0.831,999,0,119880,181,0.9969803136469804,1.0,0.9666666666666667,0.9833333333333333,1.0,1.0,1.0,1.0,0.9969803136469804,1.0,0.9666666666666667,0.9833333333333333,0.18118118118118118,0.0,0.0,0.0
periodic,output,b4_n16_distinct,4,16,distinct,0.0,bitonic,1000,1000,0,1000,1000,1.0,1.0,1000,0,120000,0,1.0,1.0,1.0,1.0,1.0,1.0,1.0,1.0,1.0,1.0,1.0,1.0,0.0,0.0,0.0,0.0
periodic,output,b4_n16_distinct,4,16,distinct,0.0,rank,1000,1000,0,1000,1000,1.0,1.0,1000,0,120000,0,1.0,1.0,1.0,1.0,1.0,1.0,1.0,1.0,1.0,1.0,1.0,1.0,0.0,0.0,0.0,0.0
periodic,output,b4_n16_distinct,4,16,distinct,0.05,bitonic,1000,1000,0,1000,1000,1.0,1.0,1000,0,120000,0,1.0,1.0,1.0,1.0,1.0,1.0,1.0,1.0,1.0,1.0,1.0,1.0,0.0,0.0,0.0,0.0
periodic,output,b4_n16_distinct,4,16,distinct,0.05,rank,1000,1000,0,1000,1000,1.0,1.0,1000,0,120000,0,1.0,1.0,1.0,1.0,1.0,1.0,1.0,1.0,1.0,1.0,1.0,1.0,0.0,0.0,0.0,0.0
periodic,output,b4_n16_distinct,4,16,distinct,0.1,bitonic,1000,1000,0,1000,1000,1.0,1.0,1000,0,120000,0,1.0,1.0,1.0,1.0,1.0,1.0,1.0,1.0,1.0,1.0,1.0,1.0,0.0,0.0,0.0,0.0
periodic,output,b4_n16_distinct,4,16,distinct,0.1,rank,1000,1000,0,1000,1000,1.0,1.0,1000,0,120000,0,1.0,1.0,1.0,1.0,1.0,1.0,1.0,1.0,1.0,1.0,1.0,1.0,0.0,0.0,0.0,0.0
periodic,output,b4_n16_distinct,4,16,distinct,0.15,bitonic,1000,1000,0,1000,1000,1.0,1.0,1000,0,120000,0,1.0,1.0,1.0,1.0,1.0,1.0,1.0,1.0,1.0,1.0,1.0,1.0,0.0,0.0,0.0,0.0
periodic,output,b4_n16_distinct,4,16,distinct,0.15,rank,1000,1000,0,1000,1000,1.0,1.0,1000,0,120000,0,1.0,1.0,1.0,1.0,1.0,1.0,1.0,1.0,1.0,1.0,1.0,1.0,0.0,0.0,0.0,0.0
periodic,output,b4_n16_distinct,4,16,distinct,0.2,bitonic,1000,1000,0,1000,1000,1.0,1.0,1000,0,120000,0,1.0,1.0,1.0,1.0,1.0,1.0,1.0,1.0,1.0,1.0,1.0,1.0,0.0,0.0,0.0,0.0
periodic,output,b4_n16_distinct,4,16,distinct,0.2,rank,1000,1000,0,1000,1000,1.0,1.0,1000,0,120000,0,1.0,1.0,1.0,1.0,1.0,1.0,1.0,1.0,1.0,1.0,1.0,1.0,0.0,0.0,0.0,0.0
periodic,output,b4_n16_distinct,4,16,distinct,0.25,bitonic,1000,1000,0,1000,1000,1.0,1.0,1000,0,120000,0,1.0,1.0,1.0,1.0,1.0,1.0,1.0,1.0,1.0,1.0,1.0,1.0,0.0,0.0,0.0,0.0
periodic,output,b4_n16_distinct,4,16,distinct,0.25,rank,1000,1000,0,1000,1000,1.0,1.0,1000,0,120000,0,1.0,1.0,1.0,1.0,1.0,1.0,1.0,1.0,1.0,1.0,1.0,1.0,0.0,0.0,0.0,0.0
periodic,upstream,b4_n16_duplicates_allowed,4,16,duplicates_allowed,0.0,bitonic,1000,1000,0,1000,1000,1.0,1.0,1000,0,112512,0,0.9682258244328024,0.9703951085339758,0.8897565210026094,0.944281031614353,0.9682258244328023,0.9703951085339758,0.8897565210026093,0.944281031614353,1.0,1.0,1.0,1.0,0.0,0.0,0.0,0.0
periodic,upstream,b4_n16_duplicates_allowed,4,16,duplicates_allowed,0.0,rank,1000,1000,0,1000,1000,1.0,1.0,1000,0,112512,0,0.9682258244328024,0.9703951085339758,0.8897565210026094,0.944281031614353,0.9682258244328023,0.9703951085339758,0.8897565210026093,0.944281031614353,1.0,1.0,1.0,1.0,0.0,0.0,0.0,0.0
periodic,upstream,b4_n16_duplicates_allowed,4,16,duplicates_allowed,0.05,bitonic,1000,1000,0,1000,1000,1.0,1.0,1000,0,112512,0,0.9682258244328024,0.9703951085339758,0.8897565210026094,0.944281031614353,0.9682258244328023,0.9703951085339758,0.8897565210026093,0.944281031614353,1.0,1.0,1.0,1.0,0.0,0.0,0.0,0.0
periodic,upstream,b4_n16_duplicates_allowed,4,16,duplicates_allowed,0.05,rank,1000,1000,0,1000,1000,1.0,1.0,1000,0,112512,0,0.9682258244328024,0.9703951085339758,0.8897565210026094,0.944281031614353,0.9682258244328023,0.9703951085339758,0.8897565210026093,0.944281031614353,1.0,1.0,1.0,1.0,0.0,0.0,0.0,0.0
periodic,upstream,b4_n16_duplicates_allowed,4,16,duplicates_allowed,0.1,bitonic,1000,1000,0,1000,1000,1.0,1.0,1000,0,112512,0,0.9682258244328024,0.9703951085339758,0.8897565210026094,0.944281031614353,0.9682258244328023,0.9703951085339758,0.8897565210026093,0.944281031614353,1.0,1.0,1.0,1.0,0.0,0.0,0.0,0.0
periodic,upstream,b4_n16_duplicates_allowed,4,16,duplicates_allowed,0.1,rank,1000,1000,0,1000,1000,1.0,1.0,1000,0,112512,0,0.9682258244328024,0.9703951085339758,0.8897565210026094,0.944281031614353,0.9682258244328023,0.9703951085339758,0.8897565210026093,0.944281031614353,1.0,1.0,1.0,1.0,0.0,0.0,0.0,0.0
periodic,upstream,b4_n16_duplicates_allowed,4,16,duplicates_allowed,0.15,bitonic,1000,1000,0,996,996,0.996,0.996,1000,0,112512,5,0.9681390652149339,0.9703951085339758,0.8897565210026094,0.944281031614353,0.9682258244328023,0.9703951085339758,0.8897565210026093,0.944281031614353,0.9999096497652886,1.0,0.9626168224299065,1.0,0.005,0.0,0.0,0.0
periodic,upstream,b4_n16_duplicates_allowed,4,16,duplicates_allowed,0.15,rank,1000,998,2,997,996,0.997,0.996,998,0,112288,1,0.9682130418196679,0.9703951085339758,0.8897565210026094,0.944281031614353,0.9682301010687813,0.9703951085339758,0.8897565210026093,0.944281031614353,0.9999825738433389,1.0,0.9826086956521739,1.0,0.001002004008016032,0.0,0.0,0.0
periodic,upstream,b4_n16_duplicates_allowed,4,16,duplicates_allowed,0.2,bitonic,1000,1000,0,951,915,0.951,0.915,1000,0,112512,58,0.9672230742495638,0.9703951085339758,0.8724941000903998,0.944281031614353,0.9682258244328023,0.9703951085339758,0.8897565210026093,0.944281031614353,0.9989595517278571,1.0,0.941747572815534,1.0,0.058,0.0,0.0,0.0
periodic,upstream,b4_n16_duplicates_allowed,4,16,duplicates_allowed,0.2,rank,1000,976,24,952,927,0.952,0.927,976,0,109842,26,0.9679018791755825,0.9703951085339758,0.8897565210026094,0.944281031614353,0.9683592601818456,0.9703951085339758,0.8897565210026093,0.944281031614353,0.9995287673142472,1.0,0.9636363636363636,1.0,0.02663934426229508,0.0,0.0,0.0
periodic,upstream,b4_n16_duplicates_allowed,4,16,duplicates_allowed,0.25,bitonic,1000,1000,0,879,742,0.879,0.742,1000,0,112512,140,0.9658101447658026,0.9703951085339758,0.8724941000903998,0.9400193421607683,0.9682258244328023,0.9703951085339758,0.8897565210026093,0.944281031614353,0.9974985886599647,1.0,0.941747572815534,0.9821428571428571,0.14,0.0,0.0,0.0
periodic,upstream,b4_n16_duplicates_allowed,4,16,duplicates_allowed,0.25,rank,1000,890,110,802,703,0.802,0.703,890,0,100284,96,0.9670943116281838,0.9703951085339758,0.8897565210026094,0.944281031614353,0.9689455317092301,0.9703951085339758,0.8897565210026093,0.944281031614353,0.9980934958704032,1.0,0.963302752293578,0.9824561403508771,0.10786516853932585,0.0,0.0,0.0
periodic,output,b4_n16_duplicates_allowed,4,16,duplicates_allowed,0.0,bitonic,1000,1000,0,1000,1000,1.0,1.0,1000,0,112512,0,0.9682258244328024,0.9703951085339758,0.8897565210026094,0.944281031614353,0.9682258244328023,0.9703951085339758,0.8897565210026093,0.944281031614353,1.0,1.0,1.0,1.0,0.0,0.0,0.0,0.0
periodic,output,b4_n16_duplicates_allowed,4,16,duplicates_allowed,0.0,rank,1000,1000,0,1000,1000,1.0,1.0,1000,0,112512,0,0.9682258244328024,0.9703951085339758,0.8897565210026094,0.944281031614353,0.9682258244328023,0.9703951085339758,0.8897565210026093,0.944281031614353,1.0,1.0,1.0,1.0,0.0,0.0,0.0,0.0
periodic,output,b4_n16_duplicates_allowed,4,16,duplicates_allowed,0.05,bitonic,1000,1000,0,1000,19,1.0,0.019,1000,0,112512,0,0.9682258244328024,0.9703951085339758,0.8897565210026094,0.944281031614353,0.9682258244328023,0.9703951085339758,0.8897565210026093,0.944281031614353,1.0,1.0,1.0,1.0,0.0,0.0,0.0,0.0
periodic,output,b4_n16_duplicates_allowed,4,16,duplicates_allowed,0.05,rank,1000,648,352,648,13,0.648,0.013,648,0,73524,0,0.9723388615860858,0.9746794344808964,0.9309493362512627,0.9574271077563381,0.9723388615860858,0.9746794344808963,0.9309493362512627,0.9574271077563381,1.0,1.0,1.0,1.0,0.0,0.0,0.0,0.0
periodic,output,b4_n16_duplicates_allowed,4,16,duplicates_allowed,0.1,bitonic,1000,1000,0,1000,19,1.0,0.019,1000,0,112512,0,0.9682258244328024,0.9703951085339758,0.8897565210026094,0.944281031614353,0.9682258244328023,0.9703951085339758,0.8897565210026093,0.944281031614353,1.0,1.0,1.0,1.0,0.0,0.0,0.0,0.0
periodic,output,b4_n16_duplicates_allowed,4,16,duplicates_allowed,0.1,rank,1000,648,352,648,13,0.648,0.013,648,0,73524,0,0.9723388615860858,0.9746794344808964,0.9309493362512627,0.9574271077563381,0.9723388615860858,0.9746794344808963,0.9309493362512627,0.9574271077563381,1.0,1.0,1.0,1.0,0.0,0.0,0.0,0.0
periodic,output,b4_n16_duplicates_allowed,4,16,duplicates_allowed,0.15,bitonic,1000,1000,0,1000,19,1.0,0.019,1000,0,112512,0,0.9682258244328024,0.9703951085339758,0.8897565210026094,0.944281031614353,0.9682258244328023,0.9703951085339758,0.8897565210026093,0.944281031614353,1.0,1.0,1.0,1.0,0.0,0.0,0.0,0.0
periodic,output,b4_n16_duplicates_allowed,4,16,duplicates_allowed,0.15,rank,1000,648,352,648,13,0.648,0.013,648,0,73524,0,0.9723388615860858,0.9746794344808964,0.9309493362512627,0.9574271077563381,0.9723388615860858,0.9746794344808963,0.9309493362512627,0.9574271077563381,1.0,1.0,1.0,1.0,0.0,0.0,0.0,0.0
periodic,output,b4_n16_duplicates_allowed,4,16,duplicates_allowed,0.2,bitonic,1000,1000,0,1000,19,1.0,0.019,1000,0,112512,0,0.9682258244328024,0.9703951085339758,0.8897565210026094,0.944281031614353,0.9682258244328023,0.9703951085339758,0.8897565210026093,0.944281031614353,1.0,1.0,1.0,1.0,0.0,0.0,0.0,0.0
periodic,output,b4_n16_duplicates_allowed,4,16,duplicates_allowed,0.2,rank,1000,648,352,648,13,0.648,0.013,648,0,73524,0,0.9723388615860858,0.9746794344808964,0.9309493362512627,0.9574271077563381,0.9723388615860858,0.9746794344808963,0.9309493362512627,0.9574271077563381,1.0,1.0,1.0,1.0,0.0,0.0,0.0,0.0
periodic,output,b4_n16_duplicates_allowed,4,16,duplicates_allowed,0.25,bitonic,1000,1000,0,1000,19,1.0,0.019,1000,0,112512,0,0.9682258244328024,0.9703951085339758,0.8897565210026094,0.944281031614353,0.9682258244328023,0.9703951085339758,0.8897565210026093,0.944281031614353,1.0,1.0,1.0,1.0,0.0,0.0,0.0,0.0
periodic,output,b4_n16_duplicates_allowed,4,16,duplicates_allowed,0.25,rank,1000,648,352,648,13,0.648,0.013,648,0,73524,0,0.9723388615860858,0.9746794344808964,0.9309493362512627,0.9574271077563381,0.9723388615860858,0.9746794344808963,0.9309493362512627,0.9574271077563381,1.0,1.0,1.0,1.0,0.0,0.0,0.0,0.0
periodic,upstream,b8_n2_distinct,8,2,distinct,0.0,bitonic,1000,1000,0,1000,1000,1.0,1.0,1000,0,1000,0,1.0,1.0,1.0,1.0,1.0,1.0,1.0,1.0,1.0,1.0,1.0,1.0,0.0,0.0,0.0,0.0
periodic,upstream,b8_n2_distinct,8,2,distinct,0.0,rank,1000,1000,0,1000,1000,1.0,1.0,1000,0,1000,0,1.0,1.0,1.0,1.0,1.0,1.0,1.0,1.0,1.0,1.0,1.0,1.0,0.0,0.0,0.0,0.0
periodic,upstream,b8_n2_distinct,8,2,distinct,0.05,bitonic,1000,1000,0,1000,1000,1.0,1.0,1000,0,1000,0,1.0,1.0,1.0,1.0,1.0,1.0,1.0,1.0,1.0,1.0,1.0,1.0,0.0,0.0,0.0,0.0
periodic,upstream,b8_n2_distinct,8,2,distinct,0.05,rank,1000,1000,0,1000,1000,1.0,1.0,1000,0,1000,0,1.0,1.0,1.0,1.0,1.0,1.0,1.0,1.0,1.0,1.0,1.0,1.0,0.0,0.0,0.0,0.0
periodic,upstream,b8_n2_distinct,8,2,distinct,0.1,bitonic,1000,1000,0,1000,1000,1.0,1.0,1000,0,1000,0,1.0,1.0,1.0,1.0,1.0,1.0,1.0,1.0,1.0,1.0,1.0,1.0,0.0,0.0,0.0,0.0
periodic,upstream,b8_n2_distinct,8,2,distinct,0.1,rank,1000,1000,0,1000,1000,1.0,1.0,1000,0,1000,0,1.0,1.0,1.0,1.0,1.0,1.0,1.0,1.0,1.0,1.0,1.0,1.0,0.0,0.0,0.0,0.0
periodic,upstream,b8_n2_distinct,8,2,distinct,0.15,bitonic,1000,1000,0,1000,1000,1.0,1.0,1000,0,1000,0,1.0,1.0,1.0,1.0,1.0,1.0,1.0,1.0,1.0,1.0,1.0,1.0,0.0,0.0,0.0,0.0
periodic,upstream,b8_n2_distinct,8,2,distinct,0.15,rank,1000,1000,0,1000,1000,1.0,1.0,1000,0,1000,0,1.0,1.0,1.0,1.0,1.0,1.0,1.0,1.0,1.0,1.0,1.0,1.0,0.0,0.0,0.0,0.0
periodic,upstream,b8_n2_distinct,8,2,distinct,0.2,bitonic,1000,1000,0,1000,1000,1.0,1.0,1000,0,1000,0,1.0,1.0,1.0,1.0,1.0,1.0,1.0,1.0,1.0,1.0,1.0,1.0,0.0,0.0,0.0,0.0
periodic,upstream,b8_n2_distinct,8,2,distinct,0.2,rank,1000,1000,0,1000,1000,1.0,1.0,1000,0,1000,0,1.0,1.0,1.0,1.0,1.0,1.0,1.0,1.0,1.0,1.0,1.0,1.0,0.0,0.0,0.0,0.0
periodic,upstream,b8_n2_distinct,8,2,distinct,0.25,bitonic,1000,1000,0,1000,1000,1.0,1.0,1000,0,1000,0,1.0,1.0,1.0,1.0,1.0,1.0,1.0,1.0,1.0,1.0,1.0,1.0,0.0,0.0,0.0,0.0
periodic,upstream,b8_n2_distinct,8,2,distinct,0.25,rank,1000,1000,0,1000,1000,1.0,1.0,1000,0,1000,0,1.0,1.0,1.0,1.0,1.0,1.0,1.0,1.0,1.0,1.0,1.0,1.0,0.0,0.0,0.0,0.0
periodic,output,b8_n2_distinct,8,2,distinct,0.0,bitonic,1000,1000,0,1000,1000,1.0,1.0,1000,0,1000,0,1.0,1.0,1.0,1.0,1.0,1.0,1.0,1.0,1.0,1.0,1.0,1.0,0.0,0.0,0.0,0.0
periodic,output,b8_n2_distinct,8,2,distinct,0.0,rank,1000,1000,0,1000,1000,1.0,1.0,1000,0,1000,0,1.0,1.0,1.0,1.0,1.0,1.0,1.0,1.0,1.0,1.0,1.0,1.0,0.0,0.0,0.0,0.0
periodic,output,b8_n2_distinct,8,2,distinct,0.05,bitonic,1000,1000,0,1000,1000,1.0,1.0,1000,0,1000,0,1.0,1.0,1.0,1.0,1.0,1.0,1.0,1.0,1.0,1.0,1.0,1.0,0.0,0.0,0.0,0.0
periodic,output,b8_n2_distinct,8,2,distinct,0.05,rank,1000,1000,0,1000,1000,1.0,1.0,1000,0,1000,0,1.0,1.0,1.0,1.0,1.0,1.0,1.0,1.0,1.0,1.0,1.0,1.0,0.0,0.0,0.0,0.0
periodic,output,b8_n2_distinct,8,2,distinct,0.1,bitonic,1000,1000,0,1000,1000,1.0,1.0,1000,0,1000,0,1.0,1.0,1.0,1.0,1.0,1.0,1.0,1.0,1.0,1.0,1.0,1.0,0.0,0.0,0.0,0.0
periodic,output,b8_n2_distinct,8,2,distinct,0.1,rank,1000,1000,0,1000,1000,1.0,1.0,1000,0,1000,0,1.0,1.0,1.0,1.0,1.0,1.0,1.0,1.0,1.0,1.0,1.0,1.0,0.0,0.0,0.0,0.0
periodic,output,b8_n2_distinct,8,2,distinct,0.15,bitonic,1000,1000,0,1000,1000,1.0,1.0,1000,0,1000,0,1.0,1.0,1.0,1.0,1.0,1.0,1.0,1.0,1.0,1.0,1.0,1.0,0.0,0.0,0.0,0.0
periodic,output,b8_n2_distinct,8,2,distinct,0.15,rank,1000,1000,0,1000,1000,1.0,1.0,1000,0,1000,0,1.0,1.0,1.0,1.0,1.0,1.0,1.0,1.0,1.0,1.0,1.0,1.0,0.0,0.0,0.0,0.0
periodic,output,b8_n2_distinct,8,2,distinct,0.2,bitonic,1000,1000,0,1000,1000,1.0,1.0,1000,0,1000,0,1.0,1.0,1.0,1.0,1.0,1.0,1.0,1.0,1.0,1.0,1.0,1.0,0.0,0.0,0.0,0.0
periodic,output,b8_n2_distinct,8,2,distinct,0.2,rank,1000,1000,0,1000,1000,1.0,1.0,1000,0,1000,0,1.0,1.0,1.0,1.0,1.0,1.0,1.0,1.0,1.0,1.0,1.0,1.0,0.0,0.0,0.0,0.0
periodic,output,b8_n2_distinct,8,2,distinct,0.25,bitonic,1000,1000,0,1000,1000,1.0,1.0,1000,0,1000,0,1.0,1.0,1.0,1.0,1.0,1.0,1.0,1.0,1.0,1.0,1.0,1.0,0.0,0.0,0.0,0.0
periodic,output,b8_n2_distinct,8,2,distinct,0.25,rank,1000,1000,0,1000,1000,1.0,1.0,1000,0,1000,0,1.0,1.0,1.0,1.0,1.0,1.0,1.0,1.0,1.0,1.0,1.0,1.0,0.0,0.0,0.0,0.0
periodic,upstream,b8_n2_duplicates_allowed,8,2,duplicates_allowed,0.0,bitonic,1000,1000,0,1000,1000,1.0,1.0,994,6,994,0,1.0,1.0,1.0,1.0,1.0,1.0,1.0,1.0,1.0,1.0,1.0,1.0,0.0,0.0,0.0,0.0
periodic,upstream,b8_n2_duplicates_allowed,8,2,duplicates_allowed,0.0,rank,1000,1000,0,1000,1000,1.0,1.0,994,6,994,0,1.0,1.0,1.0,1.0,1.0,1.0,1.0,1.0,1.0,1.0,1.0,1.0,0.0,0.0,0.0,0.0
periodic,upstream,b8_n2_duplicates_allowed,8,2,duplicates_allowed,0.05,bitonic,1000,1000,0,1000,1000,1.0,1.0,994,6,994,0,1.0,1.0,1.0,1.0,1.0,1.0,1.0,1.0,1.0,1.0,1.0,1.0,0.0,0.0,0.0,0.0
periodic,upstream,b8_n2_duplicates_allowed,8,2,duplicates_allowed,0.05,rank,1000,1000,0,1000,1000,1.0,1.0,994,6,994,0,1.0,1.0,1.0,1.0,1.0,1.0,1.0,1.0,1.0,1.0,1.0,1.0,0.0,0.0,0.0,0.0
periodic,upstream,b8_n2_duplicates_allowed,8,2,duplicates_allowed,0.1,bitonic,1000,1000,0,1000,1000,1.0,1.0,994,6,994,0,1.0,1.0,1.0,1.0,1.0,1.0,1.0,1.0,1.0,1.0,1.0,1.0,0.0,0.0,0.0,0.0
periodic,upstream,b8_n2_duplicates_allowed,8,2,duplicates_allowed,0.1,rank,1000,1000,0,1000,1000,1.0,1.0,994,6,994,0,1.0,1.0,1.0,1.0,1.0,1.0,1.0,1.0,1.0,1.0,1.0,1.0,0.0,0.0,0.0,0.0
periodic,upstream,b8_n2_duplicates_allowed,8,2,duplicates_allowed,0.15,bitonic,1000,1000,0,1000,1000,1.0,1.0,994,6,994,0,1.0,1.0,1.0,1.0,1.0,1.0,1.0,1.0,1.0,1.0,1.0,1.0,0.0,0.0,0.0,0.0
periodic,upstream,b8_n2_duplicates_allowed,8,2,duplicates_allowed,0.15,rank,1000,1000,0,1000,1000,1.0,1.0,994,6,994,0,1.0,1.0,1.0,1.0,1.0,1.0,1.0,1.0,1.0,1.0,1.0,1.0,0.0,0.0,0.0,0.0
periodic,upstream,b8_n2_duplicates_allowed,8,2,duplicates_allowed,0.2,bitonic,1000,1000,0,1000,1000,1.0,1.0,994,6,994,0,1.0,1.0,1.0,1.0,1.0,1.0,1.0,1.0,1.0,1.0,1.0,1.0,0.0,0.0,0.0,0.0
periodic,upstream,b8_n2_duplicates_allowed,8,2,duplicates_allowed,0.2,rank,1000,1000,0,1000,1000,1.0,1.0,994,6,994,0,1.0,1.0,1.0,1.0,1.0,1.0,1.0,1.0,1.0,1.0,1.0,1.0,0.0,0.0,0.0,0.0
periodic,upstream,b8_n2_duplicates_allowed,8,2,duplicates_allowed,0.25,bitonic,1000,1000,0,1000,1000,1.0,1.0,994,6,994,0,1.0,1.0,1.0,1.0,1.0,1.0,1.0,1.0,1.0,1.0,1.0,1.0,0.0,0.0,0.0,0.0
periodic,upstream,b8_n2_duplicates_allowed,8,2,duplicates_allowed,0.25,rank,1000,1000,0,1000,1000,1.0,1.0,994,6,994,0,1.0,1.0,1.0,1.0,1.0,1.0,1.0,1.0,1.0,1.0,1.0,1.0,0.0,0.0,0.0,0.0
periodic,output,b8_n2_duplicates_allowed,8,2,duplicates_allowed,0.0,bitonic,1000,1000,0,1000,1000,1.0,1.0,994,6,994,0,1.0,1.0,1.0,1.0,1.0,1.0,1.0,1.0,1.0,1.0,1.0,1.0,0.0,0.0,0.0,0.0
periodic,output,b8_n2_duplicates_allowed,8,2,duplicates_allowed,0.0,rank,1000,1000,0,1000,1000,1.0,1.0,994,6,994,0,1.0,1.0,1.0,1.0,1.0,1.0,1.0,1.0,1.0,1.0,1.0,1.0,0.0,0.0,0.0,0.0
periodic,output,b8_n2_duplicates_allowed,8,2,duplicates_allowed,0.05,bitonic,1000,1000,0,1000,998,1.0,0.998,994,6,994,0,1.0,1.0,1.0,1.0,1.0,1.0,1.0,1.0,1.0,1.0,1.0,1.0,0.0,0.0,0.0,0.0
periodic,output,b8_n2_duplicates_allowed,8,2,duplicates_allowed,0.05,rank,1000,1000,0,1000,997,1.0,0.997,994,6,994,0,1.0,1.0,1.0,1.0,1.0,1.0,1.0,1.0,1.0,1.0,1.0,1.0,0.0,0.0,0.0,0.0
periodic,output,b8_n2_duplicates_allowed,8,2,duplicates_allowed,0.1,bitonic,1000,1000,0,1000,998,1.0,0.998,994,6,994,0,1.0,1.0,1.0,1.0,1.0,1.0,1.0,1.0,1.0,1.0,1.0,1.0,0.0,0.0,0.0,0.0
periodic,output,b8_n2_duplicates_allowed,8,2,duplicates_allowed,0.1,rank,1000,1000,0,1000,997,1.0,0.997,994,6,994,0,1.0,1.0,1.0,1.0,1.0,1.0,1.0,1.0,1.0,1.0,1.0,1.0,0.0,0.0,0.0,0.0
periodic,output,b8_n2_duplicates_allowed,8,2,duplicates_allowed,0.15,bitonic,1000,1000,0,1000,998,1.0,0.998,994,6,994,0,1.0,1.0,1.0,1.0,1.0,1.0,1.0,1.0,1.0,1.0,1.0,1.0,0.0,0.0,0.0,0.0
periodic,output,b8_n2_duplicates_allowed,8,2,duplicates_allowed,0.15,rank,1000,1000,0,1000,997,1.0,0.997,994,6,994,0,1.0,1.0,1.0,1.0,1.0,1.0,1.0,1.0,1.0,1.0,1.0,1.0,0.0,0.0,0.0,0.0
periodic,output,b8_n2_duplicates_allowed,8,2,duplicates_allowed,0.2,bitonic,1000,1000,0,1000,998,1.0,0.998,994,6,994,0,1.0,1.0,1.0,1.0,1.0,1.0,1.0,1.0,1.0,1.0,1.0,1.0,0.0,0.0,0.0,0.0
periodic,output,b8_n2_duplicates_allowed,8,2,duplicates_allowed,0.2,rank,1000,1000,0,1000,997,1.0,0.997,994,6,994,0,1.0,1.0,1.0,1.0,1.0,1.0,1.0,1.0,1.0,1.0,1.0,1.0,0.0,0.0,0.0,0.0
periodic,output,b8_n2_duplicates_allowed,8,2,duplicates_allowed,0.25,bitonic,1000,1000,0,1000,998,1.0,0.998,994,6,994,0,1.0,1.0,1.0,1.0,1.0,1.0,1.0,1.0,1.0,1.0,1.0,1.0,0.0,0.0,0.0,0.0
periodic,output,b8_n2_duplicates_allowed,8,2,duplicates_allowed,0.25,rank,1000,1000,0,1000,997,1.0,0.997,994,6,994,0,1.0,1.0,1.0,1.0,1.0,1.0,1.0,1.0,1.0,1.0,1.0,1.0,0.0,0.0,0.0,0.0
periodic,upstream,b8_n4_distinct,8,4,distinct,0.0,bitonic,1000,1000,0,1000,1000,1.0,1.0,1000,0,6000,0,1.0,1.0,1.0,1.0,1.0,1.0,1.0,1.0,1.0,1.0,1.0,1.0,0.0,0.0,0.0,0.0
periodic,upstream,b8_n4_distinct,8,4,distinct,0.0,rank,1000,1000,0,1000,1000,1.0,1.0,1000,0,6000,0,1.0,1.0,1.0,1.0,1.0,1.0,1.0,1.0,1.0,1.0,1.0,1.0,0.0,0.0,0.0,0.0
periodic,upstream,b8_n4_distinct,8,4,distinct,0.05,bitonic,1000,1000,0,1000,1000,1.0,1.0,1000,0,6000,0,1.0,1.0,1.0,1.0,1.0,1.0,1.0,1.0,1.0,1.0,1.0,1.0,0.0,0.0,0.0,0.0
periodic,upstream,b8_n4_distinct,8,4,distinct,0.05,rank,1000,1000,0,1000,1000,1.0,1.0,1000,0,6000,0,1.0,1.0,1.0,1.0,1.0,1.0,1.0,1.0,1.0,1.0,1.0,1.0,0.0,0.0,0.0,0.0
periodic,upstream,b8_n4_distinct,8,4,distinct,0.1,bitonic,1000,1000,0,1000,1000,1.0,1.0,1000,0,6000,0,1.0,1.0,1.0,1.0,1.0,1.0,1.0,1.0,1.0,1.0,1.0,1.0,0.0,0.0,0.0,0.0
periodic,upstream,b8_n4_distinct,8,4,distinct,0.1,rank,1000,1000,0,1000,1000,1.0,1.0,1000,0,6000,0,1.0,1.0,1.0,1.0,1.0,1.0,1.0,1.0,1.0,1.0,1.0,1.0,0.0,0.0,0.0,0.0
periodic,upstream,b8_n4_distinct,8,4,distinct,0.15,bitonic,1000,1000,0,1000,1000,1.0,1.0,1000,0,6000,0,1.0,1.0,1.0,1.0,1.0,1.0,1.0,1.0,1.0,1.0,1.0,1.0,0.0,0.0,0.0,0.0
periodic,upstream,b8_n4_distinct,8,4,distinct,0.15,rank,1000,1000,0,1000,1000,1.0,1.0,1000,0,6000,0,1.0,1.0,1.0,1.0,1.0,1.0,1.0,1.0,1.0,1.0,1.0,1.0,0.0,0.0,0.0,0.0
periodic,upstream,b8_n4_distinct,8,4,distinct,0.2,bitonic,1000,1000,0,1000,1000,1.0,1.0,1000,0,6000,0,1.0,1.0,1.0,1.0,1.0,1.0,1.0,1.0,1.0,1.0,1.0,1.0,0.0,0.0,0.0,0.0
periodic,upstream,b8_n4_distinct,8,4,distinct,0.2,rank,1000,1000,0,1000,1000,1.0,1.0,1000,0,6000,0,1.0,1.0,1.0,1.0,1.0,1.0,1.0,1.0,1.0,1.0,1.0,1.0,0.0,0.0,0.0,0.0
periodic,upstream,b8_n4_distinct,8,4,distinct,0.25,bitonic,1000,1000,0,999,999,0.999,0.999,1000,0,6000,1,0.9996666666666666,1.0,0.6666666666666666,1.0,1.0,1.0,1.0,1.0,0.9996666666666666,1.0,0.6666666666666667,1.0,0.001,0.0,0.0,0.0
periodic,upstream,b8_n4_distinct,8,4,distinct,0.25,rank,1000,1000,0,1000,1000,1.0,1.0,1000,0,6000,0,1.0,1.0,1.0,1.0,1.0,1.0,1.0,1.0,1.0,1.0,1.0,1.0,0.0,0.0,0.0,0.0
periodic,output,b8_n4_distinct,8,4,distinct,0.0,bitonic,1000,1000,0,1000,1000,1.0,1.0,1000,0,6000,0,1.0,1.0,1.0,1.0,1.0,1.0,1.0,1.0,1.0,1.0,1.0,1.0,0.0,0.0,0.0,0.0
periodic,output,b8_n4_distinct,8,4,distinct,0.0,rank,1000,1000,0,1000,1000,1.0,1.0,1000,0,6000,0,1.0,1.0,1.0,1.0,1.0,1.0,1.0,1.0,1.0,1.0,1.0,1.0,0.0,0.0,0.0,0.0
periodic,output,b8_n4_distinct,8,4,distinct,0.05,bitonic,1000,1000,0,1000,1000,1.0,1.0,1000,0,6000,0,1.0,1.0,1.0,1.0,1.0,1.0,1.0,1.0,1.0,1.0,1.0,1.0,0.0,0.0,0.0,0.0
periodic,output,b8_n4_distinct,8,4,distinct,0.05,rank,1000,1000,0,1000,1000,1.0,1.0,1000,0,6000,0,1.0,1.0,1.0,1.0,1.0,1.0,1.0,1.0,1.0,1.0,1.0,1.0,0.0,0.0,0.0,0.0
periodic,output,b8_n4_distinct,8,4,distinct,0.1,bitonic,1000,1000,0,1000,1000,1.0,1.0,1000,0,6000,0,1.0,1.0,1.0,1.0,1.0,1.0,1.0,1.0,1.0,1.0,1.0,1.0,0.0,0.0,0.0,0.0
periodic,output,b8_n4_distinct,8,4,distinct,0.1,rank,1000,1000,0,1000,1000,1.0,1.0,1000,0,6000,0,1.0,1.0,1.0,1.0,1.0,1.0,1.0,1.0,1.0,1.0,1.0,1.0,0.0,0.0,0.0,0.0
periodic,output,b8_n4_distinct,8,4,distinct,0.15,bitonic,1000,1000,0,1000,1000,1.0,1.0,1000,0,6000,0,1.0,1.0,1.0,1.0,1.0,1.0,1.0,1.0,1.0,1.0,1.0,1.0,0.0,0.0,0.0,0.0
periodic,output,b8_n4_distinct,8,4,distinct,0.15,rank,1000,1000,0,1000,1000,1.0,1.0,1000,0,6000,0,1.0,1.0,1.0,1.0,1.0,1.0,1.0,1.0,1.0,1.0,1.0,1.0,0.0,0.0,0.0,0.0
periodic,output,b8_n4_distinct,8,4,distinct,0.2,bitonic,1000,1000,0,1000,1000,1.0,1.0,1000,0,6000,0,1.0,1.0,1.0,1.0,1.0,1.0,1.0,1.0,1.0,1.0,1.0,1.0,0.0,0.0,0.0,0.0
periodic,output,b8_n4_distinct,8,4,distinct,0.2,rank,1000,1000,0,1000,1000,1.0,1.0,1000,0,6000,0,1.0,1.0,1.0,1.0,1.0,1.0,1.0,1.0,1.0,1.0,1.0,1.0,0.0,0.0,0.0,0.0
periodic,output,b8_n4_distinct,8,4,distinct,0.25,bitonic,1000,1000,0,1000,1000,1.0,1.0,1000,0,6000,0,1.0,1.0,1.0,1.0,1.0,1.0,1.0,1.0,1.0,1.0,1.0,1.0,0.0,0.0,0.0,0.0
periodic,output,b8_n4_distinct,8,4,distinct,0.25,rank,1000,1000,0,1000,1000,1.0,1.0,1000,0,6000,0,1.0,1.0,1.0,1.0,1.0,1.0,1.0,1.0,1.0,1.0,1.0,1.0,0.0,0.0,0.0,0.0
periodic,upstream,b8_n4_duplicates_allowed,8,4,duplicates_allowed,0.0,bitonic,1000,1000,0,1000,1000,1.0,1.0,1000,0,5976,0,0.9979089023002066,1.0,0.9128709291752769,1.0,0.9979089023002066,1.0,0.9128709291752769,1.0,1.0,1.0,1.0,1.0,0.0,0.0,0.0,0.0
periodic,upstream,b8_n4_duplicates_allowed,8,4,duplicates_allowed,0.0,rank,1000,1000,0,1000,1000,1.0,1.0,1000,0,5976,0,0.9979089023002066,1.0,0.9128709291752769,1.0,0.9979089023002066,1.0,0.9128709291752769,1.0,1.0,1.0,1.0,1.0,0.0,0.0,0.0,0.0
periodic,upstream,b8_n4_duplicates_allowed,8,4,duplicates_allowed,0.05,bitonic,1000,1000,0,1000,1000,1.0,1.0,1000,0,5976,0,0.9979089023002066,1.0,0.9128709291752769,1.0,0.9979089023002066,1.0,0.9128709291752769,1.0,1.0,1.0,1.0,1.0,0.0,0.0,0.0,0.0
periodic,upstream,b8_n4_duplicates_allowed,8,4,duplicates_allowed,0.05,rank,1000,1000,0,1000,1000,1.0,1.0,1000,0,5976,0,0.9979089023002066,1.0,0.9128709291752769,1.0,0.9979089023002066,1.0,0.9128709291752769,1.0,1.0,1.0,1.0,1.0,0.0,0.0,0.0,0.0
periodic,upstream,b8_n4_duplicates_allowed,8,4,duplicates_allowed,0.1,bitonic,1000,1000,0,1000,1000,1.0,1.0,1000,0,5976,0,0.9979089023002066,1.0,0.9128709291752769,1.0,0.9979089023002066,1.0,0.9128709291752769,1.0,1.0,1.0,1.0,1.0,0.0,0.0,0.0,0.0
periodic,upstream,b8_n4_duplicates_allowed,8,4,duplicates_allowed,0.1,rank,1000,1000,0,1000,1000,1.0,1.0,1000,0,5976,0,0.9979089023002066,1.0,0.9128709291752769,1.0,0.9979089023002066,1.0,0.9128709291752769,1.0,1.0,1.0,1.0,1.0,0.0,0.0,0.0,0.0
periodic,upstream,b8_n4_duplicates_allowed,8,4,duplicates_allowed,0.15,bitonic,1000,1000,0,1000,1000,1.0,1.0,1000,0,5976,0,0.9979089023002066,1.0,0.9128709291752769,1.0,0.9979089023002066,1.0,0.9128709291752769,1.0,1.0,1.0,1.0,1.0,0.0,0.0,0.0,0.0
periodic,upstream,b8_n4_duplicates_allowed,8,4,duplicates_allowed,0.15,rank,1000,1000,0,1000,1000,1.0,1.0,1000,0,5976,0,0.9979089023002066,1.0,0.9128709291752769,1.0,0.9979089023002066,1.0,0.9128709291752769,1.0,1.0,1.0,1.0,1.0,0.0,0.0,0.0,0.0
periodic,upstream,b8_n4_duplicates_allowed,8,4,duplicates_allowed,0.2,bitonic,1000,1000,0,999,997,0.999,0.997,1000,0,5976,1,0.9975755689668734,1.0,0.6666666666666666,1.0,0.9979089023002066,1.0,0.9128709291752769,1.0,0.9996666666666666,1.0,0.6666666666666667,1.0,0.001,0.0,0.0,0.0
periodic,upstream,b8_n4_duplicates_allowed,8,4,duplicates_allowed,0.2,rank,1000,1000,0,999,999,0.999,0.999,1000,0,5976,1,0.9975755689668734,1.0,0.6666666666666666,1.0,0.9979089023002066,1.0,0.9128709291752769,1.0,0.9996666666666667,1.0,0.6666666666666667,1.0,0.001,0.0,0.0,0.0
periodic,upstream,b8_n4_duplicates_allowed,8,4,duplicates_allowed,0.25,bitonic,1000,1000,0,999,997,0.999,0.997,1000,0,5976,1,0.9975755689668734,1.0,0.6666666666666666,1.0,0.9979089023002066,1.0,0.9128709291752769,1.0,0.9996666666666666,1.0,0.6666666666666667,1.0,0.001,0.0,0.0,0.0
periodic,upstream,b8_n4_duplicates_allowed,8,4,duplicates_allowed,0.25,rank,1000,1000,0,999,998,0.999,0.998,1000,0,5976,1,0.9975755689668734,1.0,0.6666666666666666,1.0,0.9979089023002066,1.0,0.9128709291752769,1.0,0.9996666666666667,1.0,0.6666666666666667,1.0,0.001,0.0,0.0,0.0
periodic,output,b8_n4_duplicates_allowed,8,4,duplicates_allowed,0.0,bitonic,1000,1000,0,1000,1000,1.0,1.0,1000,0,5976,0,0.9979089023002066,1.0,0.9128709291752769,1.0,0.9979089023002066,1.0,0.9128709291752769,1.0,1.0,1.0,1.0,1.0,0.0,0.0,0.0,0.0
periodic,output,b8_n4_duplicates_allowed,8,4,duplicates_allowed,0.0,rank,1000,1000,0,1000,1000,1.0,1.0,1000,0,5976,0,0.9979089023002066,1.0,0.9128709291752769,1.0,0.9979089023002066,1.0,0.9128709291752769,1.0,1.0,1.0,1.0,1.0,0.0,0.0,0.0,0.0
periodic,output,b8_n4_duplicates_allowed,8,4,duplicates_allowed,0.05,bitonic,1000,1000,0,1000,992,1.0,0.992,1000,0,5976,0,0.9979089023002066,1.0,0.9128709291752769,1.0,0.9979089023002066,1.0,0.9128709291752769,1.0,1.0,1.0,1.0,1.0,0.0,0.0,0.0,0.0
periodic,output,b8_n4_duplicates_allowed,8,4,duplicates_allowed,0.05,rank,1000,1000,0,1000,991,1.0,0.991,1000,0,5976,0,0.9979089023002066,1.0,0.9128709291752769,1.0,0.9979089023002066,1.0,0.9128709291752769,1.0,1.0,1.0,1.0,1.0,0.0,0.0,0.0,0.0
periodic,output,b8_n4_duplicates_allowed,8,4,duplicates_allowed,0.1,bitonic,1000,1000,0,1000,992,1.0,0.992,1000,0,5976,0,0.9979089023002066,1.0,0.9128709291752769,1.0,0.9979089023002066,1.0,0.9128709291752769,1.0,1.0,1.0,1.0,1.0,0.0,0.0,0.0,0.0
periodic,output,b8_n4_duplicates_allowed,8,4,duplicates_allowed,0.1,rank,1000,1000,0,1000,991,1.0,0.991,1000,0,5976,0,0.9979089023002066,1.0,0.9128709291752769,1.0,0.9979089023002066,1.0,0.9128709291752769,1.0,1.0,1.0,1.0,1.0,0.0,0.0,0.0,0.0
periodic,output,b8_n4_duplicates_allowed,8,4,duplicates_allowed,0.15,bitonic,1000,1000,0,1000,992,1.0,0.992,1000,0,5976,0,0.9979089023002066,1.0,0.9128709291752769,1.0,0.9979089023002066,1.0,0.9128709291752769,1.0,1.0,1.0,1.0,1.0,0.0,0.0,0.0,0.0
periodic,output,b8_n4_duplicates_allowed,8,4,duplicates_allowed,0.15,rank,1000,1000,0,1000,991,1.0,0.991,1000,0,5976,0,0.9979089023002066,1.0,0.9128709291752769,1.0,0.9979089023002066,1.0,0.9128709291752769,1.0,1.0,1.0,1.0,1.0,0.0,0.0,0.0,0.0
periodic,output,b8_n4_duplicates_allowed,8,4,duplicates_allowed,0.2,bitonic,1000,1000,0,1000,992,1.0,0.992,1000,0,5976,0,0.9979089023002066,1.0,0.9128709291752769,1.0,0.9979089023002066,1.0,0.9128709291752769,1.0,1.0,1.0,1.0,1.0,0.0,0.0,0.0,0.0
periodic,output,b8_n4_duplicates_allowed,8,4,duplicates_allowed,0.2,rank,1000,1000,0,1000,991,1.0,0.991,1000,0,5976,0,0.9979089023002066,1.0,0.9128709291752769,1.0,0.9979089023002066,1.0,0.9128709291752769,1.0,1.0,1.0,1.0,1.0,0.0,0.0,0.0,0.0
periodic,output,b8_n4_duplicates_allowed,8,4,duplicates_allowed,0.25,bitonic,1000,1000,0,1000,992,1.0,0.992,1000,0,5976,0,0.9979089023002066,1.0,0.9128709291752769,1.0,0.9979089023002066,1.0,0.9128709291752769,1.0,1.0,1.0,1.0,1.0,0.0,0.0,0.0,0.0
periodic,output,b8_n4_duplicates_allowed,8,4,duplicates_allowed,0.25,rank,1000,1000,0,1000,991,1.0,0.991,1000,0,5976,0,0.9979089023002066,1.0,0.9128709291752769,1.0,0.9979089023002066,1.0,0.9128709291752769,1.0,1.0,1.0,1.0,1.0,0.0,0.0,0.0,0.0
periodic,upstream,b8_n8_distinct,8,8,distinct,0.0,bitonic,1000,1000,0,1000,1000,1.0,1.0,1000,0,28000,0,1.0,1.0,1.0,1.0,1.0,1.0,1.0,1.0,1.0,1.0,1.0,1.0,0.0,0.0,0.0,0.0
periodic,upstream,b8_n8_distinct,8,8,distinct,0.0,rank,1000,1000,0,1000,1000,1.0,1.0,1000,0,28000,0,1.0,1.0,1.0,1.0,1.0,1.0,1.0,1.0,1.0,1.0,1.0,1.0,0.0,0.0,0.0,0.0
periodic,upstream,b8_n8_distinct,8,8,distinct,0.05,bitonic,1000,1000,0,1000,1000,1.0,1.0,1000,0,28000,0,1.0,1.0,1.0,1.0,1.0,1.0,1.0,1.0,1.0,1.0,1.0,1.0,0.0,0.0,0.0,0.0
periodic,upstream,b8_n8_distinct,8,8,distinct,0.05,rank,1000,1000,0,1000,1000,1.0,1.0,1000,0,28000,0,1.0,1.0,1.0,1.0,1.0,1.0,1.0,1.0,1.0,1.0,1.0,1.0,0.0,0.0,0.0,0.0
periodic,upstream,b8_n8_distinct,8,8,distinct,0.1,bitonic,1000,1000,0,1000,1000,1.0,1.0,1000,0,28000,0,1.0,1.0,1.0,1.0,1.0,1.0,1.0,1.0,1.0,1.0,1.0,1.0,0.0,0.0,0.0,0.0
periodic,upstream,b8_n8_distinct,8,8,distinct,0.1,rank,1000,1000,0,1000,1000,1.0,1.0,1000,0,28000,0,1.0,1.0,1.0,1.0,1.0,1.0,1.0,1.0,1.0,1.0,1.0,1.0,0.0,0.0,0.0,0.0
periodic,upstream,b8_n8_distinct,8,8,distinct,0.15,bitonic,1000,1000,0,1000,1000,1.0,1.0,1000,0,28000,0,1.0,1.0,1.0,1.0,1.0,1.0,1.0,1.0,1.0,1.0,1.0,1.0,0.0,0.0,0.0,0.0
periodic,upstream,b8_n8_distinct,8,8,distinct,0.15,rank,1000,1000,0,1000,1000,1.0,1.0,1000,0,28000,0,1.0,1.0,1.0,1.0,1.0,1.0,1.0,1.0,1.0,1.0,1.0,1.0,0.0,0.0,0.0,0.0
periodic,upstream,b8_n8_distinct,8,8,distinct,0.2,bitonic,1000,1000,0,999,999,0.999,0.999,1000,0,28000,1,0.9999285714285715,1.0,0.9285714285714286,1.0,1.0,1.0,1.0,1.0,0.9999285714285715,1.0,0.9285714285714286,1.0,0.001,0.0,0.0,0.0
periodic,upstream,b8_n8_distinct,8,8,distinct,0.2,rank,1000,1000,0,998,998,0.998,0.998,1000,0,28000,2,0.9998571428571429,1.0,0.9285714285714286,1.0,1.0,1.0,1.0,1.0,0.9998571428571429,1.0,0.9285714285714286,1.0,0.002,0.0,0.0,0.0
periodic,upstream,b8_n8_distinct,8,8,distinct,0.25,bitonic,1000,1000,0,998,998,0.998,0.998,1000,0,28000,2,0.9998571428571429,1.0,0.9285714285714286,1.0,1.0,1.0,1.0,1.0,0.9998571428571429,1.0,0.9285714285714286,1.0,0.002,0.0,0.0,0.0
periodic,upstream,b8_n8_distinct,8,8,distinct,0.25,rank,1000,1000,0,996,996,0.996,0.996,1000,0,28000,4,0.9997142857142858,1.0,0.9285714285714286,1.0,1.0,1.0,1.0,1.0,0.9997142857142858,1.0,0.9285714285714286,1.0,0.004,0.0,0.0,0.0
periodic,output,b8_n8_distinct,8,8,distinct,0.0,bitonic,1000,1000,0,1000,1000,1.0,1.0,1000,0,28000,0,1.0,1.0,1.0,1.0,1.0,1.0,1.0,1.0,1.0,1.0,1.0,1.0,0.0,0.0,0.0,0.0
periodic,output,b8_n8_distinct,8,8,distinct,0.0,rank,1000,1000,0,1000,1000,1.0,1.0,1000,0,28000,0,1.0,1.0,1.0,1.0,1.0,1.0,1.0,1.0,1.0,1.0,1.0,1.0,0.0,0.0,0.0,0.0
periodic,output,b8_n8_distinct,8,8,distinct,0.05,bitonic,1000,1000,0,1000,1000,1.0,1.0,1000,0,28000,0,1.0,1.0,1.0,1.0,1.0,1.0,1.0,1.0,1.0,1.0,1.0,1.0,0.0,0.0,0.0,0.0
periodic,output,b8_n8_distinct,8,8,distinct,0.05,rank,1000,1000,0,1000,1000,1.0,1.0,1000,0,28000,0,1.0,1.0,1.0,1.0,1.0,1.0,1.0,1.0,1.0,1.0,1.0,1.0,0.0,0.0,0.0,0.0
periodic,output,b8_n8_distinct,8,8,distinct,0.1,bitonic,1000,1000,0,1000,1000,1.0,1.0,1000,0,28000,0,1.0,1.0,1.0,1.0,1.0,1.0,1.0,1.0,1.0,1.0,1.0,1.0,0.0,0.0,0.0,0.0
periodic,output,b8_n8_distinct,8,8,distinct,0.1,rank,1000,1000,0,1000,1000,1.0,1.0,1000,0,28000,0,1.0,1.0,1.0,1.0,1.0,1.0,1.0,1.0,1.0,1.0,1.0,1.0,0.0,0.0,0.0,0.0
periodic,output,b8_n8_distinct,8,8,distinct,0.15,bitonic,1000,1000,0,1000,1000,1.0,1.0,1000,0,28000,0,1.0,1.0,1.0,1.0,1.0,1.0,1.0,1.0,1.0,1.0,1.0,1.0,0.0,0.0,0.0,0.0
periodic,output,b8_n8_distinct,8,8,distinct,0.15,rank,1000,1000,0,1000,1000,1.0,1.0,1000,0,28000,0,1.0,1.0,1.0,1.0,1.0,1.0,1.0,1.0,1.0,1.0,1.0,1.0,0.0,0.0,0.0,0.0
periodic,output,b8_n8_distinct,8,8,distinct,0.2,bitonic,1000,1000,0,1000,1000,1.0,1.0,1000,0,28000,0,1.0,1.0,1.0,1.0,1.0,1.0,1.0,1.0,1.0,1.0,1.0,1.0,0.0,0.0,0.0,0.0
periodic,output,b8_n8_distinct,8,8,distinct,0.2,rank,1000,1000,0,1000,1000,1.0,1.0,1000,0,28000,0,1.0,1.0,1.0,1.0,1.0,1.0,1.0,1.0,1.0,1.0,1.0,1.0,0.0,0.0,0.0,0.0
periodic,output,b8_n8_distinct,8,8,distinct,0.25,bitonic,1000,1000,0,1000,1000,1.0,1.0,1000,0,28000,0,1.0,1.0,1.0,1.0,1.0,1.0,1.0,1.0,1.0,1.0,1.0,1.0,0.0,0.0,0.0,0.0
periodic,output,b8_n8_distinct,8,8,distinct,0.25,rank,1000,1000,0,1000,1000,1.0,1.0,1000,0,28000,0,1.0,1.0,1.0,1.0,1.0,1.0,1.0,1.0,1.0,1.0,1.0,1.0,0.0,0.0,0.0,0.0
periodic,upstream,b8_n8_duplicates_allowed,8,8,duplicates_allowed,0.0,bitonic,1000,1000,0,1000,1000,1.0,1.0,1000,0,27873,0,0.9977070444078736,1.0,0.9258200997725514,0.9819805060619657,0.9977070444078736,1.0,0.9258200997725514,0.9819805060619657,1.0,1.0,1.0,1.0,0.0,0.0,0.0,0.0
periodic,upstream,b8_n8_duplicates_allowed,8,8,duplicates_allowed,0.0,rank,1000,1000,0,1000,1000,1.0,1.0,1000,0,27873,0,0.9977070444078736,1.0,0.9258200997725514,0.9819805060619657,0.9977070444078736,1.0,0.9258200997725514,0.9819805060619657,1.0,1.0,1.0,1.0,0.0,0.0,0.0,0.0
periodic,upstream,b8_n8_duplicates_allowed,8,8,duplicates_allowed,0.05,bitonic,1000,1000,0,1000,1000,1.0,1.0,1000,0,27873,0,0.9977070444078736,1.0,0.9258200997725514,0.9819805060619657,0.9977070444078736,1.0,0.9258200997725514,0.9819805060619657,1.0,1.0,1.0,1.0,0.0,0.0,0.0,0.0
periodic,upstream,b8_n8_duplicates_allowed,8,8,duplicates_allowed,0.05,rank,1000,1000,0,1000,1000,1.0,1.0,1000,0,27873,0,0.9977070444078736,1.0,0.9258200997725514,0.9819805060619657,0.9977070444078736,1.0,0.9258200997725514,0.9819805060619657,1.0,1.0,1.0,1.0,0.0,0.0,0.0,0.0
periodic,upstream,b8_n8_duplicates_allowed,8,8,duplicates_allowed,0.1,bitonic,1000,1000,0,1000,1000,1.0,1.0,1000,0,27873,0,0.9977070444078736,1.0,0.9258200997725514,0.9819805060619657,0.9977070444078736,1.0,0.9258200997725514,0.9819805060619657,1.0,1.0,1.0,1.0,0.0,0.0,0.0,0.0
periodic,upstream,b8_n8_duplicates_allowed,8,8,duplicates_allowed,0.1,rank,1000,1000,0,1000,1000,1.0,1.0,1000,0,27873,0,0.9977070444078736,1.0,0.9258200997725514,0.9819805060619657,0.9977070444078736,1.0,0.9258200997725514,0.9819805060619657,1.0,1.0,1.0,1.0,0.0,0.0,0.0,0.0
periodic,upstream,b8_n8_duplicates_allowed,8,8,duplicates_allowed,0.15,bitonic,1000,1000,0,1000,1000,1.0,1.0,1000,0,27873,0,0.9977070444078736,1.0,0.9258200997725514,0.9819805060619657,0.9977070444078736,1.0,0.9258200997725514,0.9819805060619657,1.0,1.0,1.0,1.0,0.0,0.0,0.0,0.0
periodic,upstream,b8_n8_duplicates_allowed,8,8,duplicates_allowed,0.15,rank,1000,1000,0,999,999,0.999,0.999,1000,0,27873,1,0.9976356158364449,1.0,0.9258200997725514,0.9819805060619657,0.9977070444078736,1.0,0.9258200997725514,0.9819805060619657,0.9999285714285715,1.0,0.9285714285714286,1.0,0.001,0.0,0.0,0.0
periodic,upstream,b8_n8_duplicates_allowed,8,8,duplicates_allowed,0.2,bitonic,1000,1000,0,998,996,0.998,0.996,1000,0,27873,2,0.9975641872650164,1.0,0.9258200997725514,0.9819805060619657,0.9977070444078736,1.0,0.9258200997725514,0.9819805060619657,0.9998571428571429,1.0,0.9285714285714286,1.0,0.002,0.0,0.0,0.0
periodic,upstream,b8_n8_duplicates_allowed,8,8,duplicates_allowed,0.2,rank,1000,1000,0,999,999,0.999,0.999,1000,0,27873,1,0.9976356158364449,1.0,0.9258200997725514,0.9819805060619657,0.9977070444078736,1.0,0.9258200997725514,0.9819805060619657,0.9999285714285715,1.0,0.9285714285714286,1.0,0.001,0.0,0.0,0.0
periodic,upstream,b8_n8_duplicates_allowed,8,8,duplicates_allowed,0.25,bitonic,1000,1000,0,998,994,0.998,0.994,1000,0,27873,2,0.9975641872650164,1.0,0.9258200997725514,0.9819805060619657,0.9977070444078736,1.0,0.9258200997725514,0.9819805060619657,0.9998571428571429,1.0,0.9285714285714286,1.0,0.002,0.0,0.0,0.0
periodic,upstream,b8_n8_duplicates_allowed,8,8,duplicates_allowed,0.25,rank,1000,1000,0,996,995,0.996,0.995,1000,0,27873,4,0.9974213301221593,1.0,0.9258200997725514,0.9819805060619657,0.9977070444078736,1.0,0.9258200997725514,0.9819805060619657,0.9997142857142858,1.0,0.9285714285714286,1.0,0.004,0.0,0.0,0.0
periodic,output,b8_n8_duplicates_allowed,8,8,duplicates_allowed,0.0,bitonic,1000,1000,0,1000,1000,1.0,1.0,1000,0,27873,0,0.9977070444078736,1.0,0.9258200997725514,0.9819805060619657,0.9977070444078736,1.0,0.9258200997725514,0.9819805060619657,1.0,1.0,1.0,1.0,0.0,0.0,0.0,0.0
periodic,output,b8_n8_duplicates_allowed,8,8,duplicates_allowed,0.0,rank,1000,1000,0,1000,1000,1.0,1.0,1000,0,27873,0,0.9977070444078736,1.0,0.9258200997725514,0.9819805060619657,0.9977070444078736,1.0,0.9258200997725514,0.9819805060619657,1.0,1.0,1.0,1.0,0.0,0.0,0.0,0.0
periodic,output,b8_n8_duplicates_allowed,8,8,duplicates_allowed,0.05,bitonic,1000,1000,0,1000,939,1.0,0.939,1000,0,27873,0,0.9977070444078736,1.0,0.9258200997725514,0.9819805060619657,0.9977070444078736,1.0,0.9258200997725514,0.9819805060619657,1.0,1.0,1.0,1.0,0.0,0.0,0.0,0.0
periodic,output,b8_n8_duplicates_allowed,8,8,duplicates_allowed,0.05,rank,1000,1000,0,1000,944,1.0,0.944,1000,0,27873,0,0.9977070444078736,1.0,0.9258200997725514,0.9819805060619657,0.9977070444078736,1.0,0.9258200997725514,0.9819805060619657,1.0,1.0,1.0,1.0,0.0,0.0,0.0,0.0
periodic,output,b8_n8_duplicates_allowed,8,8,duplicates_allowed,0.1,bitonic,1000,1000,0,1000,939,1.0,0.939,1000,0,27873,0,0.9977070444078736,1.0,0.9258200997725514,0.9819805060619657,0.9977070444078736,1.0,0.9258200997725514,0.9819805060619657,1.0,1.0,1.0,1.0,0.0,0.0,0.0,0.0
periodic,output,b8_n8_duplicates_allowed,8,8,duplicates_allowed,0.1,rank,1000,1000,0,1000,944,1.0,0.944,1000,0,27873,0,0.9977070444078736,1.0,0.9258200997725514,0.9819805060619657,0.9977070444078736,1.0,0.9258200997725514,0.9819805060619657,1.0,1.0,1.0,1.0,0.0,0.0,0.0,0.0
periodic,output,b8_n8_duplicates_allowed,8,8,duplicates_allowed,0.15,bitonic,1000,1000,0,1000,939,1.0,0.939,1000,0,27873,0,0.9977070444078736,1.0,0.9258200997725514,0.9819805060619657,0.9977070444078736,1.0,0.9258200997725514,0.9819805060619657,1.0,1.0,1.0,1.0,0.0,0.0,0.0,0.0
periodic,output,b8_n8_duplicates_allowed,8,8,duplicates_allowed,0.15,rank,1000,1000,0,1000,944,1.0,0.944,1000,0,27873,0,0.9977070444078736,1.0,0.9258200997725514,0.9819805060619657,0.9977070444078736,1.0,0.9258200997725514,0.9819805060619657,1.0,1.0,1.0,1.0,0.0,0.0,0.0,0.0
periodic,output,b8_n8_duplicates_allowed,8,8,duplicates_allowed,0.2,bitonic,1000,1000,0,1000,939,1.0,0.939,1000,0,27873,0,0.9977070444078736,1.0,0.9258200997725514,0.9819805060619657,0.9977070444078736,1.0,0.9258200997725514,0.9819805060619657,1.0,1.0,1.0,1.0,0.0,0.0,0.0,0.0
periodic,output,b8_n8_duplicates_allowed,8,8,duplicates_allowed,0.2,rank,1000,1000,0,1000,944,1.0,0.944,1000,0,27873,0,0.9977070444078736,1.0,0.9258200997725514,0.9819805060619657,0.9977070444078736,1.0,0.9258200997725514,0.9819805060619657,1.0,1.0,1.0,1.0,0.0,0.0,0.0,0.0
periodic,output,b8_n8_duplicates_allowed,8,8,duplicates_allowed,0.25,bitonic,1000,1000,0,1000,939,1.0,0.939,1000,0,27873,0,0.9977070444078736,1.0,0.9258200997725514,0.9819805060619657,0.9977070444078736,1.0,0.9258200997725514,0.9819805060619657,1.0,1.0,1.0,1.0,0.0,0.0,0.0,0.0
periodic,output,b8_n8_duplicates_allowed,8,8,duplicates_allowed,0.25,rank,1000,1000,0,1000,944,1.0,0.944,1000,0,27873,0,0.9977070444078736,1.0,0.9258200997725514,0.9819805060619657,0.9977070444078736,1.0,0.9258200997725514,0.9819805060619657,1.0,1.0,1.0,1.0,0.0,0.0,0.0,0.0
periodic,upstream,b8_n16_distinct,8,16,distinct,0.0,bitonic,1000,1000,0,1000,1000,1.0,1.0,1000,0,120000,0,1.0,1.0,1.0,1.0,1.0,1.0,1.0,1.0,1.0,1.0,1.0,1.0,0.0,0.0,0.0,0.0
periodic,upstream,b8_n16_distinct,8,16,distinct,0.0,rank,1000,1000,0,1000,1000,1.0,1.0,1000,0,120000,0,1.0,1.0,1.0,1.0,1.0,1.0,1.0,1.0,1.0,1.0,1.0,1.0,0.0,0.0,0.0,0.0
periodic,upstream,b8_n16_distinct,8,16,distinct,0.05,bitonic,1000,1000,0,1000,1000,1.0,1.0,1000,0,120000,0,1.0,1.0,1.0,1.0,1.0,1.0,1.0,1.0,1.0,1.0,1.0,1.0,0.0,0.0,0.0,0.0
periodic,upstream,b8_n16_distinct,8,16,distinct,0.05,rank,1000,1000,0,1000,1000,1.0,1.0,1000,0,120000,0,1.0,1.0,1.0,1.0,1.0,1.0,1.0,1.0,1.0,1.0,1.0,1.0,0.0,0.0,0.0,0.0
periodic,upstream,b8_n16_distinct,8,16,distinct,0.1,bitonic,1000,1000,0,1000,1000,1.0,1.0,1000,0,120000,0,1.0,1.0,1.0,1.0,1.0,1.0,1.0,1.0,1.0,1.0,1.0,1.0,0.0,0.0,0.0,0.0
periodic,upstream,b8_n16_distinct,8,16,distinct,0.1,rank,1000,1000,0,1000,1000,1.0,1.0,1000,0,120000,0,1.0,1.0,1.0,1.0,1.0,1.0,1.0,1.0,1.0,1.0,1.0,1.0,0.0,0.0,0.0,0.0
periodic,upstream,b8_n16_distinct,8,16,distinct,0.15,bitonic,1000,1000,0,1000,1000,1.0,1.0,1000,0,120000,0,1.0,1.0,1.0,1.0,1.0,1.0,1.0,1.0,1.0,1.0,1.0,1.0,0.0,0.0,0.0,0.0
periodic,upstream,b8_n16_distinct,8,16,distinct,0.15,rank,1000,1000,0,999,999,0.999,0.999,1000,0,120000,1,0.9999833333333333,1.0,0.9833333333333333,1.0,1.0,1.0,1.0,1.0,0.9999833333333333,1.0,0.9833333333333333,1.0,0.001,0.0,0.0,0.0
periodic,upstream,b8_n16_distinct,8,16,distinct,0.2,bitonic,1000,1000,0,1000,1000,1.0,1.0,1000,0,120000,0,1.0,1.0,1.0,1.0,1.0,1.0,1.0,1.0,1.0,1.0,1.0,1.0,0.0,0.0,0.0,0.0
periodic,upstream,b8_n16_distinct,8,16,distinct,0.2,rank,1000,1000,0,996,996,0.996,0.996,1000,0,120000,4,0.9999333333333333,1.0,0.9833333333333333,1.0,1.0,1.0,1.0,1.0,0.9999333333333333,1.0,0.9833333333333333,1.0,0.004,0.0,0.0,0.0
periodic,upstream,b8_n16_distinct,8,16,distinct,0.25,bitonic,1000,1000,0,990,990,0.99,0.99,1000,0,120000,10,0.9998333333333332,1.0,0.9833333333333333,1.0,1.0,1.0,1.0,1.0,0.9998333333333332,1.0,0.9833333333333333,1.0,0.01,0.0,0.0,0.0
periodic,upstream,b8_n16_distinct,8,16,distinct,0.25,rank,1000,1000,0,986,986,0.986,0.986,1000,0,120000,14,0.9997666666666667,1.0,0.9833333333333333,1.0,1.0,1.0,1.0,1.0,0.9997666666666667,1.0,0.9833333333333333,1.0,0.014,0.0,0.0,0.0
periodic,output,b8_n16_distinct,8,16,distinct,0.0,bitonic,1000,1000,0,1000,1000,1.0,1.0,1000,0,120000,0,1.0,1.0,1.0,1.0,1.0,1.0,1.0,1.0,1.0,1.0,1.0,1.0,0.0,0.0,0.0,0.0
periodic,output,b8_n16_distinct,8,16,distinct,0.0,rank,1000,1000,0,1000,1000,1.0,1.0,1000,0,120000,0,1.0,1.0,1.0,1.0,1.0,1.0,1.0,1.0,1.0,1.0,1.0,1.0,0.0,0.0,0.0,0.0
periodic,output,b8_n16_distinct,8,16,distinct,0.05,bitonic,1000,1000,0,1000,1000,1.0,1.0,1000,0,120000,0,1.0,1.0,1.0,1.0,1.0,1.0,1.0,1.0,1.0,1.0,1.0,1.0,0.0,0.0,0.0,0.0
periodic,output,b8_n16_distinct,8,16,distinct,0.05,rank,1000,1000,0,1000,1000,1.0,1.0,1000,0,120000,0,1.0,1.0,1.0,1.0,1.0,1.0,1.0,1.0,1.0,1.0,1.0,1.0,0.0,0.0,0.0,0.0
periodic,output,b8_n16_distinct,8,16,distinct,0.1,bitonic,1000,1000,0,1000,1000,1.0,1.0,1000,0,120000,0,1.0,1.0,1.0,1.0,1.0,1.0,1.0,1.0,1.0,1.0,1.0,1.0,0.0,0.0,0.0,0.0
periodic,output,b8_n16_distinct,8,16,distinct,0.1,rank,1000,1000,0,1000,1000,1.0,1.0,1000,0,120000,0,1.0,1.0,1.0,1.0,1.0,1.0,1.0,1.0,1.0,1.0,1.0,1.0,0.0,0.0,0.0,0.0
periodic,output,b8_n16_distinct,8,16,distinct,0.15,bitonic,1000,1000,0,1000,1000,1.0,1.0,1000,0,120000,0,1.0,1.0,1.0,1.0,1.0,1.0,1.0,1.0,1.0,1.0,1.0,1.0,0.0,0.0,0.0,0.0
periodic,output,b8_n16_distinct,8,16,distinct,0.15,rank,1000,1000,0,1000,1000,1.0,1.0,1000,0,120000,0,1.0,1.0,1.0,1.0,1.0,1.0,1.0,1.0,1.0,1.0,1.0,1.0,0.0,0.0,0.0,0.0
periodic,output,b8_n16_distinct,8,16,distinct,0.2,bitonic,1000,1000,0,1000,1000,1.0,1.0,1000,0,120000,0,1.0,1.0,1.0,1.0,1.0,1.0,1.0,1.0,1.0,1.0,1.0,1.0,0.0,0.0,0.0,0.0
periodic,output,b8_n16_distinct,8,16,distinct,0.2,rank,1000,1000,0,1000,1000,1.0,1.0,1000,0,120000,0,1.0,1.0,1.0,1.0,1.0,1.0,1.0,1.0,1.0,1.0,1.0,1.0,0.0,0.0,0.0,0.0
periodic,output,b8_n16_distinct,8,16,distinct,0.25,bitonic,1000,1000,0,1000,1000,1.0,1.0,1000,0,120000,0,1.0,1.0,1.0,1.0,1.0,1.0,1.0,1.0,1.0,1.0,1.0,1.0,0.0,0.0,0.0,0.0
periodic,output,b8_n16_distinct,8,16,distinct,0.25,rank,1000,1000,0,1000,1000,1.0,1.0,1000,0,120000,0,1.0,1.0,1.0,1.0,1.0,1.0,1.0,1.0,1.0,1.0,1.0,1.0,0.0,0.0,0.0,0.0
periodic,upstream,b8_n16_duplicates_allowed,8,16,duplicates_allowed,0.0,bitonic,1000,1000,0,1000,1000,1.0,1.0,1000,0,119550,0,0.9981197027175688,1.0,0.9831920802501751,0.9916316520429012,0.9981197027175688,1.0,0.983192080250175,0.991631652042901,1.0,1.0,1.0,1.0,0.0,0.0,0.0,0.0
periodic,upstream,b8_n16_duplicates_allowed,8,16,duplicates_allowed,0.0,rank,1000,1000,0,1000,1000,1.0,1.0,1000,0,119550,0,0.9981197027175688,1.0,0.9831920802501751,0.9916316520429012,0.9981197027175688,1.0,0.983192080250175,0.991631652042901,1.0,1.0,1.0,1.0,0.0,0.0,0.0,0.0
periodic,upstream,b8_n16_duplicates_allowed,8,16,duplicates_allowed,0.05,bitonic,1000,1000,0,1000,1000,1.0,1.0,1000,0,119550,0,0.9981197027175688,1.0,0.9831920802501751,0.9916316520429012,0.9981197027175688,1.0,0.983192080250175,0.991631652042901,1.0,1.0,1.0,1.0,0.0,0.0,0.0,0.0
periodic,upstream,b8_n16_duplicates_allowed,8,16,duplicates_allowed,0.05,rank,1000,1000,0,1000,1000,1.0,1.0,1000,0,119550,0,0.9981197027175688,1.0,0.9831920802501751,0.9916316520429012,0.9981197027175688,1.0,0.983192080250175,0.991631652042901,1.0,1.0,1.0,1.0,0.0,0.0,0.0,0.0
periodic,upstream,b8_n16_duplicates_allowed,8,16,duplicates_allowed,0.1,bitonic,1000,1000,0,1000,1000,1.0,1.0,1000,0,119550,0,0.9981197027175688,1.0,0.9831920802501751,0.9916316520429012,0.9981197027175688,1.0,0.983192080250175,0.991631652042901,1.0,1.0,1.0,1.0,0.0,0.0,0.0,0.0
periodic,upstream,b8_n16_duplicates_allowed,8,16,duplicates_allowed,0.1,rank,1000,1000,0,1000,1000,1.0,1.0,1000,0,119550,0,0.9981197027175688,1.0,0.9831920802501751,0.9916316520429012,0.9981197027175688,1.0,0.983192080250175,0.991631652042901,1.0,1.0,1.0,1.0,0.0,0.0,0.0,0.0
periodic,upstream,b8_n16_duplicates_allowed,8,16,duplicates_allowed,0.15,bitonic,1000,1000,0,999,999,0.999,0.999,1000,0,119550,1,0.9981030360509021,1.0,0.9831920802501751,0.9916316520429012,0.9981197027175688,1.0,0.983192080250175,0.991631652042901,0.9999833333333333,1.0,0.9833333333333333,1.0,0.001,0.0,0.0,0.0
periodic,upstream,b8_n16_duplicates_allowed,8,16,duplicates_allowed,0.15,rank,1000,1000,0,1000,1000,1.0,1.0,1000,0,119550,0,0.9981197027175688,1.0,0.9831920802501751,0.9916316520429012,0.9981197027175688,1.0,0.983192080250175,0.991631652042901,1.0,1.0,1.0,1.0,0.0,0.0,0.0,0.0
periodic,upstream,b8_n16_duplicates_allowed,8,16,duplicates_allowed,0.2,bitonic,1000,1000,0,998,993,0.998,0.993,1000,0,119550,2,0.9980863693842355,1.0,0.9831920802501751,0.9916316520429012,0.9981197027175688,1.0,0.983192080250175,0.991631652042901,0.9999666666666667,1.0,0.9833333333333333,1.0,0.002,0.0,0.0,0.0
periodic,upstream,b8_n16_duplicates_allowed,8,16,duplicates_allowed,0.2,rank,1000,1000,0,999,998,0.999,0.998,1000,0,119550,1,0.9981029661693935,1.0,0.9790880682441959,0.9916316520429012,0.9981197027175688,1.0,0.983192080250175,0.991631652042901,0.9999831932773109,1.0,0.9831932773109243,1.0,0.001,0.0,0.0,0.0
periodic,upstream,b8_n16_duplicates_allowed,8,16,duplicates_allowed,0.25,bitonic,1000,1000,0,990,973,0.99,0.973,1000,0,119550,10,0.9979528962878852,1.0,0.9790880682441959,0.9916316520429012,0.9981197027175688,1.0,0.983192080250175,0.991631652042901,0.9998330532212886,1.0,0.9831932773109243,1.0,0.01,0.0,0.0,0.0
periodic,upstream,b8_n16_duplicates_allowed,8,16,duplicates_allowed,0.25,rank,1000,1000,0,993,979,0.993,0.979,1000,0,119550,7,0.9980028264063767,1.0,0.9790880682441959,0.9916316520429012,0.9981197027175688,1.0,0.983192080250175,0.991631652042901,0.9998829131652661,1.0,0.9831932773109243,1.0,0.007,0.0,0.0,0.0
periodic,output,b8_n16_duplicates_allowed,8,16,duplicates_allowed,0.0,bitonic,1000,1000,0,1000,1000,1.0,1.0,1000,0,119550,0,0.9981197027175688,1.0,0.9831920802501751,0.9916316520429012,0.9981197027175688,1.0,0.983192080250175,0.991631652042901,1.0,1.0,1.0,1.0,0.0,0.0,0.0,0.0
periodic,output,b8_n16_duplicates_allowed,8,16,duplicates_allowed,0.0,rank,1000,1000,0,1000,1000,1.0,1.0,1000,0,119550,0,0.9981197027175688,1.0,0.9831920802501751,0.9916316520429012,0.9981197027175688,1.0,0.983192080250175,0.991631652042901,1.0,1.0,1.0,1.0,0.0,0.0,0.0,0.0
periodic,output,b8_n16_duplicates_allowed,8,16,duplicates_allowed,0.05,bitonic,1000,1000,0,1000,793,1.0,0.793,1000,0,119550,0,0.9981197027175688,1.0,0.9831920802501751,0.9916316520429012,0.9981197027175688,1.0,0.983192080250175,0.991631652042901,1.0,1.0,1.0,1.0,0.0,0.0,0.0,0.0
periodic,output,b8_n16_duplicates_allowed,8,16,duplicates_allowed,0.05,rank,1000,999,1,999,797,0.999,0.797,999,0,119433,0,0.9981304122469091,1.0,0.9831920802501751,0.9916316520429012,0.9981304122469091,1.0,0.983192080250175,0.991631652042901,1.0,1.0,1.0,1.0,0.0,0.0,0.0,0.0
periodic,output,b8_n16_duplicates_allowed,8,16,duplicates_allowed,0.1,bitonic,1000,1000,0,1000,793,1.0,0.793,1000,0,119550,0,0.9981197027175688,1.0,0.9831920802501751,0.9916316520429012,0.9981197027175688,1.0,0.983192080250175,0.991631652042901,1.0,1.0,1.0,1.0,0.0,0.0,0.0,0.0
periodic,output,b8_n16_duplicates_allowed,8,16,duplicates_allowed,0.1,rank,1000,999,1,999,797,0.999,0.797,999,0,119433,0,0.9981304122469091,1.0,0.9831920802501751,0.9916316520429012,0.9981304122469091,1.0,0.983192080250175,0.991631652042901,1.0,1.0,1.0,1.0,0.0,0.0,0.0,0.0
periodic,output,b8_n16_duplicates_allowed,8,16,duplicates_allowed,0.15,bitonic,1000,1000,0,1000,793,1.0,0.793,1000,0,119550,0,0.9981197027175688,1.0,0.9831920802501751,0.9916316520429012,0.9981197027175688,1.0,0.983192080250175,0.991631652042901,1.0,1.0,1.0,1.0,0.0,0.0,0.0,0.0
periodic,output,b8_n16_duplicates_allowed,8,16,duplicates_allowed,0.15,rank,1000,999,1,999,797,0.999,0.797,999,0,119433,0,0.9981304122469091,1.0,0.9831920802501751,0.9916316520429012,0.9981304122469091,1.0,0.983192080250175,0.991631652042901,1.0,1.0,1.0,1.0,0.0,0.0,0.0,0.0
periodic,output,b8_n16_duplicates_allowed,8,16,duplicates_allowed,0.2,bitonic,1000,1000,0,1000,793,1.0,0.793,1000,0,119550,0,0.9981197027175688,1.0,0.9831920802501751,0.9916316520429012,0.9981197027175688,1.0,0.983192080250175,0.991631652042901,1.0,1.0,1.0,1.0,0.0,0.0,0.0,0.0
periodic,output,b8_n16_duplicates_allowed,8,16,duplicates_allowed,0.2,rank,1000,999,1,999,797,0.999,0.797,999,0,119433,0,0.9981304122469091,1.0,0.9831920802501751,0.9916316520429012,0.9981304122469091,1.0,0.983192080250175,0.991631652042901,1.0,1.0,1.0,1.0,0.0,0.0,0.0,0.0
periodic,output,b8_n16_duplicates_allowed,8,16,duplicates_allowed,0.25,bitonic,1000,1000,0,1000,793,1.0,0.793,1000,0,119550,0,0.9981197027175688,1.0,0.9831920802501751,0.9916316520429012,0.9981197027175688,1.0,0.983192080250175,0.991631652042901,1.0,1.0,1.0,1.0,0.0,0.0,0.0,0.0
periodic,output,b8_n16_duplicates_allowed,8,16,duplicates_allowed,0.25,rank,1000,999,1,999,797,0.999,0.797,999,0,119433,0,0.9981304122469091,1.0,0.9831920802501751,0.9916316520429012,0.9981304122469091,1.0,0.983192080250175,0.991631652042901,1.0,1.0,1.0,1.0,0.0,0.0,0.0,0.0
periodic,upstream,b8_n32_distinct,8,32,distinct,0.0,bitonic,1000,1000,0,1000,1000,1.0,1.0,1000,0,496000,0,1.0,1.0,1.0,1.0,1.0,1.0,1.0,1.0,1.0,1.0,1.0,1.0,0.0,0.0,0.0,0.0
periodic,upstream,b8_n32_distinct,8,32,distinct,0.0,rank,1000,1000,0,1000,1000,1.0,1.0,1000,0,496000,0,1.0,1.0,1.0,1.0,1.0,1.0,1.0,1.0,1.0,1.0,1.0,1.0,0.0,0.0,0.0,0.0
periodic,upstream,b8_n32_distinct,8,32,distinct,0.05,bitonic,1000,1000,0,1000,1000,1.0,1.0,1000,0,496000,0,1.0,1.0,1.0,1.0,1.0,1.0,1.0,1.0,1.0,1.0,1.0,1.0,0.0,0.0,0.0,0.0
periodic,upstream,b8_n32_distinct,8,32,distinct,0.05,rank,1000,1000,0,1000,1000,1.0,1.0,1000,0,496000,0,1.0,1.0,1.0,1.0,1.0,1.0,1.0,1.0,1.0,1.0,1.0,1.0,0.0,0.0,0.0,0.0
periodic,upstream,b8_n32_distinct,8,32,distinct,0.1,bitonic,1000,1000,0,1000,1000,1.0,1.0,1000,0,496000,0,1.0,1.0,1.0,1.0,1.0,1.0,1.0,1.0,1.0,1.0,1.0,1.0,0.0,0.0,0.0,0.0
periodic,upstream,b8_n32_distinct,8,32,distinct,0.1,rank,1000,1000,0,1000,1000,1.0,1.0,1000,0,496000,0,1.0,1.0,1.0,1.0,1.0,1.0,1.0,1.0,1.0,1.0,1.0,1.0,0.0,0.0,0.0,0.0
periodic,upstream,b8_n32_distinct,8,32,distinct,0.15,bitonic,1000,1000,0,998,998,0.998,0.998,1000,0,496000,2,0.999991935483871,1.0,0.9959677419354839,1.0,1.0,1.0,1.0,1.0,0.999991935483871,1.0,0.9959677419354839,1.0,0.002,0.0,0.0,0.0
periodic,upstream,b8_n32_distinct,8,32,distinct,0.15,rank,1000,1000,0,1000,1000,1.0,1.0,1000,0,496000,0,1.0,1.0,1.0,1.0,1.0,1.0,1.0,1.0,1.0,1.0,1.0,1.0,0.0,0.0,0.0,0.0
periodic,upstream,b8_n32_distinct,8,32,distinct,0.2,bitonic,1000,1000,0,989,989,0.989,0.989,1000,0,496000,11,0.9999556451612903,1.0,0.9959677419354839,1.0,1.0,1.0,1.0,1.0,0.9999556451612903,1.0,0.9959677419354839,1.0,0.011,0.0,0.0,0.0
periodic,upstream,b8_n32_distinct,8,32,distinct,0.2,rank,1000,1000,0,991,991,0.991,0.991,1000,0,496000,9,0.9999637096774194,1.0,0.9959677419354839,1.0,1.0,1.0,1.0,1.0,0.9999637096774194,1.0,0.9959677419354839,1.0,0.009,0.0,0.0,0.0
periodic,upstream,b8_n32_distinct,8,32,distinct,0.25,bitonic,1000,1000,0,961,961,0.961,0.961,1000,0,496000,39,0.999842741935484,1.0,0.9959677419354839,1.0,1.0,1.0,1.0,1.0,0.999842741935484,1.0,0.9959677419354839,1.0,0.039,0.0,0.0,0.0
periodic,upstream,b8_n32_distinct,8,32,distinct,0.25,rank,1000,1000,0,963,963,0.963,0.963,1000,0,496000,38,0.9998467741935484,1.0,0.9919354838709677,1.0,1.0,1.0,1.0,1.0,0.9998467741935484,1.0,0.9919354838709677,1.0,0.038,0.0,0.0,0.0
periodic,output,b8_n32_distinct,8,32,distinct,0.0,bitonic,1000,1000,0,1000,1000,1.0,1.0,1000,0,496000,0,1.0,1.0,1.0,1.0,1.0,1.0,1.0,1.0,1.0,1.0,1.0,1.0,0.0,0.0,0.0,0.0
periodic,output,b8_n32_distinct,8,32,distinct,0.0,rank,1000,1000,0,1000,1000,1.0,1.0,1000,0,496000,0,1.0,1.0,1.0,1.0,1.0,1.0,1.0,1.0,1.0,1.0,1.0,1.0,0.0,0.0,0.0,0.0
periodic,output,b8_n32_distinct,8,32,distinct,0.05,bitonic,1000,1000,0,1000,1000,1.0,1.0,1000,0,496000,0,1.0,1.0,1.0,1.0,1.0,1.0,1.0,1.0,1.0,1.0,1.0,1.0,0.0,0.0,0.0,0.0
periodic,output,b8_n32_distinct,8,32,distinct,0.05,rank,1000,1000,0,1000,1000,1.0,1.0,1000,0,496000,0,1.0,1.0,1.0,1.0,1.0,1.0,1.0,1.0,1.0,1.0,1.0,1.0,0.0,0.0,0.0,0.0
periodic,output,b8_n32_distinct,8,32,distinct,0.1,bitonic,1000,1000,0,1000,1000,1.0,1.0,1000,0,496000,0,1.0,1.0,1.0,1.0,1.0,1.0,1.0,1.0,1.0,1.0,1.0,1.0,0.0,0.0,0.0,0.0
periodic,output,b8_n32_distinct,8,32,distinct,0.1,rank,1000,1000,0,1000,1000,1.0,1.0,1000,0,496000,0,1.0,1.0,1.0,1.0,1.0,1.0,1.0,1.0,1.0,1.0,1.0,1.0,0.0,0.0,0.0,0.0
periodic,output,b8_n32_distinct,8,32,distinct,0.15,bitonic,1000,1000,0,1000,1000,1.0,1.0,1000,0,496000,0,1.0,1.0,1.0,1.0,1.0,1.0,1.0,1.0,1.0,1.0,1.0,1.0,0.0,0.0,0.0,0.0
periodic,output,b8_n32_distinct,8,32,distinct,0.15,rank,1000,1000,0,1000,1000,1.0,1.0,1000,0,496000,0,1.0,1.0,1.0,1.0,1.0,1.0,1.0,1.0,1.0,1.0,1.0,1.0,0.0,0.0,0.0,0.0
periodic,output,b8_n32_distinct,8,32,distinct,0.2,bitonic,1000,1000,0,1000,1000,1.0,1.0,1000,0,496000,0,1.0,1.0,1.0,1.0,1.0,1.0,1.0,1.0,1.0,1.0,1.0,1.0,0.0,0.0,0.0,0.0
periodic,output,b8_n32_distinct,8,32,distinct,0.2,rank,1000,1000,0,1000,1000,1.0,1.0,1000,0,496000,0,1.0,1.0,1.0,1.0,1.0,1.0,1.0,1.0,1.0,1.0,1.0,1.0,0.0,0.0,0.0,0.0
periodic,output,b8_n32_distinct,8,32,distinct,0.25,bitonic,1000,1000,0,1000,1000,1.0,1.0,1000,0,496000,0,1.0,1.0,1.0,1.0,1.0,1.0,1.0,1.0,1.0,1.0,1.0,1.0,0.0,0.0,0.0,0.0
periodic,output,b8_n32_distinct,8,32,distinct,0.25,rank,1000,1000,0,1000,1000,1.0,1.0,1000,0,496000,0,1.0,1.0,1.0,1.0,1.0,1.0,1.0,1.0,1.0,1.0,1.0,1.0,0.0,0.0,0.0,0.0
periodic,upstream,b8_n32_duplicates_allowed,8,32,duplicates_allowed,0.0,bitonic,1000,1000,0,1000,1000,1.0,1.0,1000,0,493996,0,0.9979768032846634,0.9979818344716921,0.9919027007433417,0.9949469105629253,0.9979768032846634,0.9979818344716921,0.9919027007433419,0.9949469105629253,1.0,1.0,1.0,1.0,0.0,0.0,0.0,0.0
periodic,upstream,b8_n32_duplicates_allowed,8,32,duplicates_allowed,0.0,rank,1000,1000,0,1000,1000,1.0,1.0,1000,0,493996,0,0.9979768032846634,0.9979818344716921,0.9919027007433417,0.9949469105629253,0.9979768032846634,0.9979818344716921,0.9919027007433419,0.9949469105629253,1.0,1.0,1.0,1.0,0.0,0.0,0.0,0.0
periodic,upstream,b8_n32_duplicates_allowed,8,32,duplicates_allowed,0.05,bitonic,1000,1000,0,1000,1000,1.0,1.0,1000,0,493996,0,0.9979768032846634,0.9979818344716921,0.9919027007433417,0.9949469105629253,0.9979768032846634,0.9979818344716921,0.9919027007433419,0.9949469105629253,1.0,1.0,1.0,1.0,0.0,0.0,0.0,0.0
periodic,upstream,b8_n32_duplicates_allowed,8,32,duplicates_allowed,0.05,rank,1000,1000,0,1000,1000,1.0,1.0,1000,0,493996,0,0.9979768032846634,0.9979818344716921,0.9919027007433417,0.9949469105629253,0.9979768032846634,0.9979818344716921,0.9919027007433419,0.9949469105629253,1.0,1.0,1.0,1.0,0.0,0.0,0.0,0.0
periodic,upstream,b8_n32_duplicates_allowed,8,32,duplicates_allowed,0.1,bitonic,1000,1000,0,1000,1000,1.0,1.0,1000,0,493996,0,0.9979768032846634,0.9979818344716921,0.9919027007433417,0.9949469105629253,0.9979768032846634,0.9979818344716921,0.9919027007433419,0.9949469105629253,1.0,1.0,1.0,1.0,0.0,0.0,0.0,0.0
periodic,upstream,b8_n32_duplicates_allowed,8,32,duplicates_allowed,0.1,rank,1000,1000,0,1000,1000,1.0,1.0,1000,0,493996,0,0.9979768032846634,0.9979818344716921,0.9919027007433417,0.9949469105629253,0.9979768032846634,0.9979818344716921,0.9919027007433419,0.9949469105629253,1.0,1.0,1.0,1.0,0.0,0.0,0.0,0.0
periodic,upstream,b8_n32_duplicates_allowed,8,32,duplicates_allowed,0.15,bitonic,1000,1000,0,999,999,0.999,0.999,1000,0,493996,1,0.997972766955666,0.9979818344716921,0.9919027007433417,0.9949469105629253,0.9979768032846634,0.9979818344716921,0.9919027007433419,0.9949469105629253,0.9999959595959595,1.0,0.9959595959595959,1.0,0.001,0.0,0.0,0.0
periodic,upstream,b8_n32_duplicates_allowed,8,32,duplicates_allowed,0.15,rank,1000,1000,0,998,998,0.998,0.998,1000,0,493996,2,0.9979687224476754,0.9979818344716921,0.9919027007433417,0.9949469105629253,0.9979768032846634,0.9979818344716921,0.9919027007433419,0.9949469105629253,0.9999919028008277,1.0,0.9959432048681541,1.0,0.002,0.0,0.0,0.0
periodic,upstream,b8_n32_duplicates_allowed,8,32,duplicates_allowed,0.2,bitonic,1000,1000,0,984,974,0.984,0.974,1000,0,493996,16,0.9979121524929897,0.9979818344716921,0.9919027007433417,0.9949469105629253,0.9979768032846634,0.9979818344716921,0.9919027007433419,0.9949469105629253,0.9999352141942822,1.0,0.9959349593495935,1.0,0.016,0.0,0.0,0.0
periodic,upstream,b8_n32_duplicates_allowed,8,32,duplicates_allowed,0.2,rank,1000,998,2,987,974,0.987,0.974,998,0,493013,11,0.9979373535145925,0.9979818344716921,0.9919027007433417,0.9949469105629253,0.9979818667092256,0.9979818344716921,0.9919027007433419,0.9958076791053092,0.9999554171838699,1.0,0.9959432048681541,1.0,0.011022044088176353,0.0,0.0,0.0
periodic,upstream,b8_n32_duplicates_allowed,8,32,duplicates_allowed,0.25,bitonic,1000,1000,0,953,911,0.953,0.911,1000,0,493996,50,0.9977747862939202,0.9979818344716921,0.9878623470831774,0.9949469105629253,0.9979768032846634,0.9979818344716921,0.9919027007433419,0.9949469105629253,0.9997975778004639,1.0,0.991869918699187,1.0,0.05,0.0,0.0,0.0
periodic,upstream,b8_n32_duplicates_allowed,8,32,duplicates_allowed,0.25,rank,1000,993,7,940,893,0.94,0.893,993,0,490549,53,0.9977723914209806,0.9979818344716921,0.9898763396877416,0.9949469105629253,0.9979879774392427,0.9979818344716921,0.9919027007433419,0.9959595794363182,0.9997840432043319,1.0,0.9959183673469387,0.9959677419354839,0.05337361530715005,0.0,0.0,0.0
periodic,output,b8_n32_duplicates_allowed,8,32,duplicates_allowed,0.0,bitonic,1000,1000,0,1000,1000,1.0,1.0,1000,0,493996,0,0.9979768032846634,0.9979818344716921,0.9919027007433417,0.9949469105629253,0.9979768032846634,0.9979818344716921,0.9919027007433419,0.9949469105629253,1.0,1.0,1.0,1.0,0.0,0.0,0.0,0.0
periodic,output,b8_n32_duplicates_allowed,8,32,duplicates_allowed,0.0,rank,1000,1000,0,1000,1000,1.0,1.0,1000,0,493996,0,0.9979768032846634,0.9979818344716921,0.9919027007433417,0.9949469105629253,0.9979768032846634,0.9979818344716921,0.9919027007433419,0.9949469105629253,1.0,1.0,1.0,1.0,0.0,0.0,0.0,0.0
periodic,output,b8_n32_duplicates_allowed,8,32,duplicates_allowed,0.05,bitonic,1000,1000,0,1000,355,1.0,0.355,1000,0,493996,0,0.9979768032846634,0.9979818344716921,0.9919027007433417,0.9949469105629253,0.9979768032846634,0.9979818344716921,0.9919027007433419,0.9949469105629253,1.0,1.0,1.0,1.0,0.0,0.0,0.0,0.0
periodic,output,b8_n32_duplicates_allowed,8,32,duplicates_allowed,0.05,rank,1000,982,18,982,357,0.982,0.357,982,0,485151,0,0.9980251287135153,0.9979818344716921,0.9919027007433417,0.9959595794363182,0.9980251287135153,0.9979818344716921,0.9919027007433419,0.9959595794363182,1.0,1.0,1.0,1.0,0.0,0.0,0.0,0.0
periodic,output,b8_n32_duplicates_allowed,8,32,duplicates_allowed,0.1,bitonic,1000,1000,0,1000,355,1.0,0.355,1000,0,493996,0,0.9979768032846634,0.9979818344716921,0.9919027007433417,0.9949469105629253,0.9979768032846634,0.9979818344716921,0.9919027007433419,0.9949469105629253,1.0,1.0,1.0,1.0,0.0,0.0,0.0,0.0
periodic,output,b8_n32_duplicates_allowed,8,32,duplicates_allowed,0.1,rank,1000,982,18,982,357,0.982,0.357,982,0,485151,0,0.9980251287135153,0.9979818344716921,0.9919027007433417,0.9959595794363182,0.9980251287135153,0.9979818344716921,0.9919027007433419,0.9959595794363182,1.0,1.0,1.0,1.0,0.0,0.0,0.0,0.0
periodic,output,b8_n32_duplicates_allowed,8,32,duplicates_allowed,0.15,bitonic,1000,1000,0,1000,355,1.0,0.355,1000,0,493996,0,0.9979768032846634,0.9979818344716921,0.9919027007433417,0.9949469105629253,0.9979768032846634,0.9979818344716921,0.9919027007433419,0.9949469105629253,1.0,1.0,1.0,1.0,0.0,0.0,0.0,0.0
periodic,output,b8_n32_duplicates_allowed,8,32,duplicates_allowed,0.15,rank,1000,982,18,982,357,0.982,0.357,982,0,485151,0,0.9980251287135153,0.9979818344716921,0.9919027007433417,0.9959595794363182,0.9980251287135153,0.9979818344716921,0.9919027007433419,0.9959595794363182,1.0,1.0,1.0,1.0,0.0,0.0,0.0,0.0
periodic,output,b8_n32_duplicates_allowed,8,32,duplicates_allowed,0.2,bitonic,1000,1000,0,1000,355,1.0,0.355,1000,0,493996,0,0.9979768032846634,0.9979818344716921,0.9919027007433417,0.9949469105629253,0.9979768032846634,0.9979818344716921,0.9919027007433419,0.9949469105629253,1.0,1.0,1.0,1.0,0.0,0.0,0.0,0.0
periodic,output,b8_n32_duplicates_allowed,8,32,duplicates_allowed,0.2,rank,1000,982,18,982,357,0.982,0.357,982,0,485151,0,0.9980251287135153,0.9979818344716921,0.9919027007433417,0.9959595794363182,0.9980251287135153,0.9979818344716921,0.9919027007433419,0.9959595794363182,1.0,1.0,1.0,1.0,0.0,0.0,0.0,0.0
periodic,output,b8_n32_duplicates_allowed,8,32,duplicates_allowed,0.25,bitonic,1000,1000,0,1000,355,1.0,0.355,1000,0,493996,0,0.9979768032846634,0.9979818344716921,0.9919027007433417,0.9949469105629253,0.9979768032846634,0.9979818344716921,0.9919027007433419,0.9949469105629253,1.0,1.0,1.0,1.0,0.0,0.0,0.0,0.0
periodic,output,b8_n32_duplicates_allowed,8,32,duplicates_allowed,0.25,rank,1000,982,18,982,357,0.982,0.357,982,0,485151,0,0.9980251287135153,0.9979818344716921,0.9919027007433417,0.9959595794363182,0.9980251287135153,0.9979818344716921,0.9919027007433419,0.9959595794363182,1.0,1.0,1.0,1.0,0.0,0.0,0.0,0.0
periodic,upstream,b8_n64_distinct,8,64,distinct,0.0,bitonic,1000,1000,0,1000,1000,1.0,1.0,1000,0,2016000,0,1.0,1.0,1.0,1.0,1.0,1.0,1.0,1.0,1.0,1.0,1.0,1.0,0.0,0.0,0.0,0.0
periodic,upstream,b8_n64_distinct,8,64,distinct,0.0,rank,1000,1000,0,1000,1000,1.0,1.0,1000,0,2016000,0,1.0,1.0,1.0,1.0,1.0,1.0,1.0,1.0,1.0,1.0,1.0,1.0,0.0,0.0,0.0,0.0
periodic,upstream,b8_n64_distinct,8,64,distinct,0.05,bitonic,1000,1000,0,1000,1000,1.0,1.0,1000,0,2016000,0,1.0,1.0,1.0,1.0,1.0,1.0,1.0,1.0,1.0,1.0,1.0,1.0,0.0,0.0,0.0,0.0
periodic,upstream,b8_n64_distinct,8,64,distinct,0.05,rank,1000,1000,0,1000,1000,1.0,1.0,1000,0,2016000,0,1.0,1.0,1.0,1.0,1.0,1.0,1.0,1.0,1.0,1.0,1.0,1.0,0.0,0.0,0.0,0.0
periodic,upstream,b8_n64_distinct,8,64,distinct,0.1,bitonic,1000,1000,0,1000,1000,1.0,1.0,1000,0,2016000,0,1.0,1.0,1.0,1.0,1.0,1.0,1.0,1.0,1.0,1.0,1.0,1.0,0.0,0.0,0.0,0.0
periodic,upstream,b8_n64_distinct,8,64,distinct,0.1,rank,1000,1000,0,1000,1000,1.0,1.0,1000,0,2016000,0,1.0,1.0,1.0,1.0,1.0,1.0,1.0,1.0,1.0,1.0,1.0,1.0,0.0,0.0,0.0,0.0
periodic,upstream,b8_n64_distinct,8,64,distinct,0.15,bitonic,1000,1000,0,998,998,0.998,0.998,1000,0,2016000,2,0.999998015873016,1.0,0.9990079365079365,1.0,1.0,1.0,1.0,1.0,0.999998015873016,1.0,0.9990079365079365,1.0,0.002,0.0,0.0,0.0
periodic,upstream,b8_n64_distinct,8,64,distinct,0.15,rank,1000,1000,0,997,997,0.997,0.997,1000,0,2016000,3,0.9999970238095238,1.0,0.9990079365079365,1.0,1.0,1.0,1.0,1.0,0.9999970238095238,1.0,0.9990079365079365,1.0,0.003,0.0,0.0,0.0
periodic,upstream,b8_n64_distinct,8,64,distinct,0.2,bitonic,1000,1000,0,953,953,0.953,0.953,1000,0,2016000,48,0.9999523809523809,1.0,0.998015873015873,1.0,1.0,1.0,1.0,1.0,0.9999523809523809,1.0,0.998015873015873,1.0,0.048,0.0,0.0,0.0
periodic,upstream,b8_n64_distinct,8,64,distinct,0.2,rank,1000,1000,0,950,950,0.95,0.95,1000,0,2016000,50,0.9999503968253969,1.0,0.9990079365079365,0.9999503968253969,1.0,1.0,1.0,1.0,0.9999503968253969,1.0,0.9990079365079365,0.9999503968253969,0.05,0.0,0.0,0.0
periodic,upstream,b8_n64_distinct,8,64,distinct,0.25,bitonic,1000,1000,0,840,840,0.84,0.84,1000,0,2016000,175,0.9998263888888889,1.0,0.998015873015873,0.9990079365079365,1.0,1.0,1.0,1.0,0.9998263888888889,1.0,0.998015873015873,0.9990079365079365,0.175,0.0,0.0,0.0
periodic,upstream,b8_n64_distinct,8,64,distinct,0.25,rank,1000,999,1,843,843,0.843,0.843,999,0,2013984,168,0.9998331664998332,1.0,0.9970238095238095,0.9990079365079365,1.0,1.0,1.0,1.0,0.9998331664998332,1.0,0.9970238095238095,0.9990079365079365,0.16816816816816818,0.0,0.0,0.0
periodic,output,b8_n64_distinct,8,64,distinct,0.0,bitonic,1000,1000,0,1000,1000,1.0,1.0,1000,0,2016000,0,1.0,1.0,1.0,1.0,1.0,1.0,1.0,1.0,1.0,1.0,1.0,1.0,0.0,0.0,0.0,0.0
periodic,output,b8_n64_distinct,8,64,distinct,0.0,rank,1000,1000,0,1000,1000,1.0,1.0,1000,0,2016000,0,1.0,1.0,1.0,1.0,1.0,1.0,1.0,1.0,1.0,1.0,1.0,1.0,0.0,0.0,0.0,0.0
periodic,output,b8_n64_distinct,8,64,distinct,0.05,bitonic,1000,1000,0,1000,1000,1.0,1.0,1000,0,2016000,0,1.0,1.0,1.0,1.0,1.0,1.0,1.0,1.0,1.0,1.0,1.0,1.0,0.0,0.0,0.0,0.0
periodic,output,b8_n64_distinct,8,64,distinct,0.05,rank,1000,1000,0,1000,1000,1.0,1.0,1000,0,2016000,0,1.0,1.0,1.0,1.0,1.0,1.0,1.0,1.0,1.0,1.0,1.0,1.0,0.0,0.0,0.0,0.0
periodic,output,b8_n64_distinct,8,64,distinct,0.1,bitonic,1000,1000,0,1000,1000,1.0,1.0,1000,0,2016000,0,1.0,1.0,1.0,1.0,1.0,1.0,1.0,1.0,1.0,1.0,1.0,1.0,0.0,0.0,0.0,0.0
periodic,output,b8_n64_distinct,8,64,distinct,0.1,rank,1000,1000,0,1000,1000,1.0,1.0,1000,0,2016000,0,1.0,1.0,1.0,1.0,1.0,1.0,1.0,1.0,1.0,1.0,1.0,1.0,0.0,0.0,0.0,0.0
periodic,output,b8_n64_distinct,8,64,distinct,0.15,bitonic,1000,1000,0,1000,1000,1.0,1.0,1000,0,2016000,0,1.0,1.0,1.0,1.0,1.0,1.0,1.0,1.0,1.0,1.0,1.0,1.0,0.0,0.0,0.0,0.0
periodic,output,b8_n64_distinct,8,64,distinct,0.15,rank,1000,1000,0,1000,1000,1.0,1.0,1000,0,2016000,0,1.0,1.0,1.0,1.0,1.0,1.0,1.0,1.0,1.0,1.0,1.0,1.0,0.0,0.0,0.0,0.0
periodic,output,b8_n64_distinct,8,64,distinct,0.2,bitonic,1000,1000,0,1000,1000,1.0,1.0,1000,0,2016000,0,1.0,1.0,1.0,1.0,1.0,1.0,1.0,1.0,1.0,1.0,1.0,1.0,0.0,0.0,0.0,0.0
periodic,output,b8_n64_distinct,8,64,distinct,0.2,rank,1000,1000,0,1000,1000,1.0,1.0,1000,0,2016000,0,1.0,1.0,1.0,1.0,1.0,1.0,1.0,1.0,1.0,1.0,1.0,1.0,0.0,0.0,0.0,0.0
periodic,output,b8_n64_distinct,8,64,distinct,0.25,bitonic,1000,1000,0,1000,1000,1.0,1.0,1000,0,2016000,0,1.0,1.0,1.0,1.0,1.0,1.0,1.0,1.0,1.0,1.0,1.0,1.0,0.0,0.0,0.0,0.0
periodic,output,b8_n64_distinct,8,64,distinct,0.25,rank,1000,1000,0,1000,1000,1.0,1.0,1000,0,2016000,0,1.0,1.0,1.0,1.0,1.0,1.0,1.0,1.0,1.0,1.0,1.0,1.0,0.0,0.0,0.0,0.0
periodic,upstream,b8_n64_duplicates_allowed,8,64,duplicates_allowed,0.0,bitonic,1000,1000,0,1000,1000,1.0,1.0,1000,0,2008102,0,0.9980390040549327,0.9980139007206994,0.9940297973880049,0.9967705790710254,0.9980390040549328,0.9980139007206994,0.9940297973880049,0.9967705790710254,1.0,1.0,1.0,1.0,0.0,0.0,0.0,0.0
periodic,upstream,b8_n64_duplicates_allowed,8,64,duplicates_allowed,0.0,rank,1000,1000,0,1000,1000,1.0,1.0,1000,0,2008102,0,0.9980390040549327,0.9980139007206994,0.9940297973880049,0.9967705790710254,0.9980390040549328,0.9980139007206994,0.9940297973880049,0.9967705790710254,1.0,1.0,1.0,1.0,0.0,0.0,0.0,0.0
periodic,upstream,b8_n64_duplicates_allowed,8,64,duplicates_allowed,0.05,bitonic,1000,1000,0,1000,1000,1.0,1.0,1000,0,2008102,0,0.9980390040549327,0.9980139007206994,0.9940297973880049,0.9967705790710254,0.9980390040549328,0.9980139007206994,0.9940297973880049,0.9967705790710254,1.0,1.0,1.0,1.0,0.0,0.0,0.0,0.0
periodic,upstream,b8_n64_duplicates_allowed,8,64,duplicates_allowed,0.05,rank,1000,1000,0,1000,1000,1.0,1.0,1000,0,2008102,0,0.9980390040549327,0.9980139007206994,0.9940297973880049,0.9967705790710254,0.9980390040549328,0.9980139007206994,0.9940297973880049,0.9967705790710254,1.0,1.0,1.0,1.0,0.0,0.0,0.0,0.0
periodic,upstream,b8_n64_duplicates_allowed,8,64,duplicates_allowed,0.1,bitonic,1000,1000,0,1000,1000,1.0,1.0,1000,0,2008102,0,0.9980390040549327,0.9980139007206994,0.9940297973880049,0.9967705790710254,0.9980390040549328,0.9980139007206994,0.9940297973880049,0.9967705790710254,1.0,1.0,1.0,1.0,0.0,0.0,0.0,0.0
periodic,upstream,b8_n64_duplicates_allowed,8,64,duplicates_allowed,0.1,rank,1000,1000,0,1000,1000,1.0,1.0,1000,0,2008102,0,0.9980390040549327,0.9980139007206994,0.9940297973880049,0.9967705790710254,0.9980390040549328,0.9980139007206994,0.9940297973880049,0.9967705790710254,1.0,1.0,1.0,1.0,0.0,0.0,0.0,0.0
periodic,upstream,b8_n64_duplicates_allowed,8,64,duplicates_allowed,0.15,bitonic,1000,1000,0,997,993,0.997,0.993,1000,0,2008102,3,0.9980360226832259,0.9980139007206994,0.9940297973880049,0.9967705790710254,0.9980390040549328,0.9980139007206994,0.9940297973880049,0.9967705790710254,0.999997013437549,1.0,0.9990034877927254,1.0,0.003,0.0,0.0,0.0
periodic,upstream,b8_n64_duplicates_allowed,8,64,duplicates_allowed,0.15,rank,1000,998,2,994,989,0.994,0.989,998,0,2004080,4,0.9980335778086988,0.9980139007206994,0.9940297973880049,0.9967705790710254,0.9980375609369851,0.9980139007206994,0.9940297973880049,0.9967705790710254,0.9999960099372641,1.0,0.9990034877927254,1.0,0.004008016032064128,0.0,0.0,0.0
periodic,upstream,b8_n64_duplicates_allowed,8,64,duplicates_allowed,0.2,bitonic,1000,1000,0,949,903,0.949,0.903,1000,0,2008102,56,0.997983337910053,0.9980139007206994,0.9927894684207168,0.9967705790710254,0.9980390040549328,0.9980139007206994,0.9940297973880049,0.9967705790710254,0.9999442230250088,1.0,0.9960059910134798,0.9990064333324445,0.056,0.0,0.0,0.0
periodic,upstream,b8_n64_duplicates_allowed,8,64,duplicates_allowed,0.2,rank,1000,990,10,948,908,0.948,0.908,990,0,1988020,44,0.9979945788563462,0.9980139007206994,0.9940297973880049,0.9967705790710254,0.9980387590880022,0.9980139007206994,0.9940297973880049,0.9967705790710254,0.9999557310523368,1.0,0.9980069755854509,1.0,0.044444444444444446,0.0,0.0,0.0
periodic,upstream,b8_n64_duplicates_allowed,8,64,duplicates_allowed,0.25,bitonic,1000,1000,0,843,703,0.843,0.703,1000,0,2008102,182,0.9978581014504384,0.9980139007206994,0.9927894684207168,0.9965217285917831,0.9980390040549328,0.9980139007206994,0.9940297973880049,0.9967705790710254,0.9998187496068445,1.0,0.9960059910134798,0.9990034877927254,0.182,0.0,0.0,0.0
periodic,upstream,b8_n64_duplicates_allowed,8,64,duplicates_allowed,0.25,rank,1000,961,39,828,712,0.828,0.712,961,0,1929821,151,0.9978918610208243,0.9980139007206994,0.9940297973880049,0.9965217285917831,0.9980480546227143,0.9980139007206994,0.9940297973880049,0.9967705790710254,0.9998434930273358,1.0,0.9970074812967581,0.9990034877927254,0.1571279916753382,0.0,0.0,0.0
periodic,output,b8_n64_duplicates_allowed,8,64,duplicates_allowed,0.0,bitonic,1000,1000,0,1000,1000,1.0,1.0,1000,0,2008102,0,0.9980390040549327,0.9980139007206994,0.9940297973880049,0.9967705790710254,0.9980390040549328,0.9980139007206994,0.9940297973880049,0.9967705790710254,1.0,1.0,1.0,1.0,0.0,0.0,0.0,0.0
periodic,output,b8_n64_duplicates_allowed,8,64,duplicates_allowed,0.0,rank,1000,1000,0,1000,1000,1.0,1.0,1000,0,2008102,0,0.9980390040549327,0.9980139007206994,0.9940297973880049,0.9967705790710254,0.9980390040549328,0.9980139007206994,0.9940297973880049,0.9967705790710254,1.0,1.0,1.0,1.0,0.0,0.0,0.0,0.0
periodic,output,b8_n64_duplicates_allowed,8,64,duplicates_allowed,0.05,bitonic,1000,1000,0,1000,17,1.0,0.017,1000,0,2008102,0,0.9980390040549327,0.9980139007206994,0.9940297973880049,0.9967705790710254,0.9980390040549328,0.9980139007206994,0.9940297973880049,0.9967705790710254,1.0,1.0,1.0,1.0,0.0,0.0,0.0,0.0
periodic,output,b8_n64_duplicates_allowed,8,64,duplicates_allowed,0.05,rank,1000,886,114,886,18,0.886,0.018,886,0,1779478,0,0.998123074032037,0.9982623792259117,0.9957748040181877,0.9970193674385763,0.9981230740320369,0.9982623792259117,0.9957748040181879,0.9970193674385764,1.0,1.0,1.0,1.0,0.0,0.0,0.0,0.0
periodic,output,b8_n64_duplicates_allowed,8,64,duplicates_allowed,0.1,bitonic,1000,1000,0,1000,17,1.0,0.017,1000,0,2008102,0,0.9980390040549327,0.9980139007206994,0.9940297973880049,0.9967705790710254,0.9980390040549328,0.9980139007206994,0.9940297973880049,0.9967705790710254,1.0,1.0,1.0,1.0,0.0,0.0,0.0,0.0
periodic,output,b8_n64_duplicates_allowed,8,64,duplicates_allowed,0.1,rank,1000,886,114,886,18,0.886,0.018,886,0,1779478,0,0.998123074032037,0.9982623792259117,0.9957748040181877,0.9970193674385763,0.9981230740320369,0.9982623792259117,0.9957748040181879,0.9970193674385764,1.0,1.0,1.0,1.0,0.0,0.0,0.0,0.0
periodic,output,b8_n64_duplicates_allowed,8,64,duplicates_allowed,0.15,bitonic,1000,1000,0,1000,17,1.0,0.017,1000,0,2008102,0,0.9980390040549327,0.9980139007206994,0.9940297973880049,0.9967705790710254,0.9980390040549328,0.9980139007206994,0.9940297973880049,0.9967705790710254,1.0,1.0,1.0,1.0,0.0,0.0,0.0,0.0
periodic,output,b8_n64_duplicates_allowed,8,64,duplicates_allowed,0.15,rank,1000,886,114,886,18,0.886,0.018,886,0,1779478,0,0.998123074032037,0.9982623792259117,0.9957748040181877,0.9970193674385763,0.9981230740320369,0.9982623792259117,0.9957748040181879,0.9970193674385764,1.0,1.0,1.0,1.0,0.0,0.0,0.0,0.0
periodic,output,b8_n64_duplicates_allowed,8,64,duplicates_allowed,0.2,bitonic,1000,1000,0,1000,17,1.0,0.017,1000,0,2008102,0,0.9980390040549327,0.9980139007206994,0.9940297973880049,0.9967705790710254,0.9980390040549328,0.9980139007206994,0.9940297973880049,0.9967705790710254,1.0,1.0,1.0,1.0,0.0,0.0,0.0,0.0
periodic,output,b8_n64_duplicates_allowed,8,64,duplicates_allowed,0.2,rank,1000,886,114,886,18,0.886,0.018,886,0,1779478,0,0.998123074032037,0.9982623792259117,0.9957748040181877,0.9970193674385763,0.9981230740320369,0.9982623792259117,0.9957748040181879,0.9970193674385764,1.0,1.0,1.0,1.0,0.0,0.0,0.0,0.0
periodic,output,b8_n64_duplicates_allowed,8,64,duplicates_allowed,0.25,bitonic,1000,1000,0,1000,17,1.0,0.017,1000,0,2008102,0,0.9980390040549327,0.9980139007206994,0.9940297973880049,0.9967705790710254,0.9980390040549328,0.9980139007206994,0.9940297973880049,0.9967705790710254,1.0,1.0,1.0,1.0,0.0,0.0,0.0,0.0
periodic,output,b8_n64_duplicates_allowed,8,64,duplicates_allowed,0.25,rank,1000,886,114,886,18,0.886,0.018,886,0,1779478,0,0.998123074032037,0.9982623792259117,0.9957748040181877,0.9970193674385763,0.9981230740320369,0.9982623792259117,0.9957748040181879,0.9970193674385764,1.0,1.0,1.0,1.0,0.0,0.0,0.0,0.0
periodic,upstream,b8_n128_distinct,8,128,distinct,0.0,bitonic,1000,1000,0,1000,1000,1.0,1.0,1000,0,8128000,0,1.0,1.0,1.0,1.0,1.0,1.0,1.0,1.0,1.0,1.0,1.0,1.0,0.0,0.0,0.0,0.0
periodic,upstream,b8_n128_distinct,8,128,distinct,0.0,rank,1000,1000,0,1000,1000,1.0,1.0,1000,0,8128000,0,1.0,1.0,1.0,1.0,1.0,1.0,1.0,1.0,1.0,1.0,1.0,1.0,0.0,0.0,0.0,0.0
periodic,upstream,b8_n128_distinct,8,128,distinct,0.05,bitonic,1000,1000,0,1000,1000,1.0,1.0,1000,0,8128000,0,1.0,1.0,1.0,1.0,1.0,1.0,1.0,1.0,1.0,1.0,1.0,1.0,0.0,0.0,0.0,0.0
periodic,upstream,b8_n128_distinct,8,128,distinct,0.05,rank,1000,1000,0,1000,1000,1.0,1.0,1000,0,8128000,0,1.0,1.0,1.0,1.0,1.0,1.0,1.0,1.0,1.0,1.0,1.0,1.0,0.0,0.0,0.0,0.0
periodic,upstream,b8_n128_distinct,8,128,distinct,0.1,bitonic,1000,1000,0,1000,1000,1.0,1.0,1000,0,8128000,0,1.0,1.0,1.0,1.0,1.0,1.0,1.0,1.0,1.0,1.0,1.0,1.0,0.0,0.0,0.0,0.0
periodic,upstream,b8_n128_distinct,8,128,distinct,0.1,rank,1000,1000,0,1000,1000,1.0,1.0,1000,0,8128000,0,1.0,1.0,1.0,1.0,1.0,1.0,1.0,1.0,1.0,1.0,1.0,1.0,0.0,0.0,0.0,0.0
periodic,upstream,b8_n128_distinct,8,128,distinct,0.15,bitonic,1000,1000,0,987,987,0.987,0.987,1000,0,8128000,13,0.9999968011811025,1.0,0.999753937007874,1.0,1.0,1.0,1.0,1.0,0.9999968011811025,1.0,0.999753937007874,1.0,0.013,0.0,0.0,0.0
periodic,upstream,b8_n128_distinct,8,128,distinct,0.15,rank,1000,1000,0,989,989,0.989,0.989,1000,0,8128000,11,0.9999972933070866,1.0,0.999753937007874,1.0,1.0,1.0,1.0,1.0,0.9999972933070866,1.0,0.999753937007874,1.0,0.011,0.0,0.0,0.0
periodic,upstream,b8_n128_distinct,8,128,distinct,0.2,bitonic,1000,1000,0,818,818,0.818,0.818,1000,0,8128000,206,0.9999493110236222,1.0,0.999261811023622,0.999753937007874,1.0,1.0,1.0,1.0,0.9999493110236222,1.0,0.999261811023622,0.999753937007874,0.206,0.0,0.0,0.0
periodic,upstream,b8_n128_distinct,8,128,distinct,0.2,rank,1000,1000,0,843,843,0.843,0.843,1000,0,8128000,175,0.9999569389763779,1.0,0.999507874015748,0.999753937007874,1.0,1.0,1.0,1.0,0.9999569389763779,1.0,0.999507874015748,0.999753937007874,0.175,0.0,0.0,0.0
periodic,upstream,b8_n128_distinct,8,128,distinct,0.25,bitonic,1000,1000,0,497,497,0.497,0.497,1000,0,8128000,715,0.9998240649606299,0.999753937007874,0.9985236220472441,0.999507874015748,1.0,1.0,1.0,1.0,0.9998240649606299,0.999753937007874,0.9985236220472441,0.999507874015748,0.715,1.0,0.0,0.0
periodic,upstream,b8_n128_distinct,8,128,distinct,0.25,rank,1000,996,4,509,509,0.509,0.509,996,0,8095488,671,0.999834228646871,1.0,0.99876968503937,0.999507874015748,1.0,1.0,1.0,1.0,0.999834228646871,1.0,0.99876968503937,0.999507874015748,0.6736947791164659,0.0,0.0,0.0
periodic,output,b8_n128_distinct,8,128,distinct,0.0,bitonic,1000,1000,0,1000,1000,1.0,1.0,1000,0,8128000,0,1.0,1.0,1.0,1.0,1.0,1.0,1.0,1.0,1.0,1.0,1.0,1.0,0.0,0.0,0.0,0.0
periodic,output,b8_n128_distinct,8,128,distinct,0.0,rank,1000,1000,0,1000,1000,1.0,1.0,1000,0,8128000,0,1.0,1.0,1.0,1.0,1.0,1.0,1.0,1.0,1.0,1.0,1.0,1.0,0.0,0.0,0.0,0.0
periodic,output,b8_n128_distinct,8,128,distinct,0.05,bitonic,1000,1000,0,1000,1000,1.0,1.0,1000,0,8128000,0,1.0,1.0,1.0,1.0,1.0,1.0,1.0,1.0,1.0,1.0,1.0,1.0,0.0,0.0,0.0,0.0
periodic,output,b8_n128_distinct,8,128,distinct,0.05,rank,1000,1000,0,1000,1000,1.0,1.0,1000,0,8128000,0,1.0,1.0,1.0,1.0,1.0,1.0,1.0,1.0,1.0,1.0,1.0,1.0,0.0,0.0,0.0,0.0
periodic,output,b8_n128_distinct,8,128,distinct,0.1,bitonic,1000,1000,0,1000,1000,1.0,1.0,1000,0,8128000,0,1.0,1.0,1.0,1.0,1.0,1.0,1.0,1.0,1.0,1.0,1.0,1.0,0.0,0.0,0.0,0.0
periodic,output,b8_n128_distinct,8,128,distinct,0.1,rank,1000,1000,0,1000,1000,1.0,1.0,1000,0,8128000,0,1.0,1.0,1.0,1.0,1.0,1.0,1.0,1.0,1.0,1.0,1.0,1.0,0.0,0.0,0.0,0.0
periodic,output,b8_n128_distinct,8,128,distinct,0.15,bitonic,1000,1000,0,1000,1000,1.0,1.0,1000,0,8128000,0,1.0,1.0,1.0,1.0,1.0,1.0,1.0,1.0,1.0,1.0,1.0,1.0,0.0,0.0,0.0,0.0
periodic,output,b8_n128_distinct,8,128,distinct,0.15,rank,1000,1000,0,1000,1000,1.0,1.0,1000,0,8128000,0,1.0,1.0,1.0,1.0,1.0,1.0,1.0,1.0,1.0,1.0,1.0,1.0,0.0,0.0,0.0,0.0
periodic,output,b8_n128_distinct,8,128,distinct,0.2,bitonic,1000,1000,0,1000,1000,1.0,1.0,1000,0,8128000,0,1.0,1.0,1.0,1.0,1.0,1.0,1.0,1.0,1.0,1.0,1.0,1.0,0.0,0.0,0.0,0.0
periodic,output,b8_n128_distinct,8,128,distinct,0.2,rank,1000,1000,0,1000,1000,1.0,1.0,1000,0,8128000,0,1.0,1.0,1.0,1.0,1.0,1.0,1.0,1.0,1.0,1.0,1.0,1.0,0.0,0.0,0.0,0.0
periodic,output,b8_n128_distinct,8,128,distinct,0.25,bitonic,1000,1000,0,1000,1000,1.0,1.0,1000,0,8128000,0,1.0,1.0,1.0,1.0,1.0,1.0,1.0,1.0,1.0,1.0,1.0,1.0,0.0,0.0,0.0,0.0
periodic,output,b8_n128_distinct,8,128,distinct,0.25,rank,1000,1000,0,1000,1000,1.0,1.0,1000,0,8128000,0,1.0,1.0,1.0,1.0,1.0,1.0,1.0,1.0,1.0,1.0,1.0,1.0,0.0,0.0,0.0,0.0
periodic,upstream,b8_n128_duplicates_allowed,8,128,duplicates_allowed,0.0,bitonic,1000,1000,0,1000,1000,1.0,1.0,1000,0,8096298,0,0.9980478603180561,0.9980911900332792,0.9967343330640624,0.9974746656739796,0.9980478603180561,0.9980911900332791,0.9967343330640624,0.9974746656739796,1.0,1.0,1.0,1.0,0.0,0.0,0.0,0.0
periodic,upstream,b8_n128_duplicates_allowed,8,128,duplicates_allowed,0.0,rank,1000,1000,0,1000,1000,1.0,1.0,1000,0,8096298,0,0.9980478603180561,0.9980911900332792,0.9967343330640624,0.9974746656739796,0.9980478603180561,0.9980911900332791,0.9967343330640624,0.9974746656739796,1.0,1.0,1.0,1.0,0.0,0.0,0.0,0.0
periodic,upstream,b8_n128_duplicates_allowed,8,128,duplicates_allowed,0.05,bitonic,1000,1000,0,1000,1000,1.0,1.0,1000,0,8096298,0,0.9980478603180561,0.9980911900332792,0.9967343330640624,0.9974746656739796,0.9980478603180561,0.9980911900332791,0.9967343330640624,0.9974746656739796,1.0,1.0,1.0,1.0,0.0,0.0,0.0,0.0
periodic,upstream,b8_n128_duplicates_allowed,8,128,duplicates_allowed,0.05,rank,1000,1000,0,1000,1000,1.0,1.0,1000,0,8096298,0,0.9980478603180561,0.9980911900332792,0.9967343330640624,0.9974746656739796,0.9980478603180561,0.9980911900332791,0.9967343330640624,0.9974746656739796,1.0,1.0,1.0,1.0,0.0,0.0,0.0,0.0
periodic,upstream,b8_n128_duplicates_allowed,8,128,duplicates_allowed,0.1,bitonic,1000,1000,0,1000,1000,1.0,1.0,1000,0,8096298,0,0.9980478603180561,0.9980911900332792,0.9967343330640624,0.9974746656739796,0.9980478603180561,0.9980911900332791,0.9967343330640624,0.9974746656739796,1.0,1.0,1.0,1.0,0.0,0.0,0.0,0.0
periodic,upstream,b8_n128_duplicates_allowed,8,128,duplicates_allowed,0.1,rank,1000,1000,0,1000,1000,1.0,1.0,1000,0,8096298,0,0.9980478603180561,0.9980911900332792,0.9967343330640624,0.9974746656739796,0.9980478603180561,0.9980911900332791,0.9967343330640624,0.9974746656739796,1.0,1.0,1.0,1.0,0.0,0.0,0.0,0.0
periodic,upstream,b8_n128_duplicates_allowed,8,128,duplicates_allowed,0.15,bitonic,1000,1000,0,988,975,0.988,0.975,1000,0,8096298,12,0.9980449018232743,0.9980911900332792,0.9967343330640624,0.9974746656739796,0.9980478603180561,0.9980911900332791,0.9967343330640624,0.9974746656739796,0.9999970357548537,1.0,0.9997526895016694,1.0,0.012,0.0,0.0,0.0
periodic,upstream,b8_n128_duplicates_allowed,8,128,duplicates_allowed,0.15,rank,1000,995,5,985,973,0.985,0.973,995,0,8055827,10,0.9980460319906126,0.9980911900332792,0.9967343330640624,0.9974746656739796,0.9980485101135494,0.9980911900332791,0.9967343330640624,0.9974746656739796,0.9999975167379651,1.0,0.9997524752475248,1.0,0.010050251256281407,0.0,0.0,0.0
periodic,upstream,b8_n128_duplicates_allowed,8,128,duplicates_allowed,0.2,bitonic,1000,1000,0,824,680,0.824,0.68,1000,0,8096298,202,0.9979980581800099,0.9980295547357223,0.9965492862107711,0.997351315068713,0.9980478603180561,0.9980911900332791,0.9967343330640624,0.9974746656739796,0.9999501002502595,1.0,0.9992592592592593,0.9997528117661599,0.202,0.0,0.0,0.0
periodic,upstream,b8_n128_duplicates_allowed,8,128,duplicates_allowed,0.2,rank,1000,923,77,809,680,0.809,0.68,923,0,7472963,124,0.9980200783555869,0.9980295547357223,0.9967343330640624,0.9974129922782009,0.9980531991778939,0.9980911900332791,0.9967343330640624,0.9974746656739796,0.9999668154459628,1.0,0.9995054401582592,0.9997529339098209,0.13434452871072589,0.0,0.0,0.0
periodic,upstream,b8_n128_duplicates_allowed,8,128,duplicates_allowed,0.25,bitonic,1000,1000,0,534,254,0.534,0.254,1000,0,8096298,666,0.9978836617675219,0.9979063031693696,0.9962405946947428,0.9971663825594411,0.9980478603180561,0.9980911900332791,0.9967343330640624,0.9974746656739796,0.9998354802030942,1.0,0.9990103908955963,0.9995053759448363,0.666,0.0,0.0,0.0
periodic,upstream,b8_n128_duplicates_allowed,8,128,duplicates_allowed,0.25,rank,1000,753,247,478,251,0.478,0.251,753,0,6096807,369,0.9979511665789329,0.9979679156315203,0.9964874638794026,0.997289664550709,0.9980719763584815,0.9980911900332791,0.9967343330640624,0.9974746656739796,0.9998789606612565,1.0,0.9990121017535194,0.9995058678196418,0.4900398406374502,0.0,0.0,0.0
periodic,output,b8_n128_duplicates_allowed,8,128,duplicates_allowed,0.0,bitonic,1000,1000,0,1000,1000,1.0,1.0,1000,0,8096298,0,0.9980478603180561,0.9980911900332792,0.9967343330640624,0.9974746656739796,0.9980478603180561,0.9980911900332791,0.9967343330640624,0.9974746656739796,1.0,1.0,1.0,1.0,0.0,0.0,0.0,0.0
periodic,output,b8_n128_duplicates_allowed,8,128,duplicates_allowed,0.0,rank,1000,1000,0,1000,1000,1.0,1.0,1000,0,8096298,0,0.9980478603180561,0.9980911900332792,0.9967343330640624,0.9974746656739796,0.9980478603180561,0.9980911900332791,0.9967343330640624,0.9974746656739796,1.0,1.0,1.0,1.0,0.0,0.0,0.0,0.0
periodic,output,b8_n128_duplicates_allowed,8,128,duplicates_allowed,0.05,bitonic,1000,1000,0,1000,0,1.0,0.0,1000,0,8096298,0,0.9980478603180561,0.9980911900332792,0.9967343330640624,0.9974746656739796,0.9980478603180561,0.9980911900332791,0.9967343330640624,0.9974746656739796,1.0,1.0,1.0,1.0,0.0,0.0,0.0,0.0
periodic,output,b8_n128_duplicates_allowed,8,128,duplicates_allowed,0.05,rank,1000,338,662,338,0,0.338,0.0,338,0,2737506,0,0.9982224254175127,0.9982144492112771,0.9972896340448086,0.9977120724119457,0.9982224254175127,0.9982144492112771,0.9972896340448086,0.9977120724119457,1.0,1.0,1.0,1.0,0.0,0.0,0.0,0.0
periodic,output,b8_n128_duplicates_allowed,8,128,duplicates_allowed,0.1,bitonic,1000,1000,0,1000,0,1.0,0.0,1000,0,8096298,0,0.9980478603180561,0.9980911900332792,0.9967343330640624,0.9974746656739796,0.9980478603180561,0.9980911900332791,0.9967343330640624,0.9974746656739796,1.0,1.0,1.0,1.0,0.0,0.0,0.0,0.0
periodic,output,b8_n128_duplicates_allowed,8,128,duplicates_allowed,0.1,rank,1000,338,662,338,0,0.338,0.0,338,0,2737506,0,0.9982224254175127,0.9982144492112771,0.9972896340448086,0.9977120724119457,0.9982224254175127,0.9982144492112771,0.9972896340448086,0.9977120724119457,1.0,1.0,1.0,1.0,0.0,0.0,0.0,0.0
periodic,output,b8_n128_duplicates_allowed,8,128,duplicates_allowed,0.15,bitonic,1000,1000,0,1000,0,1.0,0.0,1000,0,8096298,0,0.9980478603180561,0.9980911900332792,0.9967343330640624,0.9974746656739796,0.9980478603180561,0.9980911900332791,0.9967343330640624,0.9974746656739796,1.0,1.0,1.0,1.0,0.0,0.0,0.0,0.0
periodic,output,b8_n128_duplicates_allowed,8,128,duplicates_allowed,0.15,rank,1000,338,662,338,0,0.338,0.0,338,0,2737506,0,0.9982224254175127,0.9982144492112771,0.9972896340448086,0.9977120724119457,0.9982224254175127,0.9982144492112771,0.9972896340448086,0.9977120724119457,1.0,1.0,1.0,1.0,0.0,0.0,0.0,0.0
periodic,output,b8_n128_duplicates_allowed,8,128,duplicates_allowed,0.2,bitonic,1000,1000,0,1000,0,1.0,0.0,1000,0,8096298,0,0.9980478603180561,0.9980911900332792,0.9967343330640624,0.9974746656739796,0.9980478603180561,0.9980911900332791,0.9967343330640624,0.9974746656739796,1.0,1.0,1.0,1.0,0.0,0.0,0.0,0.0
periodic,output,b8_n128_duplicates_allowed,8,128,duplicates_allowed,0.2,rank,1000,338,662,338,0,0.338,0.0,338,0,2737506,0,0.9982224254175127,0.9982144492112771,0.9972896340448086,0.9977120724119457,0.9982224254175127,0.9982144492112771,0.9972896340448086,0.9977120724119457,1.0,1.0,1.0,1.0,0.0,0.0,0.0,0.0
periodic,output,b8_n128_duplicates_allowed,8,128,duplicates_allowed,0.25,bitonic,1000,1000,0,1000,0,1.0,0.0,1000,0,8096298,0,0.9980478603180561,0.9980911900332792,0.9967343330640624,0.9974746656739796,0.9980478603180561,0.9980911900332791,0.9967343330640624,0.9974746656739796,1.0,1.0,1.0,1.0,0.0,0.0,0.0,0.0
periodic,output,b8_n128_duplicates_allowed,8,128,duplicates_allowed,0.25,rank,1000,338,662,338,0,0.338,0.0,338,0,2737506,0,0.9982224254175127,0.9982144492112771,0.9972896340448086,0.9977120724119457,0.9982224254175127,0.9982144492112771,0.9972896340448086,0.9977120724119457,1.0,1.0,1.0,1.0,0.0,0.0,0.0,0.0
periodic,upstream,b8_n256_distinct,8,256,distinct,0.0,bitonic,1000,1000,0,1000,1000,1.0,1.0,1000,0,32640000,0,1.0,1.0,1.0,1.0,1.0,1.0,1.0,1.0,1.0,1.0,1.0,1.0,0.0,0.0,0.0,0.0
periodic,upstream,b8_n256_distinct,8,256,distinct,0.0,rank,1000,1000,0,1000,1000,1.0,1.0,1000,0,32640000,0,1.0,1.0,1.0,1.0,1.0,1.0,1.0,1.0,1.0,1.0,1.0,1.0,0.0,0.0,0.0,0.0
periodic,upstream,b8_n256_distinct,8,256,distinct,0.05,bitonic,1000,1000,0,1000,1000,1.0,1.0,1000,0,32640000,0,1.0,1.0,1.0,1.0,1.0,1.0,1.0,1.0,1.0,1.0,1.0,1.0,0.0,0.0,0.0,0.0
periodic,upstream,b8_n256_distinct,8,256,distinct,0.05,rank,1000,1000,0,1000,1000,1.0,1.0,1000,0,32640000,0,1.0,1.0,1.0,1.0,1.0,1.0,1.0,1.0,1.0,1.0,1.0,1.0,0.0,0.0,0.0,0.0
periodic,upstream,b8_n256_distinct,8,256,distinct,0.1,bitonic,1000,1000,0,1000,1000,1.0,1.0,1000,0,32640000,0,1.0,1.0,1.0,1.0,1.0,1.0,1.0,1.0,1.0,1.0,1.0,1.0,0.0,0.0,0.0,0.0
periodic,upstream,b8_n256_distinct,8,256,distinct,0.1,rank,1000,1000,0,1000,1000,1.0,1.0,1000,0,32640000,0,1.0,1.0,1.0,1.0,1.0,1.0,1.0,1.0,1.0,1.0,1.0,1.0,0.0,0.0,0.0,0.0
periodic,upstream,b8_n256_distinct,8,256,distinct,0.15,bitonic,1000,1000,0,939,939,0.939,0.939,1000,0,32640000,62,0.9999962009803921,1.0,0.9998774509803922,0.999938725490196,1.0,1.0,1.0,1.0,0.9999962009803921,1.0,0.9998774509803922,0.999938725490196,0.062,0.0,0.0,0.0
periodic,upstream,b8_n256_distinct,8,256,distinct,0.15,rank,1000,1000,0,961,961,0.961,0.961,1000,0,32640000,40,0.9999975490196079,1.0,0.9998774509803922,1.0,1.0,1.0,1.0,1.0,0.9999975490196079,1.0,0.9998774509803922,1.0,0.04,0.0,0.0,0.0
periodic,upstream,b8_n256_distinct,8,256,distinct,0.2,bitonic,1000,1000,0,447,447,0.447,0.447,1000,0,32640000,771,0.9999527573529413,0.999938725490196,0.9996936274509803,0.9998774509803922,1.0,1.0,1.0,1.0,0.9999527573529413,0.999938725490196,0.9996936274509803,0.9998774509803922,0.771,1.0,0.0,0.0
periodic,upstream,b8_n256_distinct,8,256,distinct,0.2,rank,1000,999,1,454,454,0.454,0.454,999,0,32607360,783,0.9999519740328564,0.999938725490196,0.9996936274509803,0.9998774509803922,1.0,1.0,1.0,1.0,0.9999519740328564,0.999938725490196,0.9996936274509803,0.9998774509803922,0.7837837837837838,1.0,0.0,0.0
periodic,upstream,b8_n256_distinct,8,256,distinct,0.25,bitonic,1000,1000,0,59,59,0.059,0.059,1000,0,32640000,2847,0.9998255514705884,0.9998161764705882,0.9992647058823529,0.9996323529411765,1.0,1.0,1.0,1.0,0.9998255514705884,0.9998161764705882,0.9992647058823529,0.9996323529411765,2.847,3.0,0.0,0.0
periodic,upstream,b8_n256_distinct,8,256,distinct,0.25,rank,1000,984,16,40,40,0.04,0.04,984,0,32117760,2843,0.9998229639925077,0.9998161764705882,0.9994485294117647,0.9996323529411765,1.0,1.0,1.0,1.0,0.9998229639925077,0.9998161764705882,0.9994485294117647,0.9996323529411765,2.8892276422764227,3.0,0.0,1.0
periodic,output,b8_n256_distinct,8,256,distinct,0.0,bitonic,1000,1000,0,1000,1000,1.0,1.0,1000,0,32640000,0,1.0,1.0,1.0,1.0,1.0,1.0,1.0,1.0,1.0,1.0,1.0,1.0,0.0,0.0,0.0,0.0
periodic,output,b8_n256_distinct,8,256,distinct,0.0,rank,1000,1000,0,1000,1000,1.0,1.0,1000,0,32640000,0,1.0,1.0,1.0,1.0,1.0,1.0,1.0,1.0,1.0,1.0,1.0,1.0,0.0,0.0,0.0,0.0
periodic,output,b8_n256_distinct,8,256,distinct,0.05,bitonic,1000,1000,0,1000,1000,1.0,1.0,1000,0,32640000,0,1.0,1.0,1.0,1.0,1.0,1.0,1.0,1.0,1.0,1.0,1.0,1.0,0.0,0.0,0.0,0.0
periodic,output,b8_n256_distinct,8,256,distinct,0.05,rank,1000,1000,0,1000,1000,1.0,1.0,1000,0,32640000,0,1.0,1.0,1.0,1.0,1.0,1.0,1.0,1.0,1.0,1.0,1.0,1.0,0.0,0.0,0.0,0.0
periodic,output,b8_n256_distinct,8,256,distinct,0.1,bitonic,1000,1000,0,1000,1000,1.0,1.0,1000,0,32640000,0,1.0,1.0,1.0,1.0,1.0,1.0,1.0,1.0,1.0,1.0,1.0,1.0,0.0,0.0,0.0,0.0
periodic,output,b8_n256_distinct,8,256,distinct,0.1,rank,1000,1000,0,1000,1000,1.0,1.0,1000,0,32640000,0,1.0,1.0,1.0,1.0,1.0,1.0,1.0,1.0,1.0,1.0,1.0,1.0,0.0,0.0,0.0,0.0
periodic,output,b8_n256_distinct,8,256,distinct,0.15,bitonic,1000,1000,0,1000,1000,1.0,1.0,1000,0,32640000,0,1.0,1.0,1.0,1.0,1.0,1.0,1.0,1.0,1.0,1.0,1.0,1.0,0.0,0.0,0.0,0.0
periodic,output,b8_n256_distinct,8,256,distinct,0.15,rank,1000,1000,0,1000,1000,1.0,1.0,1000,0,32640000,0,1.0,1.0,1.0,1.0,1.0,1.0,1.0,1.0,1.0,1.0,1.0,1.0,0.0,0.0,0.0,0.0
periodic,output,b8_n256_distinct,8,256,distinct,0.2,bitonic,1000,1000,0,1000,1000,1.0,1.0,1000,0,32640000,0,1.0,1.0,1.0,1.0,1.0,1.0,1.0,1.0,1.0,1.0,1.0,1.0,0.0,0.0,0.0,0.0
periodic,output,b8_n256_distinct,8,256,distinct,0.2,rank,1000,1000,0,1000,1000,1.0,1.0,1000,0,32640000,0,1.0,1.0,1.0,1.0,1.0,1.0,1.0,1.0,1.0,1.0,1.0,1.0,0.0,0.0,0.0,0.0
periodic,output,b8_n256_distinct,8,256,distinct,0.25,bitonic,1000,1000,0,1000,1000,1.0,1.0,1000,0,32640000,0,1.0,1.0,1.0,1.0,1.0,1.0,1.0,1.0,1.0,1.0,1.0,1.0,0.0,0.0,0.0,0.0
periodic,output,b8_n256_distinct,8,256,distinct,0.25,rank,1000,1000,0,1000,1000,1.0,1.0,1000,0,32640000,0,1.0,1.0,1.0,1.0,1.0,1.0,1.0,1.0,1.0,1.0,1.0,1.0,0.0,0.0,0.0,0.0
periodic,upstream,b8_n256_duplicates_allowed,8,256,duplicates_allowed,0.0,bitonic,1000,1000,0,1000,1000,1.0,1.0,1000,0,32512599,0,0.9980464683663344,0.9980526382047447,0.9974999385719181,0.9977456206515827,0.9980464683663345,0.9980526382047447,0.9974999385719181,0.9977456206515826,1.0,1.0,1.0,1.0,0.0,0.0,0.0,0.0
periodic,upstream,b8_n256_duplicates_allowed,8,256,duplicates_allowed,0.0,rank,1000,1000,0,1000,1000,1.0,1.0,1000,0,32512599,0,0.9980464683663344,0.9980526382047447,0.9974999385719181,0.9977456206515827,0.9980464683663345,0.9980526382047447,0.9974999385719181,0.9977456206515826,1.0,1.0,1.0,1.0,0.0,0.0,0.0,0.0
periodic,upstream,b8_n256_duplicates_allowed,8,256,duplicates_allowed,0.05,bitonic,1000,1000,0,1000,1000,1.0,1.0,1000,0,32512599,0,0.9980464683663344,0.9980526382047447,0.9974999385719181,0.9977456206515827,0.9980464683663345,0.9980526382047447,0.9974999385719181,0.9977456206515826,1.0,1.0,1.0,1.0,0.0,0.0,0.0,0.0
periodic,upstream,b8_n256_duplicates_allowed,8,256,duplicates_allowed,0.05,rank,1000,1000,0,1000,1000,1.0,1.0,1000,0,32512599,0,0.9980464683663344,0.9980526382047447,0.9974999385719181,0.9977456206515827,0.9980464683663345,0.9980526382047447,0.9974999385719181,0.9977456206515826,1.0,1.0,1.0,1.0,0.0,0.0,0.0,0.0
periodic,upstream,b8_n256_duplicates_allowed,8,256,duplicates_allowed,0.1,bitonic,1000,1000,0,1000,1000,1.0,1.0,1000,0,32512599,0,0.9980464683663344,0.9980526382047447,0.9974999385719181,0.9977456206515827,0.9980464683663345,0.9980526382047447,0.9974999385719181,0.9977456206515826,1.0,1.0,1.0,1.0,0.0,0.0,0.0,0.0
periodic,upstream,b8_n256_duplicates_allowed,8,256,duplicates_allowed,0.1,rank,1000,1000,0,1000,1000,1.0,1.0,1000,0,32512599,0,0.9980464683663344,0.9980526382047447,0.9974999385719181,0.9977456206515827,0.9980464683663345,0.9980526382047447,0.9974999385719181,0.9977456206515826,1.0,1.0,1.0,1.0,0.0,0.0,0.0,0.0
periodic,upstream,b8_n256_duplicates_allowed,8,256,duplicates_allowed,0.15,bitonic,1000,1000,0,955,904,0.955,0.904,1000,0,32512599,56,0.9980430302446409,0.9980526382047447,0.9974999385719181,0.9977456206515827,0.9980464683663345,0.9980526382047447,0.9974999385719181,0.9977456206515826,0.9999965551157773,1.0,0.9998768965623365,1.0,0.056,0.0,0.0,0.0
periodic,upstream,b8_n256_duplicates_allowed,8,256,duplicates_allowed,0.15,rank,1000,976,24,947,907,0.947,0.907,976,0,31732371,29,0.9980458138840649,0.9980526382047447,0.9974999385719181,0.9977609737729342,0.9980476381027281,0.9980526382047447,0.9974999385719181,0.997760973772934,0.9999981722122102,1.0,0.9999384596449121,1.0,0.02971311475409836,0.0,0.0,0.0
periodic,upstream,b8_n256_duplicates_allowed,8,256,duplicates_allowed,0.2,bitonic,1000,1000,0,548,237,0.548,0.237,1000,0,32512599,688,0.9980042290351233,0.9980219406995254,0.9972696776696423,0.9976995616655194,0.9980464683663345,0.9980526382047447,0.9974999385719181,0.9977456206515826,0.9999576780375716,1.0,0.999507601403336,0.9998769113361361,0.688,0.0,0.0,0.0
periodic,upstream,b8_n256_duplicates_allowed,8,256,duplicates_allowed,0.2,rank,1000,580,420,383,213,0.383,0.213,580,0,18857831,246,0.9980342854642125,0.9980372895701588,0.9974845833240429,0.9977602064947808,0.9980603246416024,0.9980679866032939,0.997546008570876,0.997776326658042,0.9999739103907697,1.0,0.9997539748439278,0.9998769983917318,0.4241379310344828,0.0,0.0,0.0
periodic,upstream,b8_n256_duplicates_allowed,8,256,duplicates_allowed,0.25,bitonic,1000,1000,0,104,5,0.104,0.005,1000,0,32512599,2584,0.9978878250596642,0.9978991459573063,0.9969626686289473,0.9975460251125607,0.9980464683663345,0.9980526382047447,0.9974999385719181,0.9977456206515826,0.9998410461081508,0.9998769268637888,0.9991384085174472,0.999630939566354,2.584,2.0,0.0,0.0
periodic,upstream,b8_n256_duplicates_allowed,8,256,duplicates_allowed,0.25,rank,1000,137,863,31,6,0.031,0.006,137,0,4454531,219,0.9979824922024682,0.9979759096635157,0.9974231580772096,0.9976289399986207,0.9980806307158181,0.9980679866032939,0.997546008570876,0.9978008907072646,0.9999016723705404,0.9999384710044609,0.9995077983203617,0.9997416557869635,1.5985401459854014,1.0,0.0,0.0
periodic,output,b8_n256_duplicates_allowed,8,256,duplicates_allowed,0.0,bitonic,1000,1000,0,1000,1000,1.0,1.0,1000,0,32512599,0,0.9980464683663344,0.9980526382047447,0.9974999385719181,0.9977456206515827,0.9980464683663345,0.9980526382047447,0.9974999385719181,0.9977456206515826,1.0,1.0,1.0,1.0,0.0,0.0,0.0,0.0
periodic,output,b8_n256_duplicates_allowed,8,256,duplicates_allowed,0.0,rank,1000,1000,0,1000,1000,1.0,1.0,1000,0,32512599,0,0.9980464683663344,0.9980526382047447,0.9974999385719181,0.9977456206515827,0.9980464683663345,0.9980526382047447,0.9974999385719181,0.9977456206515826,1.0,1.0,1.0,1.0,0.0,0.0,0.0,0.0
periodic,output,b8_n256_duplicates_allowed,8,256,duplicates_allowed,0.05,bitonic,1000,1000,0,1000,0,1.0,0.0,1000,0,32512599,0,0.9980464683663344,0.9980526382047447,0.9974999385719181,0.9977456206515827,0.9980464683663345,0.9980526382047447,0.9974999385719181,0.9977456206515826,1.0,1.0,1.0,1.0,0.0,0.0,0.0,0.0
periodic,output,b8_n256_duplicates_allowed,8,256,duplicates_allowed,0.05,rank,1000,0,1000,0,0,0.0,0.0,0,0,0,0,,,,,,,,,,,,,,,,
periodic,output,b8_n256_duplicates_allowed,8,256,duplicates_allowed,0.1,bitonic,1000,1000,0,1000,0,1.0,0.0,1000,0,32512599,0,0.9980464683663344,0.9980526382047447,0.9974999385719181,0.9977456206515827,0.9980464683663345,0.9980526382047447,0.9974999385719181,0.9977456206515826,1.0,1.0,1.0,1.0,0.0,0.0,0.0,0.0
periodic,output,b8_n256_duplicates_allowed,8,256,duplicates_allowed,0.1,rank,1000,0,1000,0,0,0.0,0.0,0,0,0,0,,,,,,,,,,,,,,,,
periodic,output,b8_n256_duplicates_allowed,8,256,duplicates_allowed,0.15,bitonic,1000,1000,0,1000,0,1.0,0.0,1000,0,32512599,0,0.9980464683663344,0.9980526382047447,0.9974999385719181,0.9977456206515827,0.9980464683663345,0.9980526382047447,0.9974999385719181,0.9977456206515826,1.0,1.0,1.0,1.0,0.0,0.0,0.0,0.0
periodic,output,b8_n256_duplicates_allowed,8,256,duplicates_allowed,0.15,rank,1000,0,1000,0,0,0.0,0.0,0,0,0,0,,,,,,,,,,,,,,,,
periodic,output,b8_n256_duplicates_allowed,8,256,duplicates_allowed,0.2,bitonic,1000,1000,0,1000,0,1.0,0.0,1000,0,32512599,0,0.9980464683663344,0.9980526382047447,0.9974999385719181,0.9977456206515827,0.9980464683663345,0.9980526382047447,0.9974999385719181,0.9977456206515826,1.0,1.0,1.0,1.0,0.0,0.0,0.0,0.0
periodic,output,b8_n256_duplicates_allowed,8,256,duplicates_allowed,0.2,rank,1000,0,1000,0,0,0.0,0.0,0,0,0,0,,,,,,,,,,,,,,,,
periodic,output,b8_n256_duplicates_allowed,8,256,duplicates_allowed,0.25,bitonic,1000,1000,0,1000,0,1.0,0.0,1000,0,32512599,0,0.9980464683663344,0.9980526382047447,0.9974999385719181,0.9977456206515827,0.9980464683663345,0.9980526382047447,0.9974999385719181,0.9977456206515826,1.0,1.0,1.0,1.0,0.0,0.0,0.0,0.0
periodic,output,b8_n256_duplicates_allowed,8,256,duplicates_allowed,0.25,rank,1000,0,1000,0,0,0.0,0.0,0,0,0,0,,,,,,,,,,,,,,,,
periodic_deadband,output_deadband,b4_n2_distinct,4,2,distinct,0.0,bitonic,1000,1000,0,1000,1000,1.0,1.0,1000,0,1000,0,1.0,1.0,1.0,1.0,1.0,1.0,1.0,1.0,1.0,1.0,1.0,1.0,0.0,0.0,0.0,0.0
periodic_deadband,output_deadband,b4_n2_distinct,4,2,distinct,0.0,rank,1000,1000,0,1000,1000,1.0,1.0,1000,0,1000,0,1.0,1.0,1.0,1.0,1.0,1.0,1.0,1.0,1.0,1.0,1.0,1.0,0.0,0.0,0.0,0.0
periodic_deadband,output_deadband,b4_n2_distinct,4,2,distinct,0.05,bitonic,1000,1000,0,1000,1000,1.0,1.0,1000,0,1000,0,1.0,1.0,1.0,1.0,1.0,1.0,1.0,1.0,1.0,1.0,1.0,1.0,0.0,0.0,0.0,0.0
periodic_deadband,output_deadband,b4_n2_distinct,4,2,distinct,0.05,rank,1000,1000,0,1000,1000,1.0,1.0,1000,0,1000,0,1.0,1.0,1.0,1.0,1.0,1.0,1.0,1.0,1.0,1.0,1.0,1.0,0.0,0.0,0.0,0.0
periodic_deadband,output_deadband,b4_n2_distinct,4,2,distinct,0.1,bitonic,1000,1000,0,1000,1000,1.0,1.0,1000,0,1000,0,1.0,1.0,1.0,1.0,1.0,1.0,1.0,1.0,1.0,1.0,1.0,1.0,0.0,0.0,0.0,0.0
periodic_deadband,output_deadband,b4_n2_distinct,4,2,distinct,0.1,rank,1000,1000,0,1000,1000,1.0,1.0,1000,0,1000,0,1.0,1.0,1.0,1.0,1.0,1.0,1.0,1.0,1.0,1.0,1.0,1.0,0.0,0.0,0.0,0.0
periodic_deadband,output_deadband,b4_n2_distinct,4,2,distinct,0.15,bitonic,1000,1000,0,1000,1000,1.0,1.0,1000,0,1000,0,1.0,1.0,1.0,1.0,1.0,1.0,1.0,1.0,1.0,1.0,1.0,1.0,0.0,0.0,0.0,0.0
periodic_deadband,output_deadband,b4_n2_distinct,4,2,distinct,0.15,rank,1000,1000,0,1000,1000,1.0,1.0,1000,0,1000,0,1.0,1.0,1.0,1.0,1.0,1.0,1.0,1.0,1.0,1.0,1.0,1.0,0.0,0.0,0.0,0.0
periodic_deadband,output_deadband,b4_n2_distinct,4,2,distinct,0.2,bitonic,1000,1000,0,1000,1000,1.0,1.0,1000,0,1000,0,1.0,1.0,1.0,1.0,1.0,1.0,1.0,1.0,1.0,1.0,1.0,1.0,0.0,0.0,0.0,0.0
periodic_deadband,output_deadband,b4_n2_distinct,4,2,distinct,0.2,rank,1000,1000,0,1000,1000,1.0,1.0,1000,0,1000,0,1.0,1.0,1.0,1.0,1.0,1.0,1.0,1.0,1.0,1.0,1.0,1.0,0.0,0.0,0.0,0.0
periodic_deadband,output_deadband,b4_n2_distinct,4,2,distinct,0.25,bitonic,1000,1000,0,1000,1000,1.0,1.0,1000,0,1000,0,1.0,1.0,1.0,1.0,1.0,1.0,1.0,1.0,1.0,1.0,1.0,1.0,0.0,0.0,0.0,0.0
periodic_deadband,output_deadband,b4_n2_distinct,4,2,distinct,0.25,rank,1000,1000,0,1000,1000,1.0,1.0,1000,0,1000,0,1.0,1.0,1.0,1.0,1.0,1.0,1.0,1.0,1.0,1.0,1.0,1.0,0.0,0.0,0.0,0.0
periodic_deadband,output_deadband,b4_n2_duplicates_allowed,4,2,duplicates_allowed,0.0,bitonic,1000,1000,0,1000,1000,1.0,1.0,934,66,934,0,1.0,1.0,1.0,1.0,1.0,1.0,1.0,1.0,1.0,1.0,1.0,1.0,0.0,0.0,0.0,0.0
periodic_deadband,output_deadband,b4_n2_duplicates_allowed,4,2,duplicates_allowed,0.0,rank,1000,1000,0,1000,1000,1.0,1.0,934,66,934,0,1.0,1.0,1.0,1.0,1.0,1.0,1.0,1.0,1.0,1.0,1.0,1.0,0.0,0.0,0.0,0.0
periodic_deadband,output_deadband,b4_n2_duplicates_allowed,4,2,duplicates_allowed,0.05,bitonic,1000,1000,0,1000,1000,1.0,1.0,934,66,934,0,1.0,1.0,1.0,1.0,1.0,1.0,1.0,1.0,1.0,1.0,1.0,1.0,0.0,0.0,0.0,0.0
periodic_deadband,output_deadband,b4_n2_duplicates_allowed,4,2,duplicates_allowed,0.05,rank,1000,1000,0,1000,1000,1.0,1.0,934,66,934,0,1.0,1.0,1.0,1.0,1.0,1.0,1.0,1.0,1.0,1.0,1.0,1.0,0.0,0.0,0.0,0.0
periodic_deadband,output_deadband,b4_n2_duplicates_allowed,4,2,duplicates_allowed,0.1,bitonic,1000,1000,0,1000,1000,1.0,1.0,934,66,934,0,1.0,1.0,1.0,1.0,1.0,1.0,1.0,1.0,1.0,1.0,1.0,1.0,0.0,0.0,0.0,0.0
periodic_deadband,output_deadband,b4_n2_duplicates_allowed,4,2,duplicates_allowed,0.1,rank,1000,1000,0,1000,1000,1.0,1.0,934,66,934,0,1.0,1.0,1.0,1.0,1.0,1.0,1.0,1.0,1.0,1.0,1.0,1.0,0.0,0.0,0.0,0.0
periodic_deadband,output_deadband,b4_n2_duplicates_allowed,4,2,duplicates_allowed,0.15,bitonic,1000,1000,0,1000,1000,1.0,1.0,934,66,934,0,1.0,1.0,1.0,1.0,1.0,1.0,1.0,1.0,1.0,1.0,1.0,1.0,0.0,0.0,0.0,0.0
periodic_deadband,output_deadband,b4_n2_duplicates_allowed,4,2,duplicates_allowed,0.15,rank,1000,1000,0,1000,1000,1.0,1.0,934,66,934,0,1.0,1.0,1.0,1.0,1.0,1.0,1.0,1.0,1.0,1.0,1.0,1.0,0.0,0.0,0.0,0.0
periodic_deadband,output_deadband,b4_n2_duplicates_allowed,4,2,duplicates_allowed,0.2,bitonic,1000,1000,0,1000,1000,1.0,1.0,934,66,934,0,1.0,1.0,1.0,1.0,1.0,1.0,1.0,1.0,1.0,1.0,1.0,1.0,0.0,0.0,0.0,0.0
periodic_deadband,output_deadband,b4_n2_duplicates_allowed,4,2,duplicates_allowed,0.2,rank,1000,1000,0,1000,1000,1.0,1.0,934,66,934,0,1.0,1.0,1.0,1.0,1.0,1.0,1.0,1.0,1.0,1.0,1.0,1.0,0.0,0.0,0.0,0.0
periodic_deadband,output_deadband,b4_n2_duplicates_allowed,4,2,duplicates_allowed,0.25,bitonic,1000,1000,0,1000,1000,1.0,1.0,934,66,934,0,1.0,1.0,1.0,1.0,1.0,1.0,1.0,1.0,1.0,1.0,1.0,1.0,0.0,0.0,0.0,0.0
periodic_deadband,output_deadband,b4_n2_duplicates_allowed,4,2,duplicates_allowed,0.25,rank,1000,1000,0,1000,1000,1.0,1.0,934,66,934,0,1.0,1.0,1.0,1.0,1.0,1.0,1.0,1.0,1.0,1.0,1.0,1.0,0.0,0.0,0.0,0.0
periodic_deadband,output_deadband,b4_n4_distinct,4,4,distinct,0.0,bitonic,1000,1000,0,1000,1000,1.0,1.0,1000,0,6000,0,1.0,1.0,1.0,1.0,1.0,1.0,1.0,1.0,1.0,1.0,1.0,1.0,0.0,0.0,0.0,0.0
periodic_deadband,output_deadband,b4_n4_distinct,4,4,distinct,0.0,rank,1000,1000,0,1000,1000,1.0,1.0,1000,0,6000,0,1.0,1.0,1.0,1.0,1.0,1.0,1.0,1.0,1.0,1.0,1.0,1.0,0.0,0.0,0.0,0.0
periodic_deadband,output_deadband,b4_n4_distinct,4,4,distinct,0.05,bitonic,1000,1000,0,1000,1000,1.0,1.0,1000,0,6000,0,1.0,1.0,1.0,1.0,1.0,1.0,1.0,1.0,1.0,1.0,1.0,1.0,0.0,0.0,0.0,0.0
periodic_deadband,output_deadband,b4_n4_distinct,4,4,distinct,0.05,rank,1000,1000,0,1000,1000,1.0,1.0,1000,0,6000,0,1.0,1.0,1.0,1.0,1.0,1.0,1.0,1.0,1.0,1.0,1.0,1.0,0.0,0.0,0.0,0.0
periodic_deadband,output_deadband,b4_n4_distinct,4,4,distinct,0.1,bitonic,1000,1000,0,1000,1000,1.0,1.0,1000,0,6000,0,1.0,1.0,1.0,1.0,1.0,1.0,1.0,1.0,1.0,1.0,1.0,1.0,0.0,0.0,0.0,0.0
periodic_deadband,output_deadband,b4_n4_distinct,4,4,distinct,0.1,rank,1000,1000,0,1000,1000,1.0,1.0,1000,0,6000,0,1.0,1.0,1.0,1.0,1.0,1.0,1.0,1.0,1.0,1.0,1.0,1.0,0.0,0.0,0.0,0.0
periodic_deadband,output_deadband,b4_n4_distinct,4,4,distinct,0.15,bitonic,1000,1000,0,1000,1000,1.0,1.0,1000,0,6000,0,1.0,1.0,1.0,1.0,1.0,1.0,1.0,1.0,1.0,1.0,1.0,1.0,0.0,0.0,0.0,0.0
periodic_deadband,output_deadband,b4_n4_distinct,4,4,distinct,0.15,rank,1000,1000,0,1000,1000,1.0,1.0,1000,0,6000,0,1.0,1.0,1.0,1.0,1.0,1.0,1.0,1.0,1.0,1.0,1.0,1.0,0.0,0.0,0.0,0.0
periodic_deadband,output_deadband,b4_n4_distinct,4,4,distinct,0.2,bitonic,1000,1000,0,1000,1000,1.0,1.0,1000,0,6000,0,1.0,1.0,1.0,1.0,1.0,1.0,1.0,1.0,1.0,1.0,1.0,1.0,0.0,0.0,0.0,0.0
periodic_deadband,output_deadband,b4_n4_distinct,4,4,distinct,0.2,rank,1000,1000,0,999,999,0.999,0.999,1000,0,6000,1,0.9996666666666667,1.0,0.6666666666666666,1.0,1.0,1.0,1.0,1.0,0.9996666666666667,1.0,0.6666666666666667,1.0,0.001,0.0,0.0,0.0
periodic_deadband,output_deadband,b4_n4_distinct,4,4,distinct,0.25,bitonic,1000,1000,0,1000,1000,1.0,1.0,1000,0,6000,0,1.0,1.0,1.0,1.0,1.0,1.0,1.0,1.0,1.0,1.0,1.0,1.0,0.0,0.0,0.0,0.0
periodic_deadband,output_deadband,b4_n4_distinct,4,4,distinct,0.25,rank,1000,1000,0,999,999,0.999,0.999,1000,0,6000,1,0.9996666666666667,1.0,0.6666666666666666,1.0,1.0,1.0,1.0,1.0,0.9996666666666667,1.0,0.6666666666666667,1.0,0.001,0.0,0.0,0.0
periodic_deadband,output_deadband,b4_n4_duplicates_allowed,4,4,duplicates_allowed,0.0,bitonic,1000,1000,0,1000,1000,1.0,1.0,1000,0,5582,0,0.9630502817063583,1.0,0.7071067811865476,0.9128709291752769,0.9630502817063583,1.0,0.7071067811865476,0.9128709291752769,1.0,1.0,1.0,1.0,0.0,0.0,0.0,0.0
periodic_deadband,output_deadband,b4_n4_duplicates_allowed,4,4,duplicates_allowed,0.0,rank,1000,1000,0,1000,1000,1.0,1.0,1000,0,5582,0,0.9630502817063583,1.0,0.7071067811865476,0.9128709291752769,0.9630502817063583,1.0,0.7071067811865476,0.9128709291752769,1.0,1.0,1.0,1.0,0.0,0.0,0.0,0.0
periodic_deadband,output_deadband,b4_n4_duplicates_allowed,4,4,duplicates_allowed,0.05,bitonic,1000,1000,0,1000,1000,1.0,1.0,1000,0,5582,0,0.9630502817063583,1.0,0.7071067811865476,0.9128709291752769,0.9630502817063583,1.0,0.7071067811865476,0.9128709291752769,1.0,1.0,1.0,1.0,0.0,0.0,0.0,0.0
periodic_deadband,output_deadband,b4_n4_duplicates_allowed,4,4,duplicates_allowed,0.05,rank,1000,1000,0,1000,1000,1.0,1.0,1000,0,5582,0,0.9630502817063583,1.0,0.7071067811865476,0.9128709291752769,0.9630502817063583,1.0,0.7071067811865476,0.9128709291752769,1.0,1.0,1.0,1.0,0.0,0.0,0.0,0.0
periodic_deadband,output_deadband,b4_n4_duplicates_allowed,4,4,duplicates_allowed,0.1,bitonic,1000,1000,0,1000,1000,1.0,1.0,1000,0,5582,0,0.9630502817063583,1.0,0.7071067811865476,0.9128709291752769,0.9630502817063583,1.0,0.7071067811865476,0.9128709291752769,1.0,1.0,1.0,1.0,0.0,0.0,0.0,0.0
periodic_deadband,output_deadband,b4_n4_duplicates_allowed,4,4,duplicates_allowed,0.1,rank,1000,1000,0,1000,1000,1.0,1.0,1000,0,5582,0,0.9630502817063583,1.0,0.7071067811865476,0.9128709291752769,0.9630502817063583,1.0,0.7071067811865476,0.9128709291752769,1.0,1.0,1.0,1.0,0.0,0.0,0.0,0.0
periodic_deadband,output_deadband,b4_n4_duplicates_allowed,4,4,duplicates_allowed,0.15,bitonic,1000,1000,0,1000,1000,1.0,1.0,1000,0,5582,0,0.9630502817063583,1.0,0.7071067811865476,0.9128709291752769,0.9630502817063583,1.0,0.7071067811865476,0.9128709291752769,1.0,1.0,1.0,1.0,0.0,0.0,0.0,0.0
periodic_deadband,output_deadband,b4_n4_duplicates_allowed,4,4,duplicates_allowed,0.15,rank,1000,1000,0,1000,1000,1.0,1.0,1000,0,5582,0,0.9630502817063583,1.0,0.7071067811865476,0.9128709291752769,0.9630502817063583,1.0,0.7071067811865476,0.9128709291752769,1.0,1.0,1.0,1.0,0.0,0.0,0.0,0.0
periodic_deadband,output_deadband,b4_n4_duplicates_allowed,4,4,duplicates_allowed,0.2,bitonic,1000,1000,0,1000,1000,1.0,1.0,1000,0,5582,0,0.9630502817063583,1.0,0.7071067811865476,0.9128709291752769,0.9630502817063583,1.0,0.7071067811865476,0.9128709291752769,1.0,1.0,1.0,1.0,0.0,0.0,0.0,0.0
periodic_deadband,output_deadband,b4_n4_duplicates_allowed,4,4,duplicates_allowed,0.2,rank,1000,1000,0,1000,1000,1.0,1.0,1000,0,5582,0,0.9630502817063583,1.0,0.7071067811865476,0.9128709291752769,0.9630502817063583,1.0,0.7071067811865476,0.9128709291752769,1.0,1.0,1.0,1.0,0.0,0.0,0.0,0.0
periodic_deadband,output_deadband,b4_n4_duplicates_allowed,4,4,duplicates_allowed,0.25,bitonic,1000,1000,0,1000,1000,1.0,1.0,1000,0,5582,0,0.9630502817063583,1.0,0.7071067811865476,0.9128709291752769,0.9630502817063583,1.0,0.7071067811865476,0.9128709291752769,1.0,1.0,1.0,1.0,0.0,0.0,0.0,0.0
periodic_deadband,output_deadband,b4_n4_duplicates_allowed,4,4,duplicates_allowed,0.25,rank,1000,1000,0,1000,1000,1.0,1.0,1000,0,5582,0,0.9630502817063583,1.0,0.7071067811865476,0.9128709291752769,0.9630502817063583,1.0,0.7071067811865476,0.9128709291752769,1.0,1.0,1.0,1.0,0.0,0.0,0.0,0.0
periodic_deadband,output_deadband,b4_n8_distinct,4,8,distinct,0.0,bitonic,1000,1000,0,1000,1000,1.0,1.0,1000,0,28000,0,1.0,1.0,1.0,1.0,1.0,1.0,1.0,1.0,1.0,1.0,1.0,1.0,0.0,0.0,0.0,0.0
periodic_deadband,output_deadband,b4_n8_distinct,4,8,distinct,0.0,rank,1000,1000,0,1000,1000,1.0,1.0,1000,0,28000,0,1.0,1.0,1.0,1.0,1.0,1.0,1.0,1.0,1.0,1.0,1.0,1.0,0.0,0.0,0.0,0.0
periodic_deadband,output_deadband,b4_n8_distinct,4,8,distinct,0.05,bitonic,1000,1000,0,1000,1000,1.0,1.0,1000,0,28000,0,1.0,1.0,1.0,1.0,1.0,1.0,1.0,1.0,1.0,1.0,1.0,1.0,0.0,0.0,0.0,0.0
periodic_deadband,output_deadband,b4_n8_distinct,4,8,distinct,0.05,rank,1000,1000,0,1000,1000,1.0,1.0,1000,0,28000,0,1.0,1.0,1.0,1.0,1.0,1.0,1.0,1.0,1.0,1.0,1.0,1.0,0.0,0.0,0.0,0.0
periodic_deadband,output_deadband,b4_n8_distinct,4,8,distinct,0.1,bitonic,1000,1000,0,1000,1000,1.0,1.0,1000,0,28000,0,1.0,1.0,1.0,1.0,1.0,1.0,1.0,1.0,1.0,1.0,1.0,1.0,0.0,0.0,0.0,0.0
periodic_deadband,output_deadband,b4_n8_distinct,4,8,distinct,0.1,rank,1000,1000,0,1000,1000,1.0,1.0,1000,0,28000,0,1.0,1.0,1.0,1.0,1.0,1.0,1.0,1.0,1.0,1.0,1.0,1.0,0.0,0.0,0.0,0.0
periodic_deadband,output_deadband,b4_n8_distinct,4,8,distinct,0.15,bitonic,1000,1000,0,1000,1000,1.0,1.0,1000,0,28000,0,1.0,1.0,1.0,1.0,1.0,1.0,1.0,1.0,1.0,1.0,1.0,1.0,0.0,0.0,0.0,0.0
periodic_deadband,output_deadband,b4_n8_distinct,4,8,distinct,0.15,rank,1000,1000,0,1000,1000,1.0,1.0,1000,0,28000,0,1.0,1.0,1.0,1.0,1.0,1.0,1.0,1.0,1.0,1.0,1.0,1.0,0.0,0.0,0.0,0.0
periodic_deadband,output_deadband,b4_n8_distinct,4,8,distinct,0.2,bitonic,1000,1000,0,1000,1000,1.0,1.0,1000,0,28000,0,1.0,1.0,1.0,1.0,1.0,1.0,1.0,1.0,1.0,1.0,1.0,1.0,0.0,0.0,0.0,0.0
periodic_deadband,output_deadband,b4_n8_distinct,4,8,distinct,0.2,rank,1000,1000,0,1000,1000,1.0,1.0,1000,0,28000,0,1.0,1.0,1.0,1.0,1.0,1.0,1.0,1.0,1.0,1.0,1.0,1.0,0.0,0.0,0.0,0.0
periodic_deadband,output_deadband,b4_n8_distinct,4,8,distinct,0.25,bitonic,1000,1000,0,1000,1000,1.0,1.0,1000,0,28000,0,1.0,1.0,1.0,1.0,1.0,1.0,1.0,1.0,1.0,1.0,1.0,1.0,0.0,0.0,0.0,0.0
periodic_deadband,output_deadband,b4_n8_distinct,4,8,distinct,0.25,rank,1000,1000,0,1000,1000,1.0,1.0,1000,0,28000,0,1.0,1.0,1.0,1.0,1.0,1.0,1.0,1.0,1.0,1.0,1.0,1.0,0.0,0.0,0.0,0.0
periodic_deadband,output_deadband,b4_n8_duplicates_allowed,4,8,duplicates_allowed,0.0,bitonic,1000,1000,0,1000,1000,1.0,1.0,1000,0,26244,0,0.9678507838121745,0.9636241116594315,0.8017837257372732,0.9258200997725514,0.9678507838121745,0.9636241116594315,0.8017837257372732,0.9258200997725514,1.0,1.0,1.0,1.0,0.0,0.0,0.0,0.0
periodic_deadband,output_deadband,b4_n8_duplicates_allowed,4,8,duplicates_allowed,0.0,rank,1000,1000,0,1000,1000,1.0,1.0,1000,0,26244,0,0.9678507838121745,0.9636241116594315,0.8017837257372732,0.9258200997725514,0.9678507838121745,0.9636241116594315,0.8017837257372732,0.9258200997725514,1.0,1.0,1.0,1.0,0.0,0.0,0.0,0.0
periodic_deadband,output_deadband,b4_n8_duplicates_allowed,4,8,duplicates_allowed,0.05,bitonic,1000,1000,0,1000,1000,1.0,1.0,1000,0,26244,0,0.9678507838121745,0.9636241116594315,0.8017837257372732,0.9258200997725514,0.9678507838121745,0.9636241116594315,0.8017837257372732,0.9258200997725514,1.0,1.0,1.0,1.0,0.0,0.0,0.0,0.0
periodic_deadband,output_deadband,b4_n8_duplicates_allowed,4,8,duplicates_allowed,0.05,rank,1000,1000,0,1000,1000,1.0,1.0,1000,0,26244,0,0.9678507838121745,0.9636241116594315,0.8017837257372732,0.9258200997725514,0.9678507838121745,0.9636241116594315,0.8017837257372732,0.9258200997725514,1.0,1.0,1.0,1.0,0.0,0.0,0.0,0.0
periodic_deadband,output_deadband,b4_n8_duplicates_allowed,4,8,duplicates_allowed,0.1,bitonic,1000,1000,0,1000,1000,1.0,1.0,1000,0,26244,0,0.9678507838121745,0.9636241116594315,0.8017837257372732,0.9258200997725514,0.9678507838121745,0.9636241116594315,0.8017837257372732,0.9258200997725514,1.0,1.0,1.0,1.0,0.0,0.0,0.0,0.0
periodic_deadband,output_deadband,b4_n8_duplicates_allowed,4,8,duplicates_allowed,0.1,rank,1000,1000,0,1000,1000,1.0,1.0,1000,0,26244,0,0.9678507838121745,0.9636241116594315,0.8017837257372732,0.9258200997725514,0.9678507838121745,0.9636241116594315,0.8017837257372732,0.9258200997725514,1.0,1.0,1.0,1.0,0.0,0.0,0.0,0.0
periodic_deadband,output_deadband,b4_n8_duplicates_allowed,4,8,duplicates_allowed,0.15,bitonic,1000,1000,0,1000,1000,1.0,1.0,1000,0,26244,0,0.9678507838121745,0.9636241116594315,0.8017837257372732,0.9258200997725514,0.9678507838121745,0.9636241116594315,0.8017837257372732,0.9258200997725514,1.0,1.0,1.0,1.0,0.0,0.0,0.0,0.0
periodic_deadband,output_deadband,b4_n8_duplicates_allowed,4,8,duplicates_allowed,0.15,rank,1000,1000,0,1000,1000,1.0,1.0,1000,0,26244,0,0.9678507838121745,0.9636241116594315,0.8017837257372732,0.9258200997725514,0.9678507838121745,0.9636241116594315,0.8017837257372732,0.9258200997725514,1.0,1.0,1.0,1.0,0.0,0.0,0.0,0.0
periodic_deadband,output_deadband,b4_n8_duplicates_allowed,4,8,duplicates_allowed,0.2,bitonic,1000,1000,0,1000,1000,1.0,1.0,1000,0,26244,0,0.9678507838121745,0.9636241116594315,0.8017837257372732,0.9258200997725514,0.9678507838121745,0.9636241116594315,0.8017837257372732,0.9258200997725514,1.0,1.0,1.0,1.0,0.0,0.0,0.0,0.0
periodic_deadband,output_deadband,b4_n8_duplicates_allowed,4,8,duplicates_allowed,0.2,rank,1000,1000,0,1000,1000,1.0,1.0,1000,0,26244,0,0.9678507838121745,0.9636241116594315,0.8017837257372732,0.9258200997725514,0.9678507838121745,0.9636241116594315,0.8017837257372732,0.9258200997725514,1.0,1.0,1.0,1.0,0.0,0.0,0.0,0.0
periodic_deadband,output_deadband,b4_n8_duplicates_allowed,4,8,duplicates_allowed,0.25,bitonic,1000,1000,0,998,998,0.998,0.998,1000,0,26244,2,0.9677039195837631,0.9636241116594315,0.8017837257372732,0.9258200997725514,0.9678507838121745,0.9636241116594315,0.8017837257372732,0.9258200997725514,0.9998490028490028,1.0,0.9230769230769231,1.0,0.002,0.0,0.0,0.0
periodic_deadband,output_deadband,b4_n8_duplicates_allowed,4,8,duplicates_allowed,0.25,rank,1000,999,1,998,996,0.998,0.996,999,0,26221,1,0.967838170083417,0.9636241116594315,0.8017837257372732,0.9258200997725514,0.9679123692142139,0.9636241116594315,0.8017837257372732,0.9258200997725514,0.9999229999229999,1.0,0.9230769230769231,1.0,0.001001001001001001,0.0,0.0,0.0
periodic_deadband,output_deadband,b4_n16_distinct,4,16,distinct,0.0,bitonic,1000,1000,0,1000,1000,1.0,1.0,1000,0,120000,0,1.0,1.0,1.0,1.0,1.0,1.0,1.0,1.0,1.0,1.0,1.0,1.0,0.0,0.0,0.0,0.0
periodic_deadband,output_deadband,b4_n16_distinct,4,16,distinct,0.0,rank,1000,1000,0,1000,1000,1.0,1.0,1000,0,120000,0,1.0,1.0,1.0,1.0,1.0,1.0,1.0,1.0,1.0,1.0,1.0,1.0,0.0,0.0,0.0,0.0
periodic_deadband,output_deadband,b4_n16_distinct,4,16,distinct,0.05,bitonic,1000,1000,0,1000,1000,1.0,1.0,1000,0,120000,0,1.0,1.0,1.0,1.0,1.0,1.0,1.0,1.0,1.0,1.0,1.0,1.0,0.0,0.0,0.0,0.0
periodic_deadband,output_deadband,b4_n16_distinct,4,16,distinct,0.05,rank,1000,1000,0,1000,1000,1.0,1.0,1000,0,120000,0,1.0,1.0,1.0,1.0,1.0,1.0,1.0,1.0,1.0,1.0,1.0,1.0,0.0,0.0,0.0,0.0
periodic_deadband,output_deadband,b4_n16_distinct,4,16,distinct,0.1,bitonic,1000,1000,0,1000,1000,1.0,1.0,1000,0,120000,0,1.0,1.0,1.0,1.0,1.0,1.0,1.0,1.0,1.0,1.0,1.0,1.0,0.0,0.0,0.0,0.0
periodic_deadband,output_deadband,b4_n16_distinct,4,16,distinct,0.1,rank,1000,1000,0,1000,1000,1.0,1.0,1000,0,120000,0,1.0,1.0,1.0,1.0,1.0,1.0,1.0,1.0,1.0,1.0,1.0,1.0,0.0,0.0,0.0,0.0
periodic_deadband,output_deadband,b4_n16_distinct,4,16,distinct,0.15,bitonic,1000,1000,0,1000,1000,1.0,1.0,1000,0,120000,0,1.0,1.0,1.0,1.0,1.0,1.0,1.0,1.0,1.0,1.0,1.0,1.0,0.0,0.0,0.0,0.0
periodic_deadband,output_deadband,b4_n16_distinct,4,16,distinct,0.15,rank,1000,1000,0,1000,1000,1.0,1.0,1000,0,120000,0,1.0,1.0,1.0,1.0,1.0,1.0,1.0,1.0,1.0,1.0,1.0,1.0,0.0,0.0,0.0,0.0
periodic_deadband,output_deadband,b4_n16_distinct,4,16,distinct,0.2,bitonic,1000,1000,0,1000,1000,1.0,1.0,1000,0,120000,0,1.0,1.0,1.0,1.0,1.0,1.0,1.0,1.0,1.0,1.0,1.0,1.0,0.0,0.0,0.0,0.0
periodic_deadband,output_deadband,b4_n16_distinct,4,16,distinct,0.2,rank,1000,1000,0,999,999,0.999,0.999,1000,0,120000,1,0.9999833333333333,1.0,0.9833333333333333,1.0,1.0,1.0,1.0,1.0,0.9999833333333333,1.0,0.9833333333333333,1.0,0.001,0.0,0.0,0.0
periodic_deadband,output_deadband,b4_n16_distinct,4,16,distinct,0.25,bitonic,1000,1000,0,996,996,0.996,0.996,1000,0,120000,4,0.9999333333333333,1.0,0.9833333333333333,1.0,1.0,1.0,1.0,1.0,0.9999333333333333,1.0,0.9833333333333333,1.0,0.004,0.0,0.0,0.0
periodic_deadband,output_deadband,b4_n16_distinct,4,16,distinct,0.25,rank,1000,1000,0,998,998,0.998,0.998,1000,0,120000,2,0.9999666666666667,1.0,0.9833333333333333,1.0,1.0,1.0,1.0,1.0,0.9999666666666667,1.0,0.9833333333333333,1.0,0.002,0.0,0.0,0.0
periodic_deadband,output_deadband,b4_n16_duplicates_allowed,4,16,duplicates_allowed,0.0,bitonic,1000,1000,0,1000,1000,1.0,1.0,1000,0,112512,0,0.9682258244328024,0.9703951085339758,0.8897565210026094,0.944281031614353,0.9682258244328023,0.9703951085339758,0.8897565210026093,0.944281031614353,1.0,1.0,1.0,1.0,0.0,0.0,0.0,0.0
periodic_deadband,output_deadband,b4_n16_duplicates_allowed,4,16,duplicates_allowed,0.0,rank,1000,1000,0,1000,1000,1.0,1.0,1000,0,112512,0,0.9682258244328024,0.9703951085339758,0.8897565210026094,0.944281031614353,0.9682258244328023,0.9703951085339758,0.8897565210026093,0.944281031614353,1.0,1.0,1.0,1.0,0.0,0.0,0.0,0.0
periodic_deadband,output_deadband,b4_n16_duplicates_allowed,4,16,duplicates_allowed,0.05,bitonic,1000,1000,0,1000,1000,1.0,1.0,1000,0,112512,0,0.9682258244328024,0.9703951085339758,0.8897565210026094,0.944281031614353,0.9682258244328023,0.9703951085339758,0.8897565210026093,0.944281031614353,1.0,1.0,1.0,1.0,0.0,0.0,0.0,0.0
periodic_deadband,output_deadband,b4_n16_duplicates_allowed,4,16,duplicates_allowed,0.05,rank,1000,1000,0,1000,1000,1.0,1.0,1000,0,112512,0,0.9682258244328024,0.9703951085339758,0.8897565210026094,0.944281031614353,0.9682258244328023,0.9703951085339758,0.8897565210026093,0.944281031614353,1.0,1.0,1.0,1.0,0.0,0.0,0.0,0.0
periodic_deadband,output_deadband,b4_n16_duplicates_allowed,4,16,duplicates_allowed,0.1,bitonic,1000,1000,0,1000,1000,1.0,1.0,1000,0,112512,0,0.9682258244328024,0.9703951085339758,0.8897565210026094,0.944281031614353,0.9682258244328023,0.9703951085339758,0.8897565210026093,0.944281031614353,1.0,1.0,1.0,1.0,0.0,0.0,0.0,0.0
periodic_deadband,output_deadband,b4_n16_duplicates_allowed,4,16,duplicates_allowed,0.1,rank,1000,1000,0,1000,1000,1.0,1.0,1000,0,112512,0,0.9682258244328024,0.9703951085339758,0.8897565210026094,0.944281031614353,0.9682258244328023,0.9703951085339758,0.8897565210026093,0.944281031614353,1.0,1.0,1.0,1.0,0.0,0.0,0.0,0.0
periodic_deadband,output_deadband,b4_n16_duplicates_allowed,4,16,duplicates_allowed,0.15,bitonic,1000,1000,0,1000,1000,1.0,1.0,1000,0,112512,0,0.9682258244328024,0.9703951085339758,0.8897565210026094,0.944281031614353,0.9682258244328023,0.9703951085339758,0.8897565210026093,0.944281031614353,1.0,1.0,1.0,1.0,0.0,0.0,0.0,0.0
periodic_deadband,output_deadband,b4_n16_duplicates_allowed,4,16,duplicates_allowed,0.15,rank,1000,1000,0,1000,1000,1.0,1.0,1000,0,112512,0,0.9682258244328024,0.9703951085339758,0.8897565210026094,0.944281031614353,0.9682258244328023,0.9703951085339758,0.8897565210026093,0.944281031614353,1.0,1.0,1.0,1.0,0.0,0.0,0.0,0.0
periodic_deadband,output_deadband,b4_n16_duplicates_allowed,4,16,duplicates_allowed,0.2,bitonic,1000,1000,0,1000,1000,1.0,1.0,1000,0,112512,0,0.9682258244328024,0.9703951085339758,0.8897565210026094,0.944281031614353,0.9682258244328023,0.9703951085339758,0.8897565210026093,0.944281031614353,1.0,1.0,1.0,1.0,0.0,0.0,0.0,0.0
periodic_deadband,output_deadband,b4_n16_duplicates_allowed,4,16,duplicates_allowed,0.2,rank,1000,1000,0,1000,1000,1.0,1.0,1000,0,112512,0,0.9682258244328024,0.9703951085339758,0.8897565210026094,0.944281031614353,0.9682258244328023,0.9703951085339758,0.8897565210026093,0.944281031614353,1.0,1.0,1.0,1.0,0.0,0.0,0.0,0.0
periodic_deadband,output_deadband,b4_n16_duplicates_allowed,4,16,duplicates_allowed,0.25,bitonic,1000,1000,0,994,994,0.994,0.994,1000,0,112512,7,0.9681045619369668,0.9703951085339758,0.8897565210026094,0.944281031614353,0.9682258244328023,0.9703951085339758,0.8897565210026093,0.944281031614353,0.9998739354795744,1.0,0.9626168224299065,1.0,0.007,0.0,0.0,0.0
periodic_deadband,output_deadband,b4_n16_duplicates_allowed,4,16,duplicates_allowed,0.25,rank,1000,998,2,996,995,0.996,0.995,998,0,112288,2,0.9681955991687706,0.9703951085339758,0.8897565210026094,0.944281031614353,0.9682301010687813,0.9703951085339758,0.8897565210026093,0.944281031614353,0.9999643555886477,1.0,0.9818181818181818,1.0,0.002004008016032064,0.0,0.0,0.0
periodic_deadband,output_deadband,b8_n2_distinct,8,2,distinct,0.0,bitonic,1000,1000,0,1000,1000,1.0,1.0,1000,0,1000,0,1.0,1.0,1.0,1.0,1.0,1.0,1.0,1.0,1.0,1.0,1.0,1.0,0.0,0.0,0.0,0.0
periodic_deadband,output_deadband,b8_n2_distinct,8,2,distinct,0.0,rank,1000,1000,0,1000,1000,1.0,1.0,1000,0,1000,0,1.0,1.0,1.0,1.0,1.0,1.0,1.0,1.0,1.0,1.0,1.0,1.0,0.0,0.0,0.0,0.0
periodic_deadband,output_deadband,b8_n2_distinct,8,2,distinct,0.05,bitonic,1000,1000,0,1000,1000,1.0,1.0,1000,0,1000,0,1.0,1.0,1.0,1.0,1.0,1.0,1.0,1.0,1.0,1.0,1.0,1.0,0.0,0.0,0.0,0.0
periodic_deadband,output_deadband,b8_n2_distinct,8,2,distinct,0.05,rank,1000,1000,0,1000,1000,1.0,1.0,1000,0,1000,0,1.0,1.0,1.0,1.0,1.0,1.0,1.0,1.0,1.0,1.0,1.0,1.0,0.0,0.0,0.0,0.0
periodic_deadband,output_deadband,b8_n2_distinct,8,2,distinct,0.1,bitonic,1000,1000,0,1000,1000,1.0,1.0,1000,0,1000,0,1.0,1.0,1.0,1.0,1.0,1.0,1.0,1.0,1.0,1.0,1.0,1.0,0.0,0.0,0.0,0.0
periodic_deadband,output_deadband,b8_n2_distinct,8,2,distinct,0.1,rank,1000,1000,0,1000,1000,1.0,1.0,1000,0,1000,0,1.0,1.0,1.0,1.0,1.0,1.0,1.0,1.0,1.0,1.0,1.0,1.0,0.0,0.0,0.0,0.0
periodic_deadband,output_deadband,b8_n2_distinct,8,2,distinct,0.15,bitonic,1000,1000,0,1000,1000,1.0,1.0,1000,0,1000,0,1.0,1.0,1.0,1.0,1.0,1.0,1.0,1.0,1.0,1.0,1.0,1.0,0.0,0.0,0.0,0.0
periodic_deadband,output_deadband,b8_n2_distinct,8,2,distinct,0.15,rank,1000,1000,0,1000,1000,1.0,1.0,1000,0,1000,0,1.0,1.0,1.0,1.0,1.0,1.0,1.0,1.0,1.0,1.0,1.0,1.0,0.0,0.0,0.0,0.0
periodic_deadband,output_deadband,b8_n2_distinct,8,2,distinct,0.2,bitonic,1000,1000,0,1000,1000,1.0,1.0,1000,0,1000,0,1.0,1.0,1.0,1.0,1.0,1.0,1.0,1.0,1.0,1.0,1.0,1.0,0.0,0.0,0.0,0.0
periodic_deadband,output_deadband,b8_n2_distinct,8,2,distinct,0.2,rank,1000,1000,0,1000,1000,1.0,1.0,1000,0,1000,0,1.0,1.0,1.0,1.0,1.0,1.0,1.0,1.0,1.0,1.0,1.0,1.0,0.0,0.0,0.0,0.0
periodic_deadband,output_deadband,b8_n2_distinct,8,2,distinct,0.25,bitonic,1000,1000,0,1000,1000,1.0,1.0,1000,0,1000,0,1.0,1.0,1.0,1.0,1.0,1.0,1.0,1.0,1.0,1.0,1.0,1.0,0.0,0.0,0.0,0.0
periodic_deadband,output_deadband,b8_n2_distinct,8,2,distinct,0.25,rank,1000,1000,0,1000,1000,1.0,1.0,1000,0,1000,0,1.0,1.0,1.0,1.0,1.0,1.0,1.0,1.0,1.0,1.0,1.0,1.0,0.0,0.0,0.0,0.0
periodic_deadband,output_deadband,b8_n2_duplicates_allowed,8,2,duplicates_allowed,0.0,bitonic,1000,1000,0,1000,1000,1.0,1.0,994,6,994,0,1.0,1.0,1.0,1.0,1.0,1.0,1.0,1.0,1.0,1.0,1.0,1.0,0.0,0.0,0.0,0.0
periodic_deadband,output_deadband,b8_n2_duplicates_allowed,8,2,duplicates_allowed,0.0,rank,1000,1000,0,1000,1000,1.0,1.0,994,6,994,0,1.0,1.0,1.0,1.0,1.0,1.0,1.0,1.0,1.0,1.0,1.0,1.0,0.0,0.0,0.0,0.0
periodic_deadband,output_deadband,b8_n2_duplicates_allowed,8,2,duplicates_allowed,0.05,bitonic,1000,1000,0,1000,1000,1.0,1.0,994,6,994,0,1.0,1.0,1.0,1.0,1.0,1.0,1.0,1.0,1.0,1.0,1.0,1.0,0.0,0.0,0.0,0.0
periodic_deadband,output_deadband,b8_n2_duplicates_allowed,8,2,duplicates_allowed,0.05,rank,1000,1000,0,1000,1000,1.0,1.0,994,6,994,0,1.0,1.0,1.0,1.0,1.0,1.0,1.0,1.0,1.0,1.0,1.0,1.0,0.0,0.0,0.0,0.0
periodic_deadband,output_deadband,b8_n2_duplicates_allowed,8,2,duplicates_allowed,0.1,bitonic,1000,1000,0,1000,1000,1.0,1.0,994,6,994,0,1.0,1.0,1.0,1.0,1.0,1.0,1.0,1.0,1.0,1.0,1.0,1.0,0.0,0.0,0.0,0.0
periodic_deadband,output_deadband,b8_n2_duplicates_allowed,8,2,duplicates_allowed,0.1,rank,1000,1000,0,1000,1000,1.0,1.0,994,6,994,0,1.0,1.0,1.0,1.0,1.0,1.0,1.0,1.0,1.0,1.0,1.0,1.0,0.0,0.0,0.0,0.0
periodic_deadband,output_deadband,b8_n2_duplicates_allowed,8,2,duplicates_allowed,0.15,bitonic,1000,1000,0,1000,1000,1.0,1.0,994,6,994,0,1.0,1.0,1.0,1.0,1.0,1.0,1.0,1.0,1.0,1.0,1.0,1.0,0.0,0.0,0.0,0.0
periodic_deadband,output_deadband,b8_n2_duplicates_allowed,8,2,duplicates_allowed,0.15,rank,1000,1000,0,1000,1000,1.0,1.0,994,6,994,0,1.0,1.0,1.0,1.0,1.0,1.0,1.0,1.0,1.0,1.0,1.0,1.0,0.0,0.0,0.0,0.0
periodic_deadband,output_deadband,b8_n2_duplicates_allowed,8,2,duplicates_allowed,0.2,bitonic,1000,1000,0,1000,1000,1.0,1.0,994,6,994,0,1.0,1.0,1.0,1.0,1.0,1.0,1.0,1.0,1.0,1.0,1.0,1.0,0.0,0.0,0.0,0.0
periodic_deadband,output_deadband,b8_n2_duplicates_allowed,8,2,duplicates_allowed,0.2,rank,1000,1000,0,1000,1000,1.0,1.0,994,6,994,0,1.0,1.0,1.0,1.0,1.0,1.0,1.0,1.0,1.0,1.0,1.0,1.0,0.0,0.0,0.0,0.0
periodic_deadband,output_deadband,b8_n2_duplicates_allowed,8,2,duplicates_allowed,0.25,bitonic,1000,1000,0,1000,1000,1.0,1.0,994,6,994,0,1.0,1.0,1.0,1.0,1.0,1.0,1.0,1.0,1.0,1.0,1.0,1.0,0.0,0.0,0.0,0.0
periodic_deadband,output_deadband,b8_n2_duplicates_allowed,8,2,duplicates_allowed,0.25,rank,1000,1000,0,1000,1000,1.0,1.0,994,6,994,0,1.0,1.0,1.0,1.0,1.0,1.0,1.0,1.0,1.0,1.0,1.0,1.0,0.0,0.0,0.0,0.0
periodic_deadband,output_deadband,b8_n4_distinct,8,4,distinct,0.0,bitonic,1000,1000,0,1000,1000,1.0,1.0,1000,0,6000,0,1.0,1.0,1.0,1.0,1.0,1.0,1.0,1.0,1.0,1.0,1.0,1.0,0.0,0.0,0.0,0.0
periodic_deadband,output_deadband,b8_n4_distinct,8,4,distinct,0.0,rank,1000,1000,0,1000,1000,1.0,1.0,1000,0,6000,0,1.0,1.0,1.0,1.0,1.0,1.0,1.0,1.0,1.0,1.0,1.0,1.0,0.0,0.0,0.0,0.0
periodic_deadband,output_deadband,b8_n4_distinct,8,4,distinct,0.05,bitonic,1000,1000,0,1000,1000,1.0,1.0,1000,0,6000,0,1.0,1.0,1.0,1.0,1.0,1.0,1.0,1.0,1.0,1.0,1.0,1.0,0.0,0.0,0.0,0.0
periodic_deadband,output_deadband,b8_n4_distinct,8,4,distinct,0.05,rank,1000,1000,0,1000,1000,1.0,1.0,1000,0,6000,0,1.0,1.0,1.0,1.0,1.0,1.0,1.0,1.0,1.0,1.0,1.0,1.0,0.0,0.0,0.0,0.0
periodic_deadband,output_deadband,b8_n4_distinct,8,4,distinct,0.1,bitonic,1000,1000,0,1000,1000,1.0,1.0,1000,0,6000,0,1.0,1.0,1.0,1.0,1.0,1.0,1.0,1.0,1.0,1.0,1.0,1.0,0.0,0.0,0.0,0.0
periodic_deadband,output_deadband,b8_n4_distinct,8,4,distinct,0.1,rank,1000,1000,0,1000,1000,1.0,1.0,1000,0,6000,0,1.0,1.0,1.0,1.0,1.0,1.0,1.0,1.0,1.0,1.0,1.0,1.0,0.0,0.0,0.0,0.0
periodic_deadband,output_deadband,b8_n4_distinct,8,4,distinct,0.15,bitonic,1000,1000,0,1000,1000,1.0,1.0,1000,0,6000,0,1.0,1.0,1.0,1.0,1.0,1.0,1.0,1.0,1.0,1.0,1.0,1.0,0.0,0.0,0.0,0.0
periodic_deadband,output_deadband,b8_n4_distinct,8,4,distinct,0.15,rank,1000,1000,0,1000,1000,1.0,1.0,1000,0,6000,0,1.0,1.0,1.0,1.0,1.0,1.0,1.0,1.0,1.0,1.0,1.0,1.0,0.0,0.0,0.0,0.0
periodic_deadband,output_deadband,b8_n4_distinct,8,4,distinct,0.2,bitonic,1000,1000,0,1000,1000,1.0,1.0,1000,0,6000,0,1.0,1.0,1.0,1.0,1.0,1.0,1.0,1.0,1.0,1.0,1.0,1.0,0.0,0.0,0.0,0.0
periodic_deadband,output_deadband,b8_n4_distinct,8,4,distinct,0.2,rank,1000,1000,0,1000,1000,1.0,1.0,1000,0,6000,0,1.0,1.0,1.0,1.0,1.0,1.0,1.0,1.0,1.0,1.0,1.0,1.0,0.0,0.0,0.0,0.0
periodic_deadband,output_deadband,b8_n4_distinct,8,4,distinct,0.25,bitonic,1000,1000,0,1000,1000,1.0,1.0,1000,0,6000,0,1.0,1.0,1.0,1.0,1.0,1.0,1.0,1.0,1.0,1.0,1.0,1.0,0.0,0.0,0.0,0.0
periodic_deadband,output_deadband,b8_n4_distinct,8,4,distinct,0.25,rank,1000,1000,0,1000,1000,1.0,1.0,1000,0,6000,0,1.0,1.0,1.0,1.0,1.0,1.0,1.0,1.0,1.0,1.0,1.0,1.0,0.0,0.0,0.0,0.0
periodic_deadband,output_deadband,b8_n4_duplicates_allowed,8,4,duplicates_allowed,0.0,bitonic,1000,1000,0,1000,1000,1.0,1.0,1000,0,5976,0,0.9979089023002066,1.0,0.9128709291752769,1.0,0.9979089023002066,1.0,0.9128709291752769,1.0,1.0,1.0,1.0,1.0,0.0,0.0,0.0,0.0
periodic_deadband,output_deadband,b8_n4_duplicates_allowed,8,4,duplicates_allowed,0.0,rank,1000,1000,0,1000,1000,1.0,1.0,1000,0,5976,0,0.9979089023002066,1.0,0.9128709291752769,1.0,0.9979089023002066,1.0,0.9128709291752769,1.0,1.0,1.0,1.0,1.0,0.0,0.0,0.0,0.0
periodic_deadband,output_deadband,b8_n4_duplicates_allowed,8,4,duplicates_allowed,0.05,bitonic,1000,1000,0,1000,1000,1.0,1.0,1000,0,5976,0,0.9979089023002066,1.0,0.9128709291752769,1.0,0.9979089023002066,1.0,0.9128709291752769,1.0,1.0,1.0,1.0,1.0,0.0,0.0,0.0,0.0
periodic_deadband,output_deadband,b8_n4_duplicates_allowed,8,4,duplicates_allowed,0.05,rank,1000,1000,0,1000,1000,1.0,1.0,1000,0,5976,0,0.9979089023002066,1.0,0.9128709291752769,1.0,0.9979089023002066,1.0,0.9128709291752769,1.0,1.0,1.0,1.0,1.0,0.0,0.0,0.0,0.0
periodic_deadband,output_deadband,b8_n4_duplicates_allowed,8,4,duplicates_allowed,0.1,bitonic,1000,1000,0,1000,1000,1.0,1.0,1000,0,5976,0,0.9979089023002066,1.0,0.9128709291752769,1.0,0.9979089023002066,1.0,0.9128709291752769,1.0,1.0,1.0,1.0,1.0,0.0,0.0,0.0,0.0
periodic_deadband,output_deadband,b8_n4_duplicates_allowed,8,4,duplicates_allowed,0.1,rank,1000,1000,0,1000,1000,1.0,1.0,1000,0,5976,0,0.9979089023002066,1.0,0.9128709291752769,1.0,0.9979089023002066,1.0,0.9128709291752769,1.0,1.0,1.0,1.0,1.0,0.0,0.0,0.0,0.0
periodic_deadband,output_deadband,b8_n4_duplicates_allowed,8,4,duplicates_allowed,0.15,bitonic,1000,1000,0,1000,1000,1.0,1.0,1000,0,5976,0,0.9979089023002066,1.0,0.9128709291752769,1.0,0.9979089023002066,1.0,0.9128709291752769,1.0,1.0,1.0,1.0,1.0,0.0,0.0,0.0,0.0
periodic_deadband,output_deadband,b8_n4_duplicates_allowed,8,4,duplicates_allowed,0.15,rank,1000,1000,0,1000,1000,1.0,1.0,1000,0,5976,0,0.9979089023002066,1.0,0.9128709291752769,1.0,0.9979089023002066,1.0,0.9128709291752769,1.0,1.0,1.0,1.0,1.0,0.0,0.0,0.0,0.0
periodic_deadband,output_deadband,b8_n4_duplicates_allowed,8,4,duplicates_allowed,0.2,bitonic,1000,1000,0,1000,1000,1.0,1.0,1000,0,5976,0,0.9979089023002066,1.0,0.9128709291752769,1.0,0.9979089023002066,1.0,0.9128709291752769,1.0,1.0,1.0,1.0,1.0,0.0,0.0,0.0,0.0
periodic_deadband,output_deadband,b8_n4_duplicates_allowed,8,4,duplicates_allowed,0.2,rank,1000,1000,0,1000,1000,1.0,1.0,1000,0,5976,0,0.9979089023002066,1.0,0.9128709291752769,1.0,0.9979089023002066,1.0,0.9128709291752769,1.0,1.0,1.0,1.0,1.0,0.0,0.0,0.0,0.0
periodic_deadband,output_deadband,b8_n4_duplicates_allowed,8,4,duplicates_allowed,0.25,bitonic,1000,1000,0,1000,1000,1.0,1.0,1000,0,5976,0,0.9979089023002066,1.0,0.9128709291752769,1.0,0.9979089023002066,1.0,0.9128709291752769,1.0,1.0,1.0,1.0,1.0,0.0,0.0,0.0,0.0
periodic_deadband,output_deadband,b8_n4_duplicates_allowed,8,4,duplicates_allowed,0.25,rank,1000,1000,0,1000,1000,1.0,1.0,1000,0,5976,0,0.9979089023002066,1.0,0.9128709291752769,1.0,0.9979089023002066,1.0,0.9128709291752769,1.0,1.0,1.0,1.0,1.0,0.0,0.0,0.0,0.0
periodic_deadband,output_deadband,b8_n8_distinct,8,8,distinct,0.0,bitonic,1000,1000,0,1000,1000,1.0,1.0,1000,0,28000,0,1.0,1.0,1.0,1.0,1.0,1.0,1.0,1.0,1.0,1.0,1.0,1.0,0.0,0.0,0.0,0.0
periodic_deadband,output_deadband,b8_n8_distinct,8,8,distinct,0.0,rank,1000,1000,0,1000,1000,1.0,1.0,1000,0,28000,0,1.0,1.0,1.0,1.0,1.0,1.0,1.0,1.0,1.0,1.0,1.0,1.0,0.0,0.0,0.0,0.0
periodic_deadband,output_deadband,b8_n8_distinct,8,8,distinct,0.05,bitonic,1000,1000,0,1000,1000,1.0,1.0,1000,0,28000,0,1.0,1.0,1.0,1.0,1.0,1.0,1.0,1.0,1.0,1.0,1.0,1.0,0.0,0.0,0.0,0.0
periodic_deadband,output_deadband,b8_n8_distinct,8,8,distinct,0.05,rank,1000,1000,0,1000,1000,1.0,1.0,1000,0,28000,0,1.0,1.0,1.0,1.0,1.0,1.0,1.0,1.0,1.0,1.0,1.0,1.0,0.0,0.0,0.0,0.0
periodic_deadband,output_deadband,b8_n8_distinct,8,8,distinct,0.1,bitonic,1000,1000,0,1000,1000,1.0,1.0,1000,0,28000,0,1.0,1.0,1.0,1.0,1.0,1.0,1.0,1.0,1.0,1.0,1.0,1.0,0.0,0.0,0.0,0.0
periodic_deadband,output_deadband,b8_n8_distinct,8,8,distinct,0.1,rank,1000,1000,0,1000,1000,1.0,1.0,1000,0,28000,0,1.0,1.0,1.0,1.0,1.0,1.0,1.0,1.0,1.0,1.0,1.0,1.0,0.0,0.0,0.0,0.0
periodic_deadband,output_deadband,b8_n8_distinct,8,8,distinct,0.15,bitonic,1000,1000,0,1000,1000,1.0,1.0,1000,0,28000,0,1.0,1.0,1.0,1.0,1.0,1.0,1.0,1.0,1.0,1.0,1.0,1.0,0.0,0.0,0.0,0.0
periodic_deadband,output_deadband,b8_n8_distinct,8,8,distinct,0.15,rank,1000,1000,0,1000,1000,1.0,1.0,1000,0,28000,0,1.0,1.0,1.0,1.0,1.0,1.0,1.0,1.0,1.0,1.0,1.0,1.0,0.0,0.0,0.0,0.0
periodic_deadband,output_deadband,b8_n8_distinct,8,8,distinct,0.2,bitonic,1000,1000,0,1000,1000,1.0,1.0,1000,0,28000,0,1.0,1.0,1.0,1.0,1.0,1.0,1.0,1.0,1.0,1.0,1.0,1.0,0.0,0.0,0.0,0.0
periodic_deadband,output_deadband,b8_n8_distinct,8,8,distinct,0.2,rank,1000,1000,0,1000,1000,1.0,1.0,1000,0,28000,0,1.0,1.0,1.0,1.0,1.0,1.0,1.0,1.0,1.0,1.0,1.0,1.0,0.0,0.0,0.0,0.0
periodic_deadband,output_deadband,b8_n8_distinct,8,8,distinct,0.25,bitonic,1000,1000,0,1000,1000,1.0,1.0,1000,0,28000,0,1.0,1.0,1.0,1.0,1.0,1.0,1.0,1.0,1.0,1.0,1.0,1.0,0.0,0.0,0.0,0.0
periodic_deadband,output_deadband,b8_n8_distinct,8,8,distinct,0.25,rank,1000,1000,0,1000,1000,1.0,1.0,1000,0,28000,0,1.0,1.0,1.0,1.0,1.0,1.0,1.0,1.0,1.0,1.0,1.0,1.0,0.0,0.0,0.0,0.0
periodic_deadband,output_deadband,b8_n8_duplicates_allowed,8,8,duplicates_allowed,0.0,bitonic,1000,1000,0,1000,1000,1.0,1.0,1000,0,27873,0,0.9977070444078736,1.0,0.9258200997725514,0.9819805060619657,0.9977070444078736,1.0,0.9258200997725514,0.9819805060619657,1.0,1.0,1.0,1.0,0.0,0.0,0.0,0.0
periodic_deadband,output_deadband,b8_n8_duplicates_allowed,8,8,duplicates_allowed,0.0,rank,1000,1000,0,1000,1000,1.0,1.0,1000,0,27873,0,0.9977070444078736,1.0,0.9258200997725514,0.9819805060619657,0.9977070444078736,1.0,0.9258200997725514,0.9819805060619657,1.0,1.0,1.0,1.0,0.0,0.0,0.0,0.0
periodic_deadband,output_deadband,b8_n8_duplicates_allowed,8,8,duplicates_allowed,0.05,bitonic,1000,1000,0,1000,1000,1.0,1.0,1000,0,27873,0,0.9977070444078736,1.0,0.9258200997725514,0.9819805060619657,0.9977070444078736,1.0,0.9258200997725514,0.9819805060619657,1.0,1.0,1.0,1.0,0.0,0.0,0.0,0.0
periodic_deadband,output_deadband,b8_n8_duplicates_allowed,8,8,duplicates_allowed,0.05,rank,1000,1000,0,1000,1000,1.0,1.0,1000,0,27873,0,0.9977070444078736,1.0,0.9258200997725514,0.9819805060619657,0.9977070444078736,1.0,0.9258200997725514,0.9819805060619657,1.0,1.0,1.0,1.0,0.0,0.0,0.0,0.0
periodic_deadband,output_deadband,b8_n8_duplicates_allowed,8,8,duplicates_allowed,0.1,bitonic,1000,1000,0,1000,1000,1.0,1.0,1000,0,27873,0,0.9977070444078736,1.0,0.9258200997725514,0.9819805060619657,0.9977070444078736,1.0,0.9258200997725514,0.9819805060619657,1.0,1.0,1.0,1.0,0.0,0.0,0.0,0.0
periodic_deadband,output_deadband,b8_n8_duplicates_allowed,8,8,duplicates_allowed,0.1,rank,1000,1000,0,1000,1000,1.0,1.0,1000,0,27873,0,0.9977070444078736,1.0,0.9258200997725514,0.9819805060619657,0.9977070444078736,1.0,0.9258200997725514,0.9819805060619657,1.0,1.0,1.0,1.0,0.0,0.0,0.0,0.0
periodic_deadband,output_deadband,b8_n8_duplicates_allowed,8,8,duplicates_allowed,0.15,bitonic,1000,1000,0,1000,1000,1.0,1.0,1000,0,27873,0,0.9977070444078736,1.0,0.9258200997725514,0.9819805060619657,0.9977070444078736,1.0,0.9258200997725514,0.9819805060619657,1.0,1.0,1.0,1.0,0.0,0.0,0.0,0.0
periodic_deadband,output_deadband,b8_n8_duplicates_allowed,8,8,duplicates_allowed,0.15,rank,1000,1000,0,1000,1000,1.0,1.0,1000,0,27873,0,0.9977070444078736,1.0,0.9258200997725514,0.9819805060619657,0.9977070444078736,1.0,0.9258200997725514,0.9819805060619657,1.0,1.0,1.0,1.0,0.0,0.0,0.0,0.0
periodic_deadband,output_deadband,b8_n8_duplicates_allowed,8,8,duplicates_allowed,0.2,bitonic,1000,1000,0,1000,1000,1.0,1.0,1000,0,27873,0,0.9977070444078736,1.0,0.9258200997725514,0.9819805060619657,0.9977070444078736,1.0,0.9258200997725514,0.9819805060619657,1.0,1.0,1.0,1.0,0.0,0.0,0.0,0.0
periodic_deadband,output_deadband,b8_n8_duplicates_allowed,8,8,duplicates_allowed,0.2,rank,1000,1000,0,1000,1000,1.0,1.0,1000,0,27873,0,0.9977070444078736,1.0,0.9258200997725514,0.9819805060619657,0.9977070444078736,1.0,0.9258200997725514,0.9819805060619657,1.0,1.0,1.0,1.0,0.0,0.0,0.0,0.0
periodic_deadband,output_deadband,b8_n8_duplicates_allowed,8,8,duplicates_allowed,0.25,bitonic,1000,1000,0,1000,1000,1.0,1.0,1000,0,27873,0,0.9977070444078736,1.0,0.9258200997725514,0.9819805060619657,0.9977070444078736,1.0,0.9258200997725514,0.9819805060619657,1.0,1.0,1.0,1.0,0.0,0.0,0.0,0.0
periodic_deadband,output_deadband,b8_n8_duplicates_allowed,8,8,duplicates_allowed,0.25,rank,1000,1000,0,1000,1000,1.0,1.0,1000,0,27873,0,0.9977070444078736,1.0,0.9258200997725514,0.9819805060619657,0.9977070444078736,1.0,0.9258200997725514,0.9819805060619657,1.0,1.0,1.0,1.0,0.0,0.0,0.0,0.0
periodic_deadband,output_deadband,b8_n16_distinct,8,16,distinct,0.0,bitonic,1000,1000,0,1000,1000,1.0,1.0,1000,0,120000,0,1.0,1.0,1.0,1.0,1.0,1.0,1.0,1.0,1.0,1.0,1.0,1.0,0.0,0.0,0.0,0.0
periodic_deadband,output_deadband,b8_n16_distinct,8,16,distinct,0.0,rank,1000,1000,0,1000,1000,1.0,1.0,1000,0,120000,0,1.0,1.0,1.0,1.0,1.0,1.0,1.0,1.0,1.0,1.0,1.0,1.0,0.0,0.0,0.0,0.0
periodic_deadband,output_deadband,b8_n16_distinct,8,16,distinct,0.05,bitonic,1000,1000,0,1000,1000,1.0,1.0,1000,0,120000,0,1.0,1.0,1.0,1.0,1.0,1.0,1.0,1.0,1.0,1.0,1.0,1.0,0.0,0.0,0.0,0.0
periodic_deadband,output_deadband,b8_n16_distinct,8,16,distinct,0.05,rank,1000,1000,0,1000,1000,1.0,1.0,1000,0,120000,0,1.0,1.0,1.0,1.0,1.0,1.0,1.0,1.0,1.0,1.0,1.0,1.0,0.0,0.0,0.0,0.0
periodic_deadband,output_deadband,b8_n16_distinct,8,16,distinct,0.1,bitonic,1000,1000,0,1000,1000,1.0,1.0,1000,0,120000,0,1.0,1.0,1.0,1.0,1.0,1.0,1.0,1.0,1.0,1.0,1.0,1.0,0.0,0.0,0.0,0.0
periodic_deadband,output_deadband,b8_n16_distinct,8,16,distinct,0.1,rank,1000,1000,0,1000,1000,1.0,1.0,1000,0,120000,0,1.0,1.0,1.0,1.0,1.0,1.0,1.0,1.0,1.0,1.0,1.0,1.0,0.0,0.0,0.0,0.0
periodic_deadband,output_deadband,b8_n16_distinct,8,16,distinct,0.15,bitonic,1000,1000,0,1000,1000,1.0,1.0,1000,0,120000,0,1.0,1.0,1.0,1.0,1.0,1.0,1.0,1.0,1.0,1.0,1.0,1.0,0.0,0.0,0.0,0.0
periodic_deadband,output_deadband,b8_n16_distinct,8,16,distinct,0.15,rank,1000,1000,0,1000,1000,1.0,1.0,1000,0,120000,0,1.0,1.0,1.0,1.0,1.0,1.0,1.0,1.0,1.0,1.0,1.0,1.0,0.0,0.0,0.0,0.0
periodic_deadband,output_deadband,b8_n16_distinct,8,16,distinct,0.2,bitonic,1000,1000,0,1000,1000,1.0,1.0,1000,0,120000,0,1.0,1.0,1.0,1.0,1.0,1.0,1.0,1.0,1.0,1.0,1.0,1.0,0.0,0.0,0.0,0.0
periodic_deadband,output_deadband,b8_n16_distinct,8,16,distinct,0.2,rank,1000,1000,0,1000,1000,1.0,1.0,1000,0,120000,0,1.0,1.0,1.0,1.0,1.0,1.0,1.0,1.0,1.0,1.0,1.0,1.0,0.0,0.0,0.0,0.0
periodic_deadband,output_deadband,b8_n16_distinct,8,16,distinct,0.25,bitonic,1000,1000,0,1000,1000,1.0,1.0,1000,0,120000,0,1.0,1.0,1.0,1.0,1.0,1.0,1.0,1.0,1.0,1.0,1.0,1.0,0.0,0.0,0.0,0.0
periodic_deadband,output_deadband,b8_n16_distinct,8,16,distinct,0.25,rank,1000,1000,0,1000,1000,1.0,1.0,1000,0,120000,0,1.0,1.0,1.0,1.0,1.0,1.0,1.0,1.0,1.0,1.0,1.0,1.0,0.0,0.0,0.0,0.0
periodic_deadband,output_deadband,b8_n16_duplicates_allowed,8,16,duplicates_allowed,0.0,bitonic,1000,1000,0,1000,1000,1.0,1.0,1000,0,119550,0,0.9981197027175688,1.0,0.9831920802501751,0.9916316520429012,0.9981197027175688,1.0,0.983192080250175,0.991631652042901,1.0,1.0,1.0,1.0,0.0,0.0,0.0,0.0
periodic_deadband,output_deadband,b8_n16_duplicates_allowed,8,16,duplicates_allowed,0.0,rank,1000,1000,0,1000,1000,1.0,1.0,1000,0,119550,0,0.9981197027175688,1.0,0.9831920802501751,0.9916316520429012,0.9981197027175688,1.0,0.983192080250175,0.991631652042901,1.0,1.0,1.0,1.0,0.0,0.0,0.0,0.0
periodic_deadband,output_deadband,b8_n16_duplicates_allowed,8,16,duplicates_allowed,0.05,bitonic,1000,1000,0,1000,1000,1.0,1.0,1000,0,119550,0,0.9981197027175688,1.0,0.9831920802501751,0.9916316520429012,0.9981197027175688,1.0,0.983192080250175,0.991631652042901,1.0,1.0,1.0,1.0,0.0,0.0,0.0,0.0
periodic_deadband,output_deadband,b8_n16_duplicates_allowed,8,16,duplicates_allowed,0.05,rank,1000,1000,0,1000,1000,1.0,1.0,1000,0,119550,0,0.9981197027175688,1.0,0.9831920802501751,0.9916316520429012,0.9981197027175688,1.0,0.983192080250175,0.991631652042901,1.0,1.0,1.0,1.0,0.0,0.0,0.0,0.0
periodic_deadband,output_deadband,b8_n16_duplicates_allowed,8,16,duplicates_allowed,0.1,bitonic,1000,1000,0,1000,1000,1.0,1.0,1000,0,119550,0,0.9981197027175688,1.0,0.9831920802501751,0.9916316520429012,0.9981197027175688,1.0,0.983192080250175,0.991631652042901,1.0,1.0,1.0,1.0,0.0,0.0,0.0,0.0
periodic_deadband,output_deadband,b8_n16_duplicates_allowed,8,16,duplicates_allowed,0.1,rank,1000,1000,0,1000,1000,1.0,1.0,1000,0,119550,0,0.9981197027175688,1.0,0.9831920802501751,0.9916316520429012,0.9981197027175688,1.0,0.983192080250175,0.991631652042901,1.0,1.0,1.0,1.0,0.0,0.0,0.0,0.0
periodic_deadband,output_deadband,b8_n16_duplicates_allowed,8,16,duplicates_allowed,0.15,bitonic,1000,1000,0,1000,1000,1.0,1.0,1000,0,119550,0,0.9981197027175688,1.0,0.9831920802501751,0.9916316520429012,0.9981197027175688,1.0,0.983192080250175,0.991631652042901,1.0,1.0,1.0,1.0,0.0,0.0,0.0,0.0
periodic_deadband,output_deadband,b8_n16_duplicates_allowed,8,16,duplicates_allowed,0.15,rank,1000,1000,0,1000,1000,1.0,1.0,1000,0,119550,0,0.9981197027175688,1.0,0.9831920802501751,0.9916316520429012,0.9981197027175688,1.0,0.983192080250175,0.991631652042901,1.0,1.0,1.0,1.0,0.0,0.0,0.0,0.0
periodic_deadband,output_deadband,b8_n16_duplicates_allowed,8,16,duplicates_allowed,0.2,bitonic,1000,1000,0,1000,1000,1.0,1.0,1000,0,119550,0,0.9981197027175688,1.0,0.9831920802501751,0.9916316520429012,0.9981197027175688,1.0,0.983192080250175,0.991631652042901,1.0,1.0,1.0,1.0,0.0,0.0,0.0,0.0
periodic_deadband,output_deadband,b8_n16_duplicates_allowed,8,16,duplicates_allowed,0.2,rank,1000,1000,0,1000,1000,1.0,1.0,1000,0,119550,0,0.9981197027175688,1.0,0.9831920802501751,0.9916316520429012,0.9981197027175688,1.0,0.983192080250175,0.991631652042901,1.0,1.0,1.0,1.0,0.0,0.0,0.0,0.0
periodic_deadband,output_deadband,b8_n16_duplicates_allowed,8,16,duplicates_allowed,0.25,bitonic,1000,1000,0,1000,1000,1.0,1.0,1000,0,119550,0,0.9981197027175688,1.0,0.9831920802501751,0.9916316520429012,0.9981197027175688,1.0,0.983192080250175,0.991631652042901,1.0,1.0,1.0,1.0,0.0,0.0,0.0,0.0
periodic_deadband,output_deadband,b8_n16_duplicates_allowed,8,16,duplicates_allowed,0.25,rank,1000,1000,0,1000,1000,1.0,1.0,1000,0,119550,0,0.9981197027175688,1.0,0.9831920802501751,0.9916316520429012,0.9981197027175688,1.0,0.983192080250175,0.991631652042901,1.0,1.0,1.0,1.0,0.0,0.0,0.0,0.0
periodic_deadband,output_deadband,b8_n32_distinct,8,32,distinct,0.0,bitonic,1000,1000,0,1000,1000,1.0,1.0,1000,0,496000,0,1.0,1.0,1.0,1.0,1.0,1.0,1.0,1.0,1.0,1.0,1.0,1.0,0.0,0.0,0.0,0.0
periodic_deadband,output_deadband,b8_n32_distinct,8,32,distinct,0.0,rank,1000,1000,0,1000,1000,1.0,1.0,1000,0,496000,0,1.0,1.0,1.0,1.0,1.0,1.0,1.0,1.0,1.0,1.0,1.0,1.0,0.0,0.0,0.0,0.0
periodic_deadband,output_deadband,b8_n32_distinct,8,32,distinct,0.05,bitonic,1000,1000,0,1000,1000,1.0,1.0,1000,0,496000,0,1.0,1.0,1.0,1.0,1.0,1.0,1.0,1.0,1.0,1.0,1.0,1.0,0.0,0.0,0.0,0.0
periodic_deadband,output_deadband,b8_n32_distinct,8,32,distinct,0.05,rank,1000,1000,0,1000,1000,1.0,1.0,1000,0,496000,0,1.0,1.0,1.0,1.0,1.0,1.0,1.0,1.0,1.0,1.0,1.0,1.0,0.0,0.0,0.0,0.0
periodic_deadband,output_deadband,b8_n32_distinct,8,32,distinct,0.1,bitonic,1000,1000,0,1000,1000,1.0,1.0,1000,0,496000,0,1.0,1.0,1.0,1.0,1.0,1.0,1.0,1.0,1.0,1.0,1.0,1.0,0.0,0.0,0.0,0.0
periodic_deadband,output_deadband,b8_n32_distinct,8,32,distinct,0.1,rank,1000,1000,0,1000,1000,1.0,1.0,1000,0,496000,0,1.0,1.0,1.0,1.0,1.0,1.0,1.0,1.0,1.0,1.0,1.0,1.0,0.0,0.0,0.0,0.0
periodic_deadband,output_deadband,b8_n32_distinct,8,32,distinct,0.15,bitonic,1000,1000,0,1000,1000,1.0,1.0,1000,0,496000,0,1.0,1.0,1.0,1.0,1.0,1.0,1.0,1.0,1.0,1.0,1.0,1.0,0.0,0.0,0.0,0.0
periodic_deadband,output_deadband,b8_n32_distinct,8,32,distinct,0.15,rank,1000,1000,0,1000,1000,1.0,1.0,1000,0,496000,0,1.0,1.0,1.0,1.0,1.0,1.0,1.0,1.0,1.0,1.0,1.0,1.0,0.0,0.0,0.0,0.0
periodic_deadband,output_deadband,b8_n32_distinct,8,32,distinct,0.2,bitonic,1000,1000,0,1000,1000,1.0,1.0,1000,0,496000,0,1.0,1.0,1.0,1.0,1.0,1.0,1.0,1.0,1.0,1.0,1.0,1.0,0.0,0.0,0.0,0.0
periodic_deadband,output_deadband,b8_n32_distinct,8,32,distinct,0.2,rank,1000,1000,0,1000,1000,1.0,1.0,1000,0,496000,0,1.0,1.0,1.0,1.0,1.0,1.0,1.0,1.0,1.0,1.0,1.0,1.0,0.0,0.0,0.0,0.0
periodic_deadband,output_deadband,b8_n32_distinct,8,32,distinct,0.25,bitonic,1000,1000,0,1000,1000,1.0,1.0,1000,0,496000,0,1.0,1.0,1.0,1.0,1.0,1.0,1.0,1.0,1.0,1.0,1.0,1.0,0.0,0.0,0.0,0.0
periodic_deadband,output_deadband,b8_n32_distinct,8,32,distinct,0.25,rank,1000,1000,0,1000,1000,1.0,1.0,1000,0,496000,0,1.0,1.0,1.0,1.0,1.0,1.0,1.0,1.0,1.0,1.0,1.0,1.0,0.0,0.0,0.0,0.0
periodic_deadband,output_deadband,b8_n32_duplicates_allowed,8,32,duplicates_allowed,0.0,bitonic,1000,1000,0,1000,1000,1.0,1.0,1000,0,493996,0,0.9979768032846634,0.9979818344716921,0.9919027007433417,0.9949469105629253,0.9979768032846634,0.9979818344716921,0.9919027007433419,0.9949469105629253,1.0,1.0,1.0,1.0,0.0,0.0,0.0,0.0
periodic_deadband,output_deadband,b8_n32_duplicates_allowed,8,32,duplicates_allowed,0.0,rank,1000,1000,0,1000,1000,1.0,1.0,1000,0,493996,0,0.9979768032846634,0.9979818344716921,0.9919027007433417,0.9949469105629253,0.9979768032846634,0.9979818344716921,0.9919027007433419,0.9949469105629253,1.0,1.0,1.0,1.0,0.0,0.0,0.0,0.0
periodic_deadband,output_deadband,b8_n32_duplicates_allowed,8,32,duplicates_allowed,0.05,bitonic,1000,1000,0,1000,1000,1.0,1.0,1000,0,493996,0,0.9979768032846634,0.9979818344716921,0.9919027007433417,0.9949469105629253,0.9979768032846634,0.9979818344716921,0.9919027007433419,0.9949469105629253,1.0,1.0,1.0,1.0,0.0,0.0,0.0,0.0
periodic_deadband,output_deadband,b8_n32_duplicates_allowed,8,32,duplicates_allowed,0.05,rank,1000,1000,0,1000,1000,1.0,1.0,1000,0,493996,0,0.9979768032846634,0.9979818344716921,0.9919027007433417,0.9949469105629253,0.9979768032846634,0.9979818344716921,0.9919027007433419,0.9949469105629253,1.0,1.0,1.0,1.0,0.0,0.0,0.0,0.0
periodic_deadband,output_deadband,b8_n32_duplicates_allowed,8,32,duplicates_allowed,0.1,bitonic,1000,1000,0,1000,1000,1.0,1.0,1000,0,493996,0,0.9979768032846634,0.9979818344716921,0.9919027007433417,0.9949469105629253,0.9979768032846634,0.9979818344716921,0.9919027007433419,0.9949469105629253,1.0,1.0,1.0,1.0,0.0,0.0,0.0,0.0
periodic_deadband,output_deadband,b8_n32_duplicates_allowed,8,32,duplicates_allowed,0.1,rank,1000,1000,0,1000,1000,1.0,1.0,1000,0,493996,0,0.9979768032846634,0.9979818344716921,0.9919027007433417,0.9949469105629253,0.9979768032846634,0.9979818344716921,0.9919027007433419,0.9949469105629253,1.0,1.0,1.0,1.0,0.0,0.0,0.0,0.0
periodic_deadband,output_deadband,b8_n32_duplicates_allowed,8,32,duplicates_allowed,0.15,bitonic,1000,1000,0,1000,1000,1.0,1.0,1000,0,493996,0,0.9979768032846634,0.9979818344716921,0.9919027007433417,0.9949469105629253,0.9979768032846634,0.9979818344716921,0.9919027007433419,0.9949469105629253,1.0,1.0,1.0,1.0,0.0,0.0,0.0,0.0
periodic_deadband,output_deadband,b8_n32_duplicates_allowed,8,32,duplicates_allowed,0.15,rank,1000,1000,0,1000,1000,1.0,1.0,1000,0,493996,0,0.9979768032846634,0.9979818344716921,0.9919027007433417,0.9949469105629253,0.9979768032846634,0.9979818344716921,0.9919027007433419,0.9949469105629253,1.0,1.0,1.0,1.0,0.0,0.0,0.0,0.0
periodic_deadband,output_deadband,b8_n32_duplicates_allowed,8,32,duplicates_allowed,0.2,bitonic,1000,1000,0,1000,1000,1.0,1.0,1000,0,493996,0,0.9979768032846634,0.9979818344716921,0.9919027007433417,0.9949469105629253,0.9979768032846634,0.9979818344716921,0.9919027007433419,0.9949469105629253,1.0,1.0,1.0,1.0,0.0,0.0,0.0,0.0
periodic_deadband,output_deadband,b8_n32_duplicates_allowed,8,32,duplicates_allowed,0.2,rank,1000,1000,0,1000,1000,1.0,1.0,1000,0,493996,0,0.9979768032846634,0.9979818344716921,0.9919027007433417,0.9949469105629253,0.9979768032846634,0.9979818344716921,0.9919027007433419,0.9949469105629253,1.0,1.0,1.0,1.0,0.0,0.0,0.0,0.0
periodic_deadband,output_deadband,b8_n32_duplicates_allowed,8,32,duplicates_allowed,0.25,bitonic,1000,1000,0,1000,1000,1.0,1.0,1000,0,493996,0,0.9979768032846634,0.9979818344716921,0.9919027007433417,0.9949469105629253,0.9979768032846634,0.9979818344716921,0.9919027007433419,0.9949469105629253,1.0,1.0,1.0,1.0,0.0,0.0,0.0,0.0
periodic_deadband,output_deadband,b8_n32_duplicates_allowed,8,32,duplicates_allowed,0.25,rank,1000,1000,0,1000,1000,1.0,1.0,1000,0,493996,0,0.9979768032846634,0.9979818344716921,0.9919027007433417,0.9949469105629253,0.9979768032846634,0.9979818344716921,0.9919027007433419,0.9949469105629253,1.0,1.0,1.0,1.0,0.0,0.0,0.0,0.0
periodic_deadband,output_deadband,b8_n64_distinct,8,64,distinct,0.0,bitonic,1000,1000,0,1000,1000,1.0,1.0,1000,0,2016000,0,1.0,1.0,1.0,1.0,1.0,1.0,1.0,1.0,1.0,1.0,1.0,1.0,0.0,0.0,0.0,0.0
periodic_deadband,output_deadband,b8_n64_distinct,8,64,distinct,0.0,rank,1000,1000,0,1000,1000,1.0,1.0,1000,0,2016000,0,1.0,1.0,1.0,1.0,1.0,1.0,1.0,1.0,1.0,1.0,1.0,1.0,0.0,0.0,0.0,0.0
periodic_deadband,output_deadband,b8_n64_distinct,8,64,distinct,0.05,bitonic,1000,1000,0,1000,1000,1.0,1.0,1000,0,2016000,0,1.0,1.0,1.0,1.0,1.0,1.0,1.0,1.0,1.0,1.0,1.0,1.0,0.0,0.0,0.0,0.0
periodic_deadband,output_deadband,b8_n64_distinct,8,64,distinct,0.05,rank,1000,1000,0,1000,1000,1.0,1.0,1000,0,2016000,0,1.0,1.0,1.0,1.0,1.0,1.0,1.0,1.0,1.0,1.0,1.0,1.0,0.0,0.0,0.0,0.0
periodic_deadband,output_deadband,b8_n64_distinct,8,64,distinct,0.1,bitonic,1000,1000,0,1000,1000,1.0,1.0,1000,0,2016000,0,1.0,1.0,1.0,1.0,1.0,1.0,1.0,1.0,1.0,1.0,1.0,1.0,0.0,0.0,0.0,0.0
periodic_deadband,output_deadband,b8_n64_distinct,8,64,distinct,0.1,rank,1000,1000,0,1000,1000,1.0,1.0,1000,0,2016000,0,1.0,1.0,1.0,1.0,1.0,1.0,1.0,1.0,1.0,1.0,1.0,1.0,0.0,0.0,0.0,0.0
periodic_deadband,output_deadband,b8_n64_distinct,8,64,distinct,0.15,bitonic,1000,1000,0,1000,1000,1.0,1.0,1000,0,2016000,0,1.0,1.0,1.0,1.0,1.0,1.0,1.0,1.0,1.0,1.0,1.0,1.0,0.0,0.0,0.0,0.0
periodic_deadband,output_deadband,b8_n64_distinct,8,64,distinct,0.15,rank,1000,1000,0,1000,1000,1.0,1.0,1000,0,2016000,0,1.0,1.0,1.0,1.0,1.0,1.0,1.0,1.0,1.0,1.0,1.0,1.0,0.0,0.0,0.0,0.0
periodic_deadband,output_deadband,b8_n64_distinct,8,64,distinct,0.2,bitonic,1000,1000,0,1000,1000,1.0,1.0,1000,0,2016000,0,1.0,1.0,1.0,1.0,1.0,1.0,1.0,1.0,1.0,1.0,1.0,1.0,0.0,0.0,0.0,0.0
periodic_deadband,output_deadband,b8_n64_distinct,8,64,distinct,0.2,rank,1000,1000,0,1000,1000,1.0,1.0,1000,0,2016000,0,1.0,1.0,1.0,1.0,1.0,1.0,1.0,1.0,1.0,1.0,1.0,1.0,0.0,0.0,0.0,0.0
periodic_deadband,output_deadband,b8_n64_distinct,8,64,distinct,0.25,bitonic,1000,1000,0,1000,1000,1.0,1.0,1000,0,2016000,0,1.0,1.0,1.0,1.0,1.0,1.0,1.0,1.0,1.0,1.0,1.0,1.0,0.0,0.0,0.0,0.0
periodic_deadband,output_deadband,b8_n64_distinct,8,64,distinct,0.25,rank,1000,1000,0,1000,1000,1.0,1.0,1000,0,2016000,0,1.0,1.0,1.0,1.0,1.0,1.0,1.0,1.0,1.0,1.0,1.0,1.0,0.0,0.0,0.0,0.0
periodic_deadband,output_deadband,b8_n64_duplicates_allowed,8,64,duplicates_allowed,0.0,bitonic,1000,1000,0,1000,1000,1.0,1.0,1000,0,2008102,0,0.9980390040549327,0.9980139007206994,0.9940297973880049,0.9967705790710254,0.9980390040549328,0.9980139007206994,0.9940297973880049,0.9967705790710254,1.0,1.0,1.0,1.0,0.0,0.0,0.0,0.0
periodic_deadband,output_deadband,b8_n64_duplicates_allowed,8,64,duplicates_allowed,0.0,rank,1000,1000,0,1000,1000,1.0,1.0,1000,0,2008102,0,0.9980390040549327,0.9980139007206994,0.9940297973880049,0.9967705790710254,0.9980390040549328,0.9980139007206994,0.9940297973880049,0.9967705790710254,1.0,1.0,1.0,1.0,0.0,0.0,0.0,0.0
periodic_deadband,output_deadband,b8_n64_duplicates_allowed,8,64,duplicates_allowed,0.05,bitonic,1000,1000,0,1000,1000,1.0,1.0,1000,0,2008102,0,0.9980390040549327,0.9980139007206994,0.9940297973880049,0.9967705790710254,0.9980390040549328,0.9980139007206994,0.9940297973880049,0.9967705790710254,1.0,1.0,1.0,1.0,0.0,0.0,0.0,0.0
periodic_deadband,output_deadband,b8_n64_duplicates_allowed,8,64,duplicates_allowed,0.05,rank,1000,1000,0,1000,1000,1.0,1.0,1000,0,2008102,0,0.9980390040549327,0.9980139007206994,0.9940297973880049,0.9967705790710254,0.9980390040549328,0.9980139007206994,0.9940297973880049,0.9967705790710254,1.0,1.0,1.0,1.0,0.0,0.0,0.0,0.0
periodic_deadband,output_deadband,b8_n64_duplicates_allowed,8,64,duplicates_allowed,0.1,bitonic,1000,1000,0,1000,1000,1.0,1.0,1000,0,2008102,0,0.9980390040549327,0.9980139007206994,0.9940297973880049,0.9967705790710254,0.9980390040549328,0.9980139007206994,0.9940297973880049,0.9967705790710254,1.0,1.0,1.0,1.0,0.0,0.0,0.0,0.0
periodic_deadband,output_deadband,b8_n64_duplicates_allowed,8,64,duplicates_allowed,0.1,rank,1000,1000,0,1000,1000,1.0,1.0,1000,0,2008102,0,0.9980390040549327,0.9980139007206994,0.9940297973880049,0.9967705790710254,0.9980390040549328,0.9980139007206994,0.9940297973880049,0.9967705790710254,1.0,1.0,1.0,1.0,0.0,0.0,0.0,0.0
periodic_deadband,output_deadband,b8_n64_duplicates_allowed,8,64,duplicates_allowed,0.15,bitonic,1000,1000,0,1000,1000,1.0,1.0,1000,0,2008102,0,0.9980390040549327,0.9980139007206994,0.9940297973880049,0.9967705790710254,0.9980390040549328,0.9980139007206994,0.9940297973880049,0.9967705790710254,1.0,1.0,1.0,1.0,0.0,0.0,0.0,0.0
periodic_deadband,output_deadband,b8_n64_duplicates_allowed,8,64,duplicates_allowed,0.15,rank,1000,1000,0,1000,1000,1.0,1.0,1000,0,2008102,0,0.9980390040549327,0.9980139007206994,0.9940297973880049,0.9967705790710254,0.9980390040549328,0.9980139007206994,0.9940297973880049,0.9967705790710254,1.0,1.0,1.0,1.0,0.0,0.0,0.0,0.0
periodic_deadband,output_deadband,b8_n64_duplicates_allowed,8,64,duplicates_allowed,0.2,bitonic,1000,1000,0,1000,1000,1.0,1.0,1000,0,2008102,0,0.9980390040549327,0.9980139007206994,0.9940297973880049,0.9967705790710254,0.9980390040549328,0.9980139007206994,0.9940297973880049,0.9967705790710254,1.0,1.0,1.0,1.0,0.0,0.0,0.0,0.0
periodic_deadband,output_deadband,b8_n64_duplicates_allowed,8,64,duplicates_allowed,0.2,rank,1000,1000,0,1000,1000,1.0,1.0,1000,0,2008102,0,0.9980390040549327,0.9980139007206994,0.9940297973880049,0.9967705790710254,0.9980390040549328,0.9980139007206994,0.9940297973880049,0.9967705790710254,1.0,1.0,1.0,1.0,0.0,0.0,0.0,0.0
periodic_deadband,output_deadband,b8_n64_duplicates_allowed,8,64,duplicates_allowed,0.25,bitonic,1000,1000,0,1000,999,1.0,0.999,1000,0,2008102,0,0.9980390040549327,0.9980139007206994,0.9940297973880049,0.9967705790710254,0.9980390040549328,0.9980139007206994,0.9940297973880049,0.9967705790710254,1.0,1.0,1.0,1.0,0.0,0.0,0.0,0.0
periodic_deadband,output_deadband,b8_n64_duplicates_allowed,8,64,duplicates_allowed,0.25,rank,1000,1000,0,1000,1000,1.0,1.0,1000,0,2008102,0,0.9980390040549327,0.9980139007206994,0.9940297973880049,0.9967705790710254,0.9980390040549328,0.9980139007206994,0.9940297973880049,0.9967705790710254,1.0,1.0,1.0,1.0,0.0,0.0,0.0,0.0
periodic_deadband,output_deadband,b8_n128_distinct,8,128,distinct,0.0,bitonic,1000,1000,0,1000,1000,1.0,1.0,1000,0,8128000,0,1.0,1.0,1.0,1.0,1.0,1.0,1.0,1.0,1.0,1.0,1.0,1.0,0.0,0.0,0.0,0.0
periodic_deadband,output_deadband,b8_n128_distinct,8,128,distinct,0.0,rank,1000,1000,0,1000,1000,1.0,1.0,1000,0,8128000,0,1.0,1.0,1.0,1.0,1.0,1.0,1.0,1.0,1.0,1.0,1.0,1.0,0.0,0.0,0.0,0.0
periodic_deadband,output_deadband,b8_n128_distinct,8,128,distinct,0.05,bitonic,1000,1000,0,1000,1000,1.0,1.0,1000,0,8128000,0,1.0,1.0,1.0,1.0,1.0,1.0,1.0,1.0,1.0,1.0,1.0,1.0,0.0,0.0,0.0,0.0
periodic_deadband,output_deadband,b8_n128_distinct,8,128,distinct,0.05,rank,1000,1000,0,1000,1000,1.0,1.0,1000,0,8128000,0,1.0,1.0,1.0,1.0,1.0,1.0,1.0,1.0,1.0,1.0,1.0,1.0,0.0,0.0,0.0,0.0
periodic_deadband,output_deadband,b8_n128_distinct,8,128,distinct,0.1,bitonic,1000,1000,0,1000,1000,1.0,1.0,1000,0,8128000,0,1.0,1.0,1.0,1.0,1.0,1.0,1.0,1.0,1.0,1.0,1.0,1.0,0.0,0.0,0.0,0.0
periodic_deadband,output_deadband,b8_n128_distinct,8,128,distinct,0.1,rank,1000,1000,0,1000,1000,1.0,1.0,1000,0,8128000,0,1.0,1.0,1.0,1.0,1.0,1.0,1.0,1.0,1.0,1.0,1.0,1.0,0.0,0.0,0.0,0.0
periodic_deadband,output_deadband,b8_n128_distinct,8,128,distinct,0.15,bitonic,1000,1000,0,1000,1000,1.0,1.0,1000,0,8128000,0,1.0,1.0,1.0,1.0,1.0,1.0,1.0,1.0,1.0,1.0,1.0,1.0,0.0,0.0,0.0,0.0
periodic_deadband,output_deadband,b8_n128_distinct,8,128,distinct,0.15,rank,1000,1000,0,1000,1000,1.0,1.0,1000,0,8128000,0,1.0,1.0,1.0,1.0,1.0,1.0,1.0,1.0,1.0,1.0,1.0,1.0,0.0,0.0,0.0,0.0
periodic_deadband,output_deadband,b8_n128_distinct,8,128,distinct,0.2,bitonic,1000,1000,0,1000,1000,1.0,1.0,1000,0,8128000,0,1.0,1.0,1.0,1.0,1.0,1.0,1.0,1.0,1.0,1.0,1.0,1.0,0.0,0.0,0.0,0.0
periodic_deadband,output_deadband,b8_n128_distinct,8,128,distinct,0.2,rank,1000,1000,0,1000,1000,1.0,1.0,1000,0,8128000,0,1.0,1.0,1.0,1.0,1.0,1.0,1.0,1.0,1.0,1.0,1.0,1.0,0.0,0.0,0.0,0.0
periodic_deadband,output_deadband,b8_n128_distinct,8,128,distinct,0.25,bitonic,1000,1000,0,999,999,0.999,0.999,1000,0,8128000,1,0.9999997539370079,1.0,0.999753937007874,1.0,1.0,1.0,1.0,1.0,0.9999997539370079,1.0,0.999753937007874,1.0,0.001,0.0,0.0,0.0
periodic_deadband,output_deadband,b8_n128_distinct,8,128,distinct,0.25,rank,1000,1000,0,1000,1000,1.0,1.0,1000,0,8128000,0,1.0,1.0,1.0,1.0,1.0,1.0,1.0,1.0,1.0,1.0,1.0,1.0,0.0,0.0,0.0,0.0
periodic_deadband,output_deadband,b8_n128_duplicates_allowed,8,128,duplicates_allowed,0.0,bitonic,1000,1000,0,1000,1000,1.0,1.0,1000,0,8096298,0,0.9980478603180561,0.9980911900332792,0.9967343330640624,0.9974746656739796,0.9980478603180561,0.9980911900332791,0.9967343330640624,0.9974746656739796,1.0,1.0,1.0,1.0,0.0,0.0,0.0,0.0
periodic_deadband,output_deadband,b8_n128_duplicates_allowed,8,128,duplicates_allowed,0.0,rank,1000,1000,0,1000,1000,1.0,1.0,1000,0,8096298,0,0.9980478603180561,0.9980911900332792,0.9967343330640624,0.9974746656739796,0.9980478603180561,0.9980911900332791,0.9967343330640624,0.9974746656739796,1.0,1.0,1.0,1.0,0.0,0.0,0.0,0.0
periodic_deadband,output_deadband,b8_n128_duplicates_allowed,8,128,duplicates_allowed,0.05,bitonic,1000,1000,0,1000,1000,1.0,1.0,1000,0,8096298,0,0.9980478603180561,0.9980911900332792,0.9967343330640624,0.9974746656739796,0.9980478603180561,0.9980911900332791,0.9967343330640624,0.9974746656739796,1.0,1.0,1.0,1.0,0.0,0.0,0.0,0.0
periodic_deadband,output_deadband,b8_n128_duplicates_allowed,8,128,duplicates_allowed,0.05,rank,1000,1000,0,1000,1000,1.0,1.0,1000,0,8096298,0,0.9980478603180561,0.9980911900332792,0.9967343330640624,0.9974746656739796,0.9980478603180561,0.9980911900332791,0.9967343330640624,0.9974746656739796,1.0,1.0,1.0,1.0,0.0,0.0,0.0,0.0
periodic_deadband,output_deadband,b8_n128_duplicates_allowed,8,128,duplicates_allowed,0.1,bitonic,1000,1000,0,1000,1000,1.0,1.0,1000,0,8096298,0,0.9980478603180561,0.9980911900332792,0.9967343330640624,0.9974746656739796,0.9980478603180561,0.9980911900332791,0.9967343330640624,0.9974746656739796,1.0,1.0,1.0,1.0,0.0,0.0,0.0,0.0
periodic_deadband,output_deadband,b8_n128_duplicates_allowed,8,128,duplicates_allowed,0.1,rank,1000,1000,0,1000,1000,1.0,1.0,1000,0,8096298,0,0.9980478603180561,0.9980911900332792,0.9967343330640624,0.9974746656739796,0.9980478603180561,0.9980911900332791,0.9967343330640624,0.9974746656739796,1.0,1.0,1.0,1.0,0.0,0.0,0.0,0.0
periodic_deadband,output_deadband,b8_n128_duplicates_allowed,8,128,duplicates_allowed,0.15,bitonic,1000,1000,0,1000,1000,1.0,1.0,1000,0,8096298,0,0.9980478603180561,0.9980911900332792,0.9967343330640624,0.9974746656739796,0.9980478603180561,0.9980911900332791,0.9967343330640624,0.9974746656739796,1.0,1.0,1.0,1.0,0.0,0.0,0.0,0.0
periodic_deadband,output_deadband,b8_n128_duplicates_allowed,8,128,duplicates_allowed,0.15,rank,1000,1000,0,1000,1000,1.0,1.0,1000,0,8096298,0,0.9980478603180561,0.9980911900332792,0.9967343330640624,0.9974746656739796,0.9980478603180561,0.9980911900332791,0.9967343330640624,0.9974746656739796,1.0,1.0,1.0,1.0,0.0,0.0,0.0,0.0
periodic_deadband,output_deadband,b8_n128_duplicates_allowed,8,128,duplicates_allowed,0.2,bitonic,1000,1000,0,1000,1000,1.0,1.0,1000,0,8096298,0,0.9980478603180561,0.9980911900332792,0.9967343330640624,0.9974746656739796,0.9980478603180561,0.9980911900332791,0.9967343330640624,0.9974746656739796,1.0,1.0,1.0,1.0,0.0,0.0,0.0,0.0
periodic_deadband,output_deadband,b8_n128_duplicates_allowed,8,128,duplicates_allowed,0.2,rank,1000,1000,0,1000,1000,1.0,1.0,1000,0,8096298,0,0.9980478603180561,0.9980911900332792,0.9967343330640624,0.9974746656739796,0.9980478603180561,0.9980911900332791,0.9967343330640624,0.9974746656739796,1.0,1.0,1.0,1.0,0.0,0.0,0.0,0.0
periodic_deadband,output_deadband,b8_n128_duplicates_allowed,8,128,duplicates_allowed,0.25,bitonic,1000,1000,0,998,997,0.998,0.997,1000,0,8096298,2,0.9980473672661058,0.9980911900332792,0.9967343330640624,0.9974746656739796,0.9980478603180561,0.9980911900332791,0.9967343330640624,0.9974746656739796,0.9999995060203296,1.0,0.9997529339098209,1.0,0.002,0.0,0.0,0.0
periodic_deadband,output_deadband,b8_n128_duplicates_allowed,8,128,duplicates_allowed,0.25,rank,1000,1000,0,1000,998,1.0,0.998,1000,0,8096298,0,0.9980478603180561,0.9980911900332792,0.9967343330640624,0.9974746656739796,0.9980478603180561,0.9980911900332791,0.9967343330640624,0.9974746656739796,1.0,1.0,1.0,1.0,0.0,0.0,0.0,0.0
periodic_deadband,output_deadband,b8_n256_distinct,8,256,distinct,0.0,bitonic,1000,1000,0,1000,1000,1.0,1.0,1000,0,32640000,0,1.0,1.0,1.0,1.0,1.0,1.0,1.0,1.0,1.0,1.0,1.0,1.0,0.0,0.0,0.0,0.0
periodic_deadband,output_deadband,b8_n256_distinct,8,256,distinct,0.0,rank,1000,1000,0,1000,1000,1.0,1.0,1000,0,32640000,0,1.0,1.0,1.0,1.0,1.0,1.0,1.0,1.0,1.0,1.0,1.0,1.0,0.0,0.0,0.0,0.0
periodic_deadband,output_deadband,b8_n256_distinct,8,256,distinct,0.05,bitonic,1000,1000,0,1000,1000,1.0,1.0,1000,0,32640000,0,1.0,1.0,1.0,1.0,1.0,1.0,1.0,1.0,1.0,1.0,1.0,1.0,0.0,0.0,0.0,0.0
periodic_deadband,output_deadband,b8_n256_distinct,8,256,distinct,0.05,rank,1000,1000,0,1000,1000,1.0,1.0,1000,0,32640000,0,1.0,1.0,1.0,1.0,1.0,1.0,1.0,1.0,1.0,1.0,1.0,1.0,0.0,0.0,0.0,0.0
periodic_deadband,output_deadband,b8_n256_distinct,8,256,distinct,0.1,bitonic,1000,1000,0,1000,1000,1.0,1.0,1000,0,32640000,0,1.0,1.0,1.0,1.0,1.0,1.0,1.0,1.0,1.0,1.0,1.0,1.0,0.0,0.0,0.0,0.0
periodic_deadband,output_deadband,b8_n256_distinct,8,256,distinct,0.1,rank,1000,1000,0,1000,1000,1.0,1.0,1000,0,32640000,0,1.0,1.0,1.0,1.0,1.0,1.0,1.0,1.0,1.0,1.0,1.0,1.0,0.0,0.0,0.0,0.0
periodic_deadband,output_deadband,b8_n256_distinct,8,256,distinct,0.15,bitonic,1000,1000,0,1000,1000,1.0,1.0,1000,0,32640000,0,1.0,1.0,1.0,1.0,1.0,1.0,1.0,1.0,1.0,1.0,1.0,1.0,0.0,0.0,0.0,0.0
periodic_deadband,output_deadband,b8_n256_distinct,8,256,distinct,0.15,rank,1000,1000,0,1000,1000,1.0,1.0,1000,0,32640000,0,1.0,1.0,1.0,1.0,1.0,1.0,1.0,1.0,1.0,1.0,1.0,1.0,0.0,0.0,0.0,0.0
periodic_deadband,output_deadband,b8_n256_distinct,8,256,distinct,0.2,bitonic,1000,1000,0,1000,1000,1.0,1.0,1000,0,32640000,0,1.0,1.0,1.0,1.0,1.0,1.0,1.0,1.0,1.0,1.0,1.0,1.0,0.0,0.0,0.0,0.0
periodic_deadband,output_deadband,b8_n256_distinct,8,256,distinct,0.2,rank,1000,1000,0,1000,1000,1.0,1.0,1000,0,32640000,0,1.0,1.0,1.0,1.0,1.0,1.0,1.0,1.0,1.0,1.0,1.0,1.0,0.0,0.0,0.0,0.0
periodic_deadband,output_deadband,b8_n256_distinct,8,256,distinct,0.25,bitonic,1000,1000,0,989,989,0.989,0.989,1000,0,32640000,11,0.9999993259803922,1.0,0.999938725490196,1.0,1.0,1.0,1.0,1.0,0.9999993259803922,1.0,0.999938725490196,1.0,0.011,0.0,0.0,0.0
periodic_deadband,output_deadband,b8_n256_distinct,8,256,distinct,0.25,rank,1000,1000,0,996,996,0.996,0.996,1000,0,32640000,4,0.9999997549019608,1.0,0.999938725490196,1.0,1.0,1.0,1.0,1.0,0.9999997549019608,1.0,0.999938725490196,1.0,0.004,0.0,0.0,0.0
periodic_deadband,output_deadband,b8_n256_duplicates_allowed,8,256,duplicates_allowed,0.0,bitonic,1000,1000,0,1000,1000,1.0,1.0,1000,0,32512599,0,0.9980464683663344,0.9980526382047447,0.9974999385719181,0.9977456206515827,0.9980464683663345,0.9980526382047447,0.9974999385719181,0.9977456206515826,1.0,1.0,1.0,1.0,0.0,0.0,0.0,0.0
periodic_deadband,output_deadband,b8_n256_duplicates_allowed,8,256,duplicates_allowed,0.0,rank,1000,1000,0,1000,1000,1.0,1.0,1000,0,32512599,0,0.9980464683663344,0.9980526382047447,0.9974999385719181,0.9977456206515827,0.9980464683663345,0.9980526382047447,0.9974999385719181,0.9977456206515826,1.0,1.0,1.0,1.0,0.0,0.0,0.0,0.0
periodic_deadband,output_deadband,b8_n256_duplicates_allowed,8,256,duplicates_allowed,0.05,bitonic,1000,1000,0,1000,1000,1.0,1.0,1000,0,32512599,0,0.9980464683663344,0.9980526382047447,0.9974999385719181,0.9977456206515827,0.9980464683663345,0.9980526382047447,0.9974999385719181,0.9977456206515826,1.0,1.0,1.0,1.0,0.0,0.0,0.0,0.0
periodic_deadband,output_deadband,b8_n256_duplicates_allowed,8,256,duplicates_allowed,0.05,rank,1000,1000,0,1000,1000,1.0,1.0,1000,0,32512599,0,0.9980464683663344,0.9980526382047447,0.9974999385719181,0.9977456206515827,0.9980464683663345,0.9980526382047447,0.9974999385719181,0.9977456206515826,1.0,1.0,1.0,1.0,0.0,0.0,0.0,0.0
periodic_deadband,output_deadband,b8_n256_duplicates_allowed,8,256,duplicates_allowed,0.1,bitonic,1000,1000,0,1000,1000,1.0,1.0,1000,0,32512599,0,0.9980464683663344,0.9980526382047447,0.9974999385719181,0.9977456206515827,0.9980464683663345,0.9980526382047447,0.9974999385719181,0.9977456206515826,1.0,1.0,1.0,1.0,0.0,0.0,0.0,0.0
periodic_deadband,output_deadband,b8_n256_duplicates_allowed,8,256,duplicates_allowed,0.1,rank,1000,1000,0,1000,1000,1.0,1.0,1000,0,32512599,0,0.9980464683663344,0.9980526382047447,0.9974999385719181,0.9977456206515827,0.9980464683663345,0.9980526382047447,0.9974999385719181,0.9977456206515826,1.0,1.0,1.0,1.0,0.0,0.0,0.0,0.0
periodic_deadband,output_deadband,b8_n256_duplicates_allowed,8,256,duplicates_allowed,0.15,bitonic,1000,1000,0,1000,1000,1.0,1.0,1000,0,32512599,0,0.9980464683663344,0.9980526382047447,0.9974999385719181,0.9977456206515827,0.9980464683663345,0.9980526382047447,0.9974999385719181,0.9977456206515826,1.0,1.0,1.0,1.0,0.0,0.0,0.0,0.0
