dataset,key_bits,n,family,storage_dtype,batch_size,case_order,repeat,passes,batch_calls,elapsed_s,mean_batch_s
b4_n4_duplicates_allowed,4,4,duplicates_allowed,uint8,1000,0,0,88,88,0.013024493000000002,0.00014800560227272729
b4_n4_duplicates_allowed,4,4,duplicates_allowed,uint8,1000,0,1,88,88,0.012658338000000002,0.00014384475000000003
b4_n4_duplicates_allowed,4,4,duplicates_allowed,uint8,1000,0,2,88,88,0.014054035000000001,0.0001597049431818182
b4_n4_duplicates_allowed,4,4,duplicates_allowed,uint8,1000,0,3,88,88,0.013297918,0.00015111270454545454
b4_n4_duplicates_allowed,4,4,duplicates_allowed,uint8,1000,0,4,88,88,0.012467679,0.00014167817045454545
b4_n4_duplicates_allowed,4,4,duplicates_allowed,uint8,1000,0,5,88,88,0.012776478,0.00014518725000000002
b4_n4_duplicates_allowed,4,4,duplicates_allowed,uint8,1000,0,6,88,88,0.012633811,0.00014356603409090908
b4_n4_duplicates_allowed,4,4,duplicates_allowed,uint8,1000,0,7,88,88,0.013425862,0.00015256661363636365
b4_n4_duplicates_allowed,4,4,duplicates_allowed,uint8,1000,0,8,88,88,0.012892353,0.00014650401136363637
b8_n8_duplicates_allowed,8,8,duplicates_allowed,int64,1,1,0,4,4000,0.0160106,4.00265e-06
b8_n8_duplicates_allowed,8,8,duplicates_allowed,int64,1,1,1,4,4000,0.016357295,4.08932375e-06
b8_n8_duplicates_allowed,8,8,duplicates_allowed,int64,1,1,2,4,4000,0.016948892,4.237223e-06
b8_n8_duplicates_allowed,8,8,duplicates_allowed,int64,1,1,3,4,4000,0.016285536,4.071384e-06
b8_n8_duplicates_allowed,8,8,duplicates_allowed,int64,1,1,4,4,4000,0.016603309,4.15082725e-06
b8_n8_duplicates_allowed,8,8,duplicates_allowed,int64,1,1,5,4,4000,0.017720592,4.430148e-06
b8_n8_duplicates_allowed,8,8,duplicates_allowed,int64,1,1,6,4,4000,0.01674261,4.1856525000000005e-06
b8_n8_duplicates_allowed,8,8,duplicates_allowed,int64,1,1,7,4,4000,0.016264495,4.06612375e-06
b8_n8_duplicates_allowed,8,8,duplicates_allowed,int64,1,1,8,4,4000,0.016510879000000003,4.127719750000001e-06
b8_n8_duplicates_allowed,8,8,duplicates_allowed,int64,100,2,0,72,720,0.0077249300000000005,1.0729069444444446e-05
b8_n8_duplicates_allowed,8,8,duplicates_allowed,int64,100,2,1,72,720,0.007947417,1.1038079166666666e-05
b8_n8_duplicates_allowed,8,8,duplicates_allowed,int64,100,2,2,72,720,0.007802177,1.0836356944444445e-05
b8_n8_duplicates_allowed,8,8,duplicates_allowed,int64,100,2,3,72,720,0.014601694,2.0280130555555555e-05
b8_n8_duplicates_allowed,8,8,duplicates_allowed,int64,100,2,4,72,720,0.012841295,1.7835131944444446e-05
b8_n8_duplicates_allowed,8,8,duplicates_allowed,int64,100,2,5,72,720,0.011136231,1.54669875e-05
b8_n8_duplicates_allowed,8,8,duplicates_allowed,int64,100,2,6,72,720,0.008124847000000001,1.1284509722222224e-05
b8_n8_duplicates_allowed,8,8,duplicates_allowed,int64,100,2,7,72,720,0.008082171,1.1225237500000001e-05
b8_n8_duplicates_allowed,8,8,duplicates_allowed,int64,100,2,8,72,720,0.007378185000000001,1.0247479166666667e-05
b8_n64_duplicates_allowed,8,64,duplicates_allowed,int64,1,3,0,3,3000,0.018757414,6.252471333333334e-06
b8_n64_duplicates_allowed,8,64,duplicates_allowed,int64,1,3,1,3,3000,0.015523923,5.174641e-06
b8_n64_duplicates_allowed,8,64,duplicates_allowed,int64,1,3,2,3,3000,0.016354922,5.451640666666667e-06
b8_n64_duplicates_allowed,8,64,duplicates_allowed,int64,1,3,3,3,3000,0.015671206,5.2237353333333335e-06
b8_n64_duplicates_allowed,8,64,duplicates_allowed,int64,1,3,4,3,3000,0.016375273000000003,5.458424333333334e-06
b8_n64_duplicates_allowed,8,64,duplicates_allowed,int64,1,3,5,3,3000,0.0156873,5.2291000000000005e-06
b8_n64_duplicates_allowed,8,64,duplicates_allowed,int64,1,3,6,3,3000,0.017269718,5.756572666666666e-06
b8_n64_duplicates_allowed,8,64,duplicates_allowed,int64,1,3,7,3,3000,0.01573969,5.2465633333333335e-06
b8_n64_duplicates_allowed,8,64,duplicates_allowed,int64,1,3,8,3,3000,0.015503111000000002,5.1677036666666675e-06
b8_n8_duplicates_allowed,8,8,duplicates_allowed,int64,10,4,0,31,3100,0.015981216,5.155230967741935e-06
b8_n8_duplicates_allowed,8,8,duplicates_allowed,int64,10,4,1,31,3100,0.01507349,4.862416129032258e-06
b8_n8_duplicates_allowed,8,8,duplicates_allowed,int64,10,4,2,31,3100,0.014810120000000001,4.777458064516129e-06
b8_n8_duplicates_allowed,8,8,duplicates_allowed,int64,10,4,3,31,3100,0.016189041,5.222271290322581e-06
b8_n8_duplicates_allowed,8,8,duplicates_allowed,int64,10,4,4,31,3100,0.016135679,5.205057741935484e-06
b8_n8_duplicates_allowed,8,8,duplicates_allowed,int64,10,4,5,31,3100,0.015653658,5.049567096774194e-06
b8_n8_duplicates_allowed,8,8,duplicates_allowed,int64,10,4,6,31,3100,0.018061409,5.826260967741936e-06
b8_n8_duplicates_allowed,8,8,duplicates_allowed,int64,10,4,7,31,3100,0.030620147,9.877466774193549e-06
b8_n8_duplicates_allowed,8,8,duplicates_allowed,int64,10,4,8,31,3100,0.015992022,5.158716774193549e-06
b8_n64_distinct,8,64,distinct,int64,1000,5,0,14,14,0.016433441,0.0011738172142857143
b8_n64_distinct,8,64,distinct,int64,1000,5,1,14,14,0.016101258,0.001150089857142857
b8_n64_distinct,8,64,distinct,int64,1000,5,2,14,14,0.015985542000000002,0.0011418244285714286
b8_n64_distinct,8,64,distinct,int64,1000,5,3,14,14,0.016376545,0.0011697532142857143
b8_n64_distinct,8,64,distinct,int64,1000,5,4,14,14,0.015683685,0.0011202632142857142
b8_n64_distinct,8,64,distinct,int64,1000,5,5,14,14,0.016604269,0.0011860192142857144
b8_n64_distinct,8,64,distinct,int64,1000,5,6,14,14,0.016240338,0.001160024142857143
b8_n64_distinct,8,64,distinct,int64,1000,5,7,14,14,0.017360065,0.001240004642857143
b8_n64_distinct,8,64,distinct,int64,1000,5,8,14,14,0.01566714,0.0011190814285714286
b8_n16_duplicates_allowed,8,16,duplicates_allowed,uint8,1000,6,0,35,35,0.007972104,0.00022777440000000003
b8_n16_duplicates_allowed,8,16,duplicates_allowed,uint8,1000,6,1,35,35,0.008324819,0.00023785197142857145
b8_n16_duplicates_allowed,8,16,duplicates_allowed,uint8,1000,6,2,35,35,0.008007088,0.00022877394285714288
b8_n16_duplicates_allowed,8,16,duplicates_allowed,uint8,1000,6,3,35,35,0.008653037,0.0002472296285714286
b8_n16_duplicates_allowed,8,16,duplicates_allowed,uint8,1000,6,4,35,35,0.0082989,0.00023711142857142856
b8_n16_duplicates_allowed,8,16,duplicates_allowed,uint8,1000,6,5,35,35,0.009180637,0.0002623039142857143
b8_n16_duplicates_allowed,8,16,duplicates_allowed,uint8,1000,6,6,35,35,0.008798678,0.00025139080000000005
b8_n16_duplicates_allowed,8,16,duplicates_allowed,uint8,1000,6,7,35,35,0.008208343,0.00023452408571428572
b8_n16_duplicates_allowed,8,16,duplicates_allowed,uint8,1000,6,8,35,35,0.008733288,0.0002495225142857143
b8_n32_duplicates_allowed,8,32,duplicates_allowed,int64,1000,7,0,33,33,0.015621800000000002,0.00047338787878787886
b8_n32_duplicates_allowed,8,32,duplicates_allowed,int64,1000,7,1,33,33,0.015346073000000002,0.0004650325151515152
b8_n32_duplicates_allowed,8,32,duplicates_allowed,int64,1000,7,2,33,33,0.014988761000000001,0.00045420487878787883
b8_n32_duplicates_allowed,8,32,duplicates_allowed,int64,1000,7,3,33,33,0.015579827000000001,0.00047211596969696975
b8_n32_duplicates_allowed,8,32,duplicates_allowed,int64,1000,7,4,33,33,0.016045723,0.00048623403030303037
b8_n32_duplicates_allowed,8,32,duplicates_allowed,int64,1000,7,5,33,33,0.015116695000000001,0.0004580816666666667
b8_n32_duplicates_allowed,8,32,duplicates_allowed,int64,1000,7,6,33,33,0.014897282000000001,0.0004514327878787879
b8_n32_duplicates_allowed,8,32,duplicates_allowed,int64,1000,7,7,33,33,0.014901369000000001,0.0004515566363636364
b8_n32_duplicates_allowed,8,32,duplicates_allowed,int64,1000,7,8,33,33,0.015611134,0.0004730646666666667
b8_n256_duplicates_allowed,8,256,duplicates_allowed,int64,100,8,0,3,30,0.021964155000000003,0.0007321385000000001
b8_n256_duplicates_allowed,8,256,duplicates_allowed,int64,100,8,1,3,30,0.021362252,0.0007120750666666667
b8_n256_duplicates_allowed,8,256,duplicates_allowed,int64,100,8,2,3,30,0.020973963,0.0006991321
b8_n256_duplicates_allowed,8,256,duplicates_allowed,int64,100,8,3,3,30,0.021825485000000002,0.0007275161666666668
b8_n256_duplicates_allowed,8,256,duplicates_allowed,int64,100,8,4,3,30,0.024234036,0.0008078012
b8_n256_duplicates_allowed,8,256,duplicates_allowed,int64,100,8,5,3,30,0.021647595000000002,0.0007215865
b8_n256_duplicates_allowed,8,256,duplicates_allowed,int64,100,8,6,3,30,0.022685017000000002,0.0007561672333333334
b8_n256_duplicates_allowed,8,256,duplicates_allowed,int64,100,8,7,3,30,0.022761684,0.0007587228
b8_n256_duplicates_allowed,8,256,duplicates_allowed,int64,100,8,8,3,30,0.022579658000000002,0.0007526552666666668
b8_n256_distinct,8,256,distinct,uint8,100,9,0,9,90,0.013812468000000001,0.00015347186666666668
b8_n256_distinct,8,256,distinct,uint8,100,9,1,9,90,0.012923341000000001,0.00014359267777777778
b8_n256_distinct,8,256,distinct,uint8,100,9,2,9,90,0.012836929,0.00014263254444444446
b8_n256_distinct,8,256,distinct,uint8,100,9,3,9,90,0.012793022000000001,0.0001421446888888889
b8_n256_distinct,8,256,distinct,uint8,100,9,4,9,90,0.012199814000000002,0.0001355534888888889
b8_n256_distinct,8,256,distinct,uint8,100,9,5,9,90,0.01356997,0.00015077744444444446
b8_n256_distinct,8,256,distinct,uint8,100,9,6,9,90,0.01387909,0.00015421211111111112
b8_n256_distinct,8,256,distinct,uint8,100,9,7,9,90,0.013548918,0.00015054353333333333
b8_n256_distinct,8,256,distinct,uint8,100,9,8,9,90,0.013116673,0.0001457408111111111
b8_n4_distinct,8,4,distinct,int64,100,10,0,203,2030,0.014940608000000001,7.359905418719213e-06
b8_n4_distinct,8,4,distinct,int64,100,10,1,203,2030,0.014459038,7.122678817733991e-06
b8_n4_distinct,8,4,distinct,int64,100,10,2,203,2030,0.014384956,7.086185221674877e-06
b8_n4_distinct,8,4,distinct,int64,100,10,3,203,2030,0.014798242000000001,7.289774384236454e-06
b8_n4_distinct,8,4,distinct,int64,100,10,4,203,2030,0.014826495,7.303692118226601e-06
b8_n4_distinct,8,4,distinct,int64,100,10,5,203,2030,0.015053069,7.415304926108375e-06
b8_n4_distinct,8,4,distinct,int64,100,10,6,203,2030,0.015103034000000001,7.4399182266009855e-06
b8_n4_distinct,8,4,distinct,int64,100,10,7,203,2030,0.015928135,7.846371921182266e-06
b8_n4_distinct,8,4,distinct,int64,100,10,8,203,2030,0.015653939000000002,7.711300000000002e-06
b8_n128_distinct,8,128,distinct,int64,1,11,0,3,3000,0.020985982,6.995327333333333e-06
b8_n128_distinct,8,128,distinct,int64,1,11,1,3,3000,0.021285687,7.0952290000000004e-06
b8_n128_distinct,8,128,distinct,int64,1,11,2,3,3000,0.021020134000000003,7.006711333333334e-06
b8_n128_distinct,8,128,distinct,int64,1,11,3,3,3000,0.020636502,6.878834000000001e-06
b8_n128_distinct,8,128,distinct,int64,1,11,4,3,3000,0.020794702,6.9315673333333335e-06
b8_n128_distinct,8,128,distinct,int64,1,11,5,3,3000,0.020352471,6.784157e-06
b8_n128_distinct,8,128,distinct,int64,1,11,6,3,3000,0.021334028,7.111342666666667e-06
b8_n128_distinct,8,128,distinct,int64,1,11,7,3,3000,0.021392718,7.130906e-06
b8_n128_distinct,8,128,distinct,int64,1,11,8,3,3000,0.020597463,6.865821e-06
b4_n8_duplicates_allowed,4,8,duplicates_allowed,int64,10,12,0,29,2900,0.014081782000000001,4.855786896551724e-06
b4_n8_duplicates_allowed,4,8,duplicates_allowed,int64,10,12,1,29,2900,0.013159074000000002,4.537611724137932e-06
b4_n8_duplicates_allowed,4,8,duplicates_allowed,int64,10,12,2,29,2900,0.014518334,5.0063220689655174e-06
b4_n8_duplicates_allowed,4,8,duplicates_allowed,int64,10,12,3,29,2900,0.013547673000000001,4.6716113793103454e-06
b4_n8_duplicates_allowed,4,8,duplicates_allowed,int64,10,12,4,29,2900,0.014191128,4.893492413793103e-06
b4_n8_duplicates_allowed,4,8,duplicates_allowed,int64,10,12,5,29,2900,0.013190843,4.548566551724138e-06
b4_n8_duplicates_allowed,4,8,duplicates_allowed,int64,10,12,6,29,2900,0.013393029,4.6182858620689655e-06
b4_n8_duplicates_allowed,4,8,duplicates_allowed,int64,10,12,7,29,2900,0.013657489,4.709478965517242e-06
b4_n8_duplicates_allowed,4,8,duplicates_allowed,int64,10,12,8,29,2900,0.013700526000000001,4.724319310344828e-06
b8_n128_duplicates_allowed,8,128,duplicates_allowed,uint8,1000,13,0,21,21,0.017352697,0.0008263189047619048
b8_n128_duplicates_allowed,8,128,duplicates_allowed,uint8,1000,13,1,21,21,0.01624555,0.000773597619047619
b8_n128_duplicates_allowed,8,128,duplicates_allowed,uint8,1000,13,2,21,21,0.016142845,0.0007687069047619047
b8_n128_duplicates_allowed,8,128,duplicates_allowed,uint8,1000,13,3,21,21,0.015455193,0.0007359615714285715
b8_n128_duplicates_allowed,8,128,duplicates_allowed,uint8,1000,13,4,21,21,0.015938385,0.0007589707142857142
b8_n128_duplicates_allowed,8,128,duplicates_allowed,uint8,1000,13,5,21,21,0.015788278,0.0007518227619047619
b8_n128_duplicates_allowed,8,128,duplicates_allowed,uint8,1000,13,6,21,21,0.015821998,0.0007534284761904762
b8_n128_duplicates_allowed,8,128,duplicates_allowed,uint8,1000,13,7,21,21,0.01921627,0.0009150604761904762
b8_n128_duplicates_allowed,8,128,duplicates_allowed,uint8,1000,13,8,21,21,0.015817271,0.000753203380952381
b4_n16_distinct,4,16,distinct,int64,10,14,0,26,2600,0.014538463000000001,5.591716538461539e-06
b4_n16_distinct,4,16,distinct,int64,10,14,1,26,2600,0.014769634,5.6806284615384615e-06
b4_n16_distinct,4,16,distinct,int64,10,14,2,26,2600,0.013660434,5.2540130769230775e-06
b4_n16_distinct,4,16,distinct,int64,10,14,3,26,2600,0.014042452,5.400943076923077e-06
b4_n16_distinct,4,16,distinct,int64,10,14,4,26,2600,0.014572035,5.604628846153846e-06
b4_n16_distinct,4,16,distinct,int64,10,14,5,26,2600,0.014156505000000002,5.444809615384616e-06
b4_n16_distinct,4,16,distinct,int64,10,14,6,26,2600,0.01448276,5.570292307692308e-06
b4_n16_distinct,4,16,distinct,int64,10,14,7,26,2600,0.017241029,6.631165e-06
b4_n16_distinct,4,16,distinct,int64,10,14,8,26,2600,0.014117205,5.429694230769231e-06
b8_n128_duplicates_allowed,8,128,duplicates_allowed,uint8,1,15,0,4,4000,0.018724776000000002,4.6811940000000004e-06
b8_n128_duplicates_allowed,8,128,duplicates_allowed,uint8,1,15,1,4,4000,0.018246882000000002,4.561720500000001e-06
b8_n128_duplicates_allowed,8,128,duplicates_allowed,uint8,1,15,2,4,4000,0.018739348000000003,4.684837000000001e-06
b8_n128_duplicates_allowed,8,128,duplicates_allowed,uint8,1,15,3,4,4000,0.019026533,4.7566332500000005e-06
b8_n128_duplicates_allowed,8,128,duplicates_allowed,uint8,1,15,4,4,4000,0.021570396000000002,5.3925990000000004e-06
b8_n128_duplicates_allowed,8,128,duplicates_allowed,uint8,1,15,5,4,4000,0.019383284,4.845821e-06
b8_n128_duplicates_allowed,8,128,duplicates_allowed,uint8,1,15,6,4,4000,0.022185369,5.54634225e-06
b8_n128_duplicates_allowed,8,128,duplicates_allowed,uint8,1,15,7,4,4000,0.018633868,4.658467e-06
b8_n128_duplicates_allowed,8,128,duplicates_allowed,uint8,1,15,8,4,4000,0.018745298,4.6863245e-06
b8_n8_duplicates_allowed,8,8,duplicates_allowed,uint8,100,16,0,63,630,0.017470345,2.7730706349206353e-05
b8_n8_duplicates_allowed,8,8,duplicates_allowed,uint8,100,16,1,63,630,0.014942176000000001,2.3717739682539686e-05
b8_n8_duplicates_allowed,8,8,duplicates_allowed,uint8,100,16,2,63,630,0.015248009000000002,2.420318888888889e-05
b8_n8_duplicates_allowed,8,8,duplicates_allowed,uint8,100,16,3,63,630,0.01451588,2.3041079365079367e-05
b8_n8_duplicates_allowed,8,8,duplicates_allowed,uint8,100,16,4,63,630,0.014887824000000001,2.363146666666667e-05
b8_n8_duplicates_allowed,8,8,duplicates_allowed,uint8,100,16,5,63,630,0.014960323000000001,2.3746544444444446e-05
b8_n8_duplicates_allowed,8,8,duplicates_allowed,uint8,100,16,6,63,630,0.014797346000000001,2.3487850793650795e-05
b8_n8_duplicates_allowed,8,8,duplicates_allowed,uint8,100,16,7,63,630,0.014240733,2.2604338095238095e-05
b8_n8_duplicates_allowed,8,8,duplicates_allowed,uint8,100,16,8,63,630,0.017461823,2.7717179365079368e-05
b8_n64_duplicates_allowed,8,64,duplicates_allowed,int64,10,17,0,10,1000,0.016330879,1.6330879e-05
b8_n64_duplicates_allowed,8,64,duplicates_allowed,int64,10,17,1,10,1000,0.015911104000000002,1.5911104000000002e-05
b8_n64_duplicates_allowed,8,64,duplicates_allowed,int64,10,17,2,10,1000,0.016033559,1.6033559e-05
b8_n64_duplicates_allowed,8,64,duplicates_allowed,int64,10,17,3,10,1000,0.016827192,1.6827192000000002e-05
b8_n64_duplicates_allowed,8,64,duplicates_allowed,int64,10,17,4,10,1000,0.016306713,1.6306713e-05
b8_n64_duplicates_allowed,8,64,duplicates_allowed,int64,10,17,5,10,1000,0.0166553,1.6655300000000003e-05
b8_n64_duplicates_allowed,8,64,duplicates_allowed,int64,10,17,6,10,1000,0.016970298,1.6970298e-05
b8_n64_duplicates_allowed,8,64,duplicates_allowed,int64,10,17,7,10,1000,0.016487286,1.6487286e-05
b8_n64_duplicates_allowed,8,64,duplicates_allowed,int64,10,17,8,10,1000,0.016078177000000003,1.6078177000000002e-05
b4_n2_duplicates_allowed,4,2,duplicates_allowed,uint8,1000,18,0,128,128,0.012111507,9.46211484375e-05
b4_n2_duplicates_allowed,4,2,duplicates_allowed,uint8,1000,18,1,128,128,0.011269633000000001,8.804400781250001e-05
b4_n2_duplicates_allowed,4,2,duplicates_allowed,uint8,1000,18,2,128,128,0.011390265,8.89864453125e-05
b4_n2_duplicates_allowed,4,2,duplicates_allowed,uint8,1000,18,3,128,128,0.012620268,9.859584375e-05
b4_n2_duplicates_allowed,4,2,duplicates_allowed,uint8,1000,18,4,128,128,0.011521894000000001,9.001479687500001e-05
b4_n2_duplicates_allowed,4,2,duplicates_allowed,uint8,1000,18,5,128,128,0.011258926,8.7960359375e-05
b4_n2_duplicates_allowed,4,2,duplicates_allowed,uint8,1000,18,6,128,128,0.011634195,9.08921484375e-05
b4_n2_duplicates_allowed,4,2,duplicates_allowed,uint8,1000,18,7,128,128,0.011831874000000001,9.243651562500001e-05
b4_n2_duplicates_allowed,4,2,duplicates_allowed,uint8,1000,18,8,128,128,0.01176974,9.195109375e-05
b8_n32_duplicates_allowed,8,32,duplicates_allowed,uint8,10,19,0,19,1900,0.014667835,7.719913157894737e-06
b8_n32_duplicates_allowed,8,32,duplicates_allowed,uint8,10,19,1,19,1900,0.014684615000000002,7.728744736842106e-06
b8_n32_duplicates_allowed,8,32,duplicates_allowed,uint8,10,19,2,19,1900,0.014713849000000001,7.744131052631579e-06
b8_n32_duplicates_allowed,8,32,duplicates_allowed,uint8,10,19,3,19,1900,0.014162114000000002,7.453744210526317e-06
b8_n32_duplicates_allowed,8,32,duplicates_allowed,uint8,10,19,4,19,1900,0.014318530000000001,7.536068421052632e-06
b8_n32_duplicates_allowed,8,32,duplicates_allowed,uint8,10,19,5,19,1900,0.013813125,7.270065789473685e-06
b8_n32_duplicates_allowed,8,32,duplicates_allowed,uint8,10,19,6,19,1900,0.014886582,7.835043157894737e-06
b8_n32_duplicates_allowed,8,32,duplicates_allowed,uint8,10,19,7,19,1900,0.014059087000000001,7.399519473684211e-06
b8_n32_duplicates_allowed,8,32,duplicates_allowed,uint8,10,19,8,19,1900,0.014758026,7.767382105263158e-06
b8_n4_duplicates_allowed,8,4,duplicates_allowed,uint8,100,20,0,69,690,0.013159705,1.907203623188406e-05
b8_n4_duplicates_allowed,8,4,duplicates_allowed,uint8,100,20,1,69,690,0.012599316000000001,1.8259878260869567e-05
b8_n4_duplicates_allowed,8,4,duplicates_allowed,uint8,100,20,2,69,690,0.012649042000000001,1.8331944927536233e-05
b8_n4_duplicates_allowed,8,4,duplicates_allowed,uint8,100,20,3,69,690,0.01300428,1.884678260869565e-05
b8_n4_duplicates_allowed,8,4,duplicates_allowed,uint8,100,20,4,69,690,0.013279697,1.924593768115942e-05
b8_n4_duplicates_allowed,8,4,duplicates_allowed,uint8,100,20,5,69,690,0.012745118000000001,1.8471185507246378e-05
b8_n4_duplicates_allowed,8,4,duplicates_allowed,uint8,100,20,6,69,690,0.012557884,1.819983188405797e-05
b8_n4_duplicates_allowed,8,4,duplicates_allowed,uint8,100,20,7,69,690,0.013772643000000001,1.9960352173913043e-05
b8_n4_duplicates_allowed,8,4,duplicates_allowed,uint8,100,20,8,69,690,0.013233828000000001,1.917946086956522e-05
b4_n2_distinct,4,2,distinct,int64,1,21,0,4,4000,0.016289126,4.0722815e-06
b4_n2_distinct,4,2,distinct,int64,1,21,1,4,4000,0.015626493,3.90662325e-06
b4_n2_distinct,4,2,distinct,int64,1,21,2,4,4000,0.016164607,4.04115175e-06
b4_n2_distinct,4,2,distinct,int64,1,21,3,4,4000,0.015978977000000002,3.99474425e-06
b4_n2_distinct,4,2,distinct,int64,1,21,4,4,4000,0.016815804,4.203951e-06
b4_n2_distinct,4,2,distinct,int64,1,21,5,4,4000,0.015304315,3.82607875e-06
b4_n2_distinct,4,2,distinct,int64,1,21,6,4,4000,0.015713264,3.928316000000001e-06
b4_n2_distinct,4,2,distinct,int64,1,21,7,4,4000,0.01550666,3.876665e-06
b4_n2_distinct,4,2,distinct,int64,1,21,8,4,4000,0.016188634,4.0471585e-06
b4_n16_duplicates_allowed,4,16,duplicates_allowed,uint8,1,22,0,4,4000,0.017364846,4.3412115e-06
b4_n16_duplicates_allowed,4,16,duplicates_allowed,uint8,1,22,1,4,4000,0.017242871,4.31071775e-06
b4_n16_duplicates_allowed,4,16,duplicates_allowed,uint8,1,22,2,4,4000,0.016735904,4.1839759999999994e-06
b4_n16_duplicates_allowed,4,16,duplicates_allowed,uint8,1,22,3,4,4000,0.016678867,4.16971675e-06
b4_n16_duplicates_allowed,4,16,duplicates_allowed,uint8,1,22,4,4,4000,0.017172784,4.293196e-06
b4_n16_duplicates_allowed,4,16,duplicates_allowed,uint8,1,22,5,4,4000,0.017171072000000002,4.292768000000001e-06
b4_n16_duplicates_allowed,4,16,duplicates_allowed,uint8,1,22,6,4,4000,0.017111872,4.277968e-06
b4_n16_duplicates_allowed,4,16,duplicates_allowed,uint8,1,22,7,4,4000,0.016577624000000003,4.144406e-06
b4_n16_duplicates_allowed,4,16,duplicates_allowed,uint8,1,22,8,4,4000,0.017099254,4.2748135e-06
b4_n8_distinct,4,8,distinct,int64,1000,23,0,95,95,0.005382233,5.6655084210526314e-05
b4_n8_distinct,4,8,distinct,int64,1000,23,1,95,95,0.005245026000000001,5.521080000000001e-05
b4_n8_distinct,4,8,distinct,int64,1000,23,2,95,95,0.005227319,5.502441052631579e-05
b4_n8_distinct,4,8,distinct,int64,1000,23,3,95,95,0.005467573000000001,5.755340000000001e-05
b4_n8_distinct,4,8,distinct,int64,1000,23,4,95,95,0.005856863,6.165118947368422e-05
b4_n8_distinct,4,8,distinct,int64,1000,23,5,95,95,0.005546362,5.838275789473684e-05
b4_n8_distinct,4,8,distinct,int64,1000,23,6,95,95,0.005311286,5.590827368421053e-05
b4_n8_distinct,4,8,distinct,int64,1000,23,7,95,95,0.005390446,5.6741536842105266e-05
b4_n8_distinct,4,8,distinct,int64,1000,23,8,95,95,0.005647355000000001,5.9445842105263164e-05
b8_n2_duplicates_allowed,8,2,duplicates_allowed,uint8,1,24,0,4,4000,0.016777206,4.1943015e-06
b8_n2_duplicates_allowed,8,2,duplicates_allowed,uint8,1,24,1,4,4000,0.01597473,3.9936825e-06
b8_n2_duplicates_allowed,8,2,duplicates_allowed,uint8,1,24,2,4,4000,0.016326083,4.081520750000001e-06
b8_n2_duplicates_allowed,8,2,duplicates_allowed,uint8,1,24,3,4,4000,0.016350109,4.087527250000001e-06
b8_n2_duplicates_allowed,8,2,duplicates_allowed,uint8,1,24,4,4,4000,0.015982312000000002,3.995578e-06
b8_n2_duplicates_allowed,8,2,duplicates_allowed,uint8,1,24,5,4,4000,0.016386514,4.0966285e-06
b8_n2_duplicates_allowed,8,2,duplicates_allowed,uint8,1,24,6,4,4000,0.016250998000000003,4.0627495000000005e-06
b8_n2_duplicates_allowed,8,2,duplicates_allowed,uint8,1,24,7,4,4000,0.016591385,4.14784625e-06
b8_n2_duplicates_allowed,8,2,duplicates_allowed,uint8,1,24,8,4,4000,0.015851142000000002,3.962785500000001e-06
b8_n2_distinct,8,2,distinct,uint8,1000,25,0,166,166,0.016571013000000002,9.982537951807231e-05
b8_n2_distinct,8,2,distinct,uint8,1000,25,1,166,166,0.015783911,9.508380120481928e-05
b8_n2_distinct,8,2,distinct,uint8,1000,25,2,166,166,0.015727866,9.474618072289157e-05
b8_n2_distinct,8,2,distinct,uint8,1000,25,3,166,166,0.015825384,9.533363855421687e-05
b8_n2_distinct,8,2,distinct,uint8,1000,25,4,166,166,0.015265525,9.196099397590361e-05
b8_n2_distinct,8,2,distinct,uint8,1000,25,5,166,166,0.016084736000000002,9.689600000000002e-05
b8_n2_distinct,8,2,distinct,uint8,1000,25,6,166,166,0.015775608,9.503378313253012e-05
b8_n2_distinct,8,2,distinct,uint8,1000,25,7,166,166,0.016817877000000002,0.00010131251204819278
b8_n2_distinct,8,2,distinct,uint8,1000,25,8,166,166,0.015794051,9.514488554216867e-05
b8_n16_duplicates_allowed,8,16,duplicates_allowed,uint8,1,26,0,4,4000,0.016350259000000002,4.087564750000001e-06
b8_n16_duplicates_allowed,8,16,duplicates_allowed,uint8,1,26,1,4,4000,0.017357565000000002,4.3393912500000006e-06
b8_n16_duplicates_allowed,8,16,duplicates_allowed,uint8,1,26,2,4,4000,0.016343018,4.0857545000000005e-06
b8_n16_duplicates_allowed,8,16,duplicates_allowed,uint8,1,26,3,4,4000,0.016538104,4.134526e-06
b8_n16_duplicates_allowed,8,16,duplicates_allowed,uint8,1,26,4,4,4000,0.017161498,4.2903745e-06
b8_n16_duplicates_allowed,8,16,duplicates_allowed,uint8,1,26,5,4,4000,0.016157346,4.0393365e-06
b8_n16_duplicates_allowed,8,16,duplicates_allowed,uint8,1,26,6,4,4000,0.017762678,4.4406695000000004e-06
b8_n16_duplicates_allowed,8,16,duplicates_allowed,uint8,1,26,7,4,4000,0.016439384,4.109846e-06
b8_n16_duplicates_allowed,8,16,duplicates_allowed,uint8,1,26,8,4,4000,0.016350740000000002,4.0876850000000005e-06
b8_n128_duplicates_allowed,8,128,duplicates_allowed,int64,1000,27,0,5,5,0.016015321000000002,0.0032030642000000003
b8_n128_duplicates_allowed,8,128,duplicates_allowed,int64,1000,27,1,5,5,0.015163611,0.0030327222
b8_n128_duplicates_allowed,8,128,duplicates_allowed,int64,1000,27,2,5,5,0.014807491,0.0029614982
b8_n128_duplicates_allowed,8,128,duplicates_allowed,int64,1000,27,3,5,5,0.016244318,0.0032488636
b8_n128_duplicates_allowed,8,128,duplicates_allowed,int64,1000,27,4,5,5,0.014077625000000002,0.002815525
b8_n128_duplicates_allowed,8,128,duplicates_allowed,int64,1000,27,5,5,5,0.014030935000000001,0.0028061870000000004
b8_n128_duplicates_allowed,8,128,duplicates_allowed,int64,1000,27,6,5,5,0.014860112000000002,0.0029720224000000005
b8_n128_duplicates_allowed,8,128,duplicates_allowed,int64,1000,27,7,5,5,0.014415818,0.0028831636
b8_n128_duplicates_allowed,8,128,duplicates_allowed,int64,1000,27,8,5,5,0.014673930000000002,0.0029347860000000004
b8_n64_duplicates_allowed,8,64,duplicates_allowed,uint8,10,28,0,18,1800,0.016438732,9.13262888888889e-06
b8_n64_duplicates_allowed,8,64,duplicates_allowed,uint8,10,28,1,18,1800,0.015452979,8.584988333333334e-06
b8_n64_duplicates_allowed,8,64,duplicates_allowed,uint8,10,28,2,18,1800,0.016187132,8.992851111111111e-06
b8_n64_duplicates_allowed,8,64,duplicates_allowed,uint8,10,28,3,18,1800,0.016507717,9.17095388888889e-06
b8_n64_duplicates_allowed,8,64,duplicates_allowed,uint8,10,28,4,18,1800,0.015636418000000003,8.68689888888889e-06
b8_n64_duplicates_allowed,8,64,duplicates_allowed,uint8,10,28,5,18,1800,0.015662357000000002,8.701309444444446e-06
b8_n64_duplicates_allowed,8,64,duplicates_allowed,uint8,10,28,6,18,1800,0.016004626,8.89145888888889e-06
b8_n64_duplicates_allowed,8,64,duplicates_allowed,uint8,10,28,7,18,1800,0.016200241,9.00013388888889e-06
b8_n64_duplicates_allowed,8,64,duplicates_allowed,uint8,10,28,8,18,1800,0.015830301,8.794611666666667e-06
b4_n8_duplicates_allowed,4,8,duplicates_allowed,int64,1000,29,0,252,252,0.014629582,5.8053896825396825e-05
b4_n8_duplicates_allowed,4,8,duplicates_allowed,int64,1000,29,1,252,252,0.014655983000000001,5.81586626984127e-05
b4_n8_duplicates_allowed,4,8,duplicates_allowed,int64,1000,29,2,252,252,0.01442383,5.7237420634920634e-05
b4_n8_duplicates_allowed,4,8,duplicates_allowed,int64,1000,29,3,252,252,0.014466034000000001,5.740489682539683e-05
b4_n8_duplicates_allowed,4,8,duplicates_allowed,int64,1000,29,4,252,252,0.014514358000000002,5.7596658730158733e-05
b4_n8_duplicates_allowed,4,8,duplicates_allowed,int64,1000,29,5,252,252,0.014271510000000001,5.6632976190476194e-05
b4_n8_duplicates_allowed,4,8,duplicates_allowed,int64,1000,29,6,252,252,0.014828454000000001,5.884307142857143e-05
b4_n8_duplicates_allowed,4,8,duplicates_allowed,int64,1000,29,7,252,252,0.013976853000000001,5.5463702380952385e-05
b4_n8_duplicates_allowed,4,8,duplicates_allowed,int64,1000,29,8,252,252,0.015219646000000002,6.039542063492064e-05
b8_n64_distinct,8,64,distinct,int64,1,30,0,3,3000,0.015538318,5.179439333333334e-06
b8_n64_distinct,8,64,distinct,int64,1,30,1,3,3000,0.015868469,5.289489666666667e-06
b8_n64_distinct,8,64,distinct,int64,1,30,2,3,3000,0.015352317,5.117439e-06
b8_n64_distinct,8,64,distinct,int64,1,30,3,3,3000,0.015209441,5.069813666666667e-06
b8_n64_distinct,8,64,distinct,int64,1,30,4,3,3000,0.015413570000000001,5.137856666666667e-06
b8_n64_distinct,8,64,distinct,int64,1,30,5,3,3000,0.016274434,5.424811333333333e-06
b8_n64_distinct,8,64,distinct,int64,1,30,6,3,3000,0.015597989000000001,5.199329666666667e-06
b8_n64_distinct,8,64,distinct,int64,1,30,7,3,3000,0.015933758000000003,5.311252666666668e-06
b8_n64_distinct,8,64,distinct,int64,1,30,8,3,3000,0.016019868,5.339956e-06
b4_n16_distinct,4,16,distinct,uint8,100,31,0,62,620,0.015723208000000002,2.536001290322581e-05
b4_n16_distinct,4,16,distinct,uint8,100,31,1,62,620,0.016155514,2.605728064516129e-05
b4_n16_distinct,4,16,distinct,uint8,100,31,2,62,620,0.018011375,2.9050604838709677e-05
b4_n16_distinct,4,16,distinct,uint8,100,31,3,62,620,0.016136025000000002,2.602584677419355e-05
b4_n16_distinct,4,16,distinct,uint8,100,31,4,62,620,0.016803075,2.7101733870967742e-05
b4_n16_distinct,4,16,distinct,uint8,100,31,5,62,620,0.016610583,2.679126290322581e-05
b4_n16_distinct,4,16,distinct,uint8,100,31,6,62,620,0.018358741,2.9610872580645163e-05
b4_n16_distinct,4,16,distinct,uint8,100,31,7,62,620,0.017648586,2.8465461290322583e-05
b4_n16_distinct,4,16,distinct,uint8,100,31,8,62,620,0.017369552,2.8015406451612905e-05
b8_n16_duplicates_allowed,8,16,duplicates_allowed,int64,10,32,0,25,2500,0.014677525,5.87101e-06
b8_n16_duplicates_allowed,8,16,duplicates_allowed,int64,10,32,1,25,2500,0.014532545000000001,5.813018e-06
b8_n16_duplicates_allowed,8,16,duplicates_allowed,int64,10,32,2,25,2500,0.014025848,5.6103392e-06
b8_n16_duplicates_allowed,8,16,duplicates_allowed,int64,10,32,3,25,2500,0.013618040000000001,5.4472160000000006e-06
b8_n16_duplicates_allowed,8,16,duplicates_allowed,int64,10,32,4,25,2500,0.013780906,5.5123624e-06
b8_n16_duplicates_allowed,8,16,duplicates_allowed,int64,10,32,5,25,2500,0.013632312,5.4529248e-06
b8_n16_duplicates_allowed,8,16,duplicates_allowed,int64,10,32,6,25,2500,0.013828519000000001,5.5314076000000006e-06
b8_n16_duplicates_allowed,8,16,duplicates_allowed,int64,10,32,7,25,2500,0.013512540000000002,5.405016e-06
b8_n16_duplicates_allowed,8,16,duplicates_allowed,int64,10,32,8,25,2500,0.014159531000000001,5.663812400000001e-06
b8_n32_duplicates_allowed,8,32,duplicates_allowed,int64,10,33,0,14,1400,0.01289879,9.213421428571429e-06
b8_n32_duplicates_allowed,8,32,duplicates_allowed,int64,10,33,1,14,1400,0.013352007,9.537147857142857e-06
b8_n32_duplicates_allowed,8,32,duplicates_allowed,int64,10,33,2,14,1400,0.012629833,9.021309285714285e-06
b8_n32_duplicates_allowed,8,32,duplicates_allowed,int64,10,33,3,14,1400,0.013285185000000001,9.489417857142859e-06
b8_n32_duplicates_allowed,8,32,duplicates_allowed,int64,10,33,4,14,1400,0.013430866000000001,9.593475714285716e-06
b8_n32_duplicates_allowed,8,32,duplicates_allowed,int64,10,33,5,14,1400,0.012586096000000001,8.990068571428572e-06
b8_n32_duplicates_allowed,8,32,duplicates_allowed,int64,10,33,6,14,1400,0.01320251,9.430364285714286e-06
b8_n32_duplicates_allowed,8,32,duplicates_allowed,int64,10,33,7,14,1400,0.013283384,9.488131428571429e-06
b8_n32_duplicates_allowed,8,32,duplicates_allowed,int64,10,33,8,14,1400,0.013323213,9.516580714285715e-06
b8_n8_distinct,8,8,distinct,uint8,10,34,0,26,2600,0.016554379,6.367068846153847e-06
b8_n8_distinct,8,8,distinct,uint8,10,34,1,26,2600,0.015805874,6.0791823076923085e-06
b8_n8_distinct,8,8,distinct,uint8,10,34,2,26,2600,0.01639679,6.306457692307693e-06
b8_n8_distinct,8,8,distinct,uint8,10,34,3,26,2600,0.015818033000000002,6.083858846153847e-06
b8_n8_distinct,8,8,distinct,uint8,10,34,4,26,2600,0.017229761,6.626831153846153e-06
b8_n8_distinct,8,8,distinct,uint8,10,34,5,26,2600,0.015487302000000001,5.956654615384616e-06
b8_n8_distinct,8,8,distinct,uint8,10,34,6,26,2600,0.016182785,6.224148076923078e-06
b8_n8_distinct,8,8,distinct,uint8,10,34,7,26,2600,0.016043935000000002,6.170744230769232e-06
b8_n8_distinct,8,8,distinct,uint8,10,34,8,26,2600,0.01629836,6.2686000000000004e-06
b8_n8_distinct,8,8,distinct,uint8,1,35,0,4,4000,0.017006964,4.251741e-06
b8_n8_distinct,8,8,distinct,uint8,1,35,1,4,4000,0.016426915,4.10672875e-06
b8_n8_distinct,8,8,distinct,uint8,1,35,2,4,4000,0.016194503000000002,4.048625750000001e-06
b8_n8_distinct,8,8,distinct,uint8,1,35,3,4,4000,0.018016763,4.5041907500000005e-06
b8_n8_distinct,8,8,distinct,uint8,1,35,4,4,4000,0.016830026,4.2075065e-06
b8_n8_distinct,8,8,distinct,uint8,1,35,5,4,4000,0.016204107000000002,4.0510267500000005e-06
b8_n8_distinct,8,8,distinct,uint8,1,35,6,4,4000,0.016646909,4.161727250000001e-06
b8_n8_distinct,8,8,distinct,uint8,1,35,7,4,4000,0.016923056000000002,4.230764000000001e-06
b8_n8_distinct,8,8,distinct,uint8,1,35,8,4,4000,0.016407967000000002,4.101991750000001e-06
b4_n8_duplicates_allowed,4,8,duplicates_allowed,uint8,10,36,0,26,2600,0.015666914,6.025736153846154e-06
b4_n8_duplicates_allowed,4,8,duplicates_allowed,uint8,10,36,1,26,2600,0.016175384,6.221301538461538e-06
b4_n8_duplicates_allowed,4,8,duplicates_allowed,uint8,10,36,2,26,2600,0.015535394000000001,5.975151538461539e-06
b4_n8_duplicates_allowed,4,8,duplicates_allowed,uint8,10,36,3,26,2600,0.015528304000000001,5.972424615384616e-06
b4_n8_duplicates_allowed,4,8,duplicates_allowed,uint8,10,36,4,26,2600,0.015872295,6.104728846153847e-06
b4_n8_duplicates_allowed,4,8,duplicates_allowed,uint8,10,36,5,26,2600,0.015168538,5.834053076923077e-06
b4_n8_duplicates_allowed,4,8,duplicates_allowed,uint8,10,36,6,26,2600,0.015549275000000001,5.980490384615385e-06
b4_n8_duplicates_allowed,4,8,duplicates_allowed,uint8,10,36,7,26,2600,0.016208294,6.233959230769232e-06
b4_n8_duplicates_allowed,4,8,duplicates_allowed,uint8,10,36,8,26,2600,0.015535384000000001,5.975147692307693e-06
b4_n4_distinct,4,4,distinct,int64,100,37,0,166,1660,0.011695157000000001,7.04527530120482e-06
b4_n4_distinct,4,4,distinct,int64,100,37,1,166,1660,0.011982912,7.218621686746988e-06
b4_n4_distinct,4,4,distinct,int64,100,37,2,166,1660,0.013192535,7.947310240963855e-06
b4_n4_distinct,4,4,distinct,int64,100,37,3,166,1660,0.0114336,6.887710843373494e-06
b4_n4_distinct,4,4,distinct,int64,100,37,4,166,1660,0.011726464,7.064134939759037e-06
b4_n4_distinct,4,4,distinct,int64,100,37,5,166,1660,0.011849191,7.138066867469879e-06
b4_n4_distinct,4,4,distinct,int64,100,37,6,166,1660,0.012547789,7.558909036144578e-06
b4_n4_distinct,4,4,distinct,int64,100,37,7,166,1660,0.011946648,7.196775903614458e-06
b4_n4_distinct,4,4,distinct,int64,100,37,8,166,1660,0.012294325,7.406219879518073e-06
b8_n8_distinct,8,8,distinct,int64,10,38,0,33,3300,0.01718892,5.208763636363636e-06
b8_n8_distinct,8,8,distinct,int64,10,38,1,33,3300,0.015930854,4.827531515151516e-06
b8_n8_distinct,8,8,distinct,int64,10,38,2,33,3300,0.015838794,4.799634545454545e-06
b8_n8_distinct,8,8,distinct,int64,10,38,3,33,3300,0.015530197,4.706120303030304e-06
b8_n8_distinct,8,8,distinct,int64,10,38,4,33,3300,0.015741186,4.770056363636364e-06
b8_n8_distinct,8,8,distinct,int64,10,38,5,33,3300,0.015415402000000002,4.67133393939394e-06
b8_n8_distinct,8,8,distinct,int64,10,38,6,33,3300,0.015568775000000002,4.717810606060607e-06
b8_n8_distinct,8,8,distinct,int64,10,38,7,33,3300,0.016184647,4.904438484848485e-06
b8_n8_distinct,8,8,distinct,int64,10,38,8,33,3300,0.015672492,4.74924e-06
b8_n256_duplicates_allowed,8,256,duplicates_allowed,uint8,1000,39,0,12,12,0.016074531,0.0013395442499999999
b8_n256_duplicates_allowed,8,256,duplicates_allowed,uint8,1000,39,1,12,12,0.020181553,0.0016817960833333334
b8_n256_duplicates_allowed,8,256,duplicates_allowed,uint8,1000,39,2,12,12,0.017236091000000002,0.0014363409166666668
b8_n256_duplicates_allowed,8,256,duplicates_allowed,uint8,1000,39,3,12,12,0.020534979000000002,0.0017112482500000002
b8_n256_duplicates_allowed,8,256,duplicates_allowed,uint8,1000,39,4,12,12,0.020209465000000003,0.0016841220833333336
b8_n256_duplicates_allowed,8,256,duplicates_allowed,uint8,1000,39,5,12,12,0.027276922000000002,0.0022730768333333335
b8_n256_duplicates_allowed,8,256,duplicates_allowed,uint8,1000,39,6,12,12,0.016267504000000002,0.0013556253333333334
b8_n256_duplicates_allowed,8,256,duplicates_allowed,uint8,1000,39,7,12,12,0.017433179,0.0014527649166666667
b8_n256_duplicates_allowed,8,256,duplicates_allowed,uint8,1000,39,8,12,12,0.020155643,0.0016796369166666668
b8_n2_distinct,8,2,distinct,uint8,1,40,0,3,3000,0.013913457,4.637819e-06
b8_n2_distinct,8,2,distinct,uint8,1,40,1,3,3000,0.012217488,4.072496e-06
b8_n2_distinct,8,2,distinct,uint8,1,40,2,3,3000,0.014026309,4.6754363333333334e-06
b8_n2_distinct,8,2,distinct,uint8,1,40,3,3,3000,0.012991952000000001,4.330650666666667e-06
b8_n2_distinct,8,2,distinct,uint8,1,40,4,3,3000,0.014151248000000002,4.717082666666667e-06
b8_n2_distinct,8,2,distinct,uint8,1,40,5,3,3000,0.017045832,5.681944e-06
b8_n2_distinct,8,2,distinct,uint8,1,40,6,3,3000,0.016147962000000002,5.382654000000001e-06
b8_n2_distinct,8,2,distinct,uint8,1,40,7,3,3000,0.018913621000000002,6.304540333333334e-06
b8_n2_distinct,8,2,distinct,uint8,1,40,8,3,3000,0.017147117,5.715705666666667e-06
b8_n256_distinct,8,256,distinct,int64,1000,41,0,2,2,0.019869305,0.0099346525
b8_n256_distinct,8,256,distinct,int64,1000,41,1,2,2,0.019536927000000003,0.009768463500000001
b8_n256_distinct,8,256,distinct,int64,1000,41,2,2,2,0.019312456000000002,0.009656228000000001
b8_n256_distinct,8,256,distinct,int64,1000,41,3,2,2,0.019567042,0.009783521
b8_n256_distinct,8,256,distinct,int64,1000,41,4,2,2,0.017373739000000003,0.008686869500000001
b8_n256_distinct,8,256,distinct,int64,1000,41,5,2,2,0.017703318000000003,0.008851659000000001
b8_n256_distinct,8,256,distinct,int64,1000,41,6,2,2,0.016436259,0.0082181295
b8_n256_distinct,8,256,distinct,int64,1000,41,7,2,2,0.017638590000000003,0.008819295000000001
b8_n256_distinct,8,256,distinct,int64,1000,41,8,2,2,0.016388737,0.0081943685
b8_n128_distinct,8,128,distinct,int64,100,42,0,5,50,0.015005752,0.00030011504
b8_n128_distinct,8,128,distinct,int64,100,42,1,5,50,0.015578910000000001,0.00031157820000000003
b8_n128_distinct,8,128,distinct,int64,100,42,2,5,50,0.015830952000000002,0.00031661904000000003
b8_n128_distinct,8,128,distinct,int64,100,42,3,5,50,0.016536942000000002,0.00033073884
b8_n128_distinct,8,128,distinct,int64,100,42,4,5,50,0.015972236,0.00031944472
b8_n128_distinct,8,128,distinct,int64,100,42,5,5,50,0.017309522,0.00034619044
b8_n128_distinct,8,128,distinct,int64,100,42,6,5,50,0.016868324,0.00033736648
b8_n128_distinct,8,128,distinct,int64,100,42,7,5,50,0.0160408,0.000320816
b8_n128_distinct,8,128,distinct,int64,100,42,8,5,50,0.019216055000000003,0.00038432110000000006
b4_n2_distinct,4,2,distinct,uint8,1,43,0,4,4000,0.015599441,3.89986025e-06
b4_n2_distinct,4,2,distinct,uint8,1,43,1,4,4000,0.017440421,4.36010525e-06
b4_n2_distinct,4,2,distinct,uint8,1,43,2,4,4000,0.015898364,3.974591e-06
b4_n2_distinct,4,2,distinct,uint8,1,43,3,4,4000,0.016209065,4.05226625e-06
b4_n2_distinct,4,2,distinct,uint8,1,43,4,4,4000,0.028008610000000003,7.0021525000000005e-06
b4_n2_distinct,4,2,distinct,uint8,1,43,5,4,4000,0.027303041,6.82576025e-06
b4_n2_distinct,4,2,distinct,uint8,1,43,6,4,4000,0.016684255000000002,4.171063750000001e-06
b4_n2_distinct,4,2,distinct,uint8,1,43,7,4,4000,0.016010905000000002,4.002726250000001e-06
b4_n2_distinct,4,2,distinct,uint8,1,43,8,4,4000,0.015628676,3.907169000000001e-06
b8_n2_distinct,8,2,distinct,uint8,100,44,0,120,1200,0.015554623000000002,1.2962185833333334e-05
b8_n2_distinct,8,2,distinct,uint8,100,44,1,120,1200,0.016099239,1.34160325e-05
b8_n2_distinct,8,2,distinct,uint8,100,44,2,120,1200,0.015776089,1.3146740833333333e-05
b8_n2_distinct,8,2,distinct,uint8,100,44,3,120,1200,0.018333684000000003,1.5278070000000003e-05
b8_n2_distinct,8,2,distinct,uint8,100,44,4,120,1200,0.016253742,1.3544785000000002e-05
b8_n2_distinct,8,2,distinct,uint8,100,44,5,120,1200,0.015669408,1.305784e-05
b8_n2_distinct,8,2,distinct,uint8,100,44,6,120,1200,0.017817472,1.4847893333333335e-05
b8_n2_distinct,8,2,distinct,uint8,100,44,7,120,1200,0.016128393,1.3440327500000001e-05
b8_n2_distinct,8,2,distinct,uint8,100,44,8,120,1200,0.016805348,1.4004456666666667e-05
b8_n32_distinct,8,32,distinct,int64,100,45,0,17,170,0.009850082000000001,5.794165882352942e-05
b8_n32_distinct,8,32,distinct,int64,100,45,1,17,170,0.009110441,5.3590829411764706e-05
b8_n32_distinct,8,32,distinct,int64,100,45,2,17,170,0.009064111000000001,5.331830000000001e-05
b8_n32_distinct,8,32,distinct,int64,100,45,3,17,170,0.009543497,5.613821764705882e-05
b8_n32_distinct,8,32,distinct,int64,100,45,4,17,170,0.011171874,6.571690588235294e-05
b8_n32_distinct,8,32,distinct,int64,100,45,5,17,170,0.009091493,5.34793705882353e-05
b8_n32_distinct,8,32,distinct,int64,100,45,6,17,170,0.009540462000000001,5.612036470588236e-05
b8_n32_distinct,8,32,distinct,int64,100,45,7,17,170,0.009440291,5.5531123529411764e-05
b8_n32_distinct,8,32,distinct,int64,100,45,8,17,170,0.009047366000000001,5.321980000000001e-05
b8_n16_duplicates_allowed,8,16,duplicates_allowed,uint8,10,46,0,21,2100,0.013745052,6.545262857142857e-06
b8_n16_duplicates_allowed,8,16,duplicates_allowed,uint8,10,46,1,21,2100,0.013589006,6.470955238095239e-06
b8_n16_duplicates_allowed,8,16,duplicates_allowed,uint8,10,46,2,21,2100,0.016498414,7.856387619047618e-06
b8_n16_duplicates_allowed,8,16,duplicates_allowed,uint8,10,46,3,21,2100,0.017615060000000002,8.38812380952381e-06
b8_n16_duplicates_allowed,8,16,duplicates_allowed,uint8,10,46,4,21,2100,0.013338466,6.3516504761904766e-06
b8_n16_duplicates_allowed,8,16,duplicates_allowed,uint8,10,46,5,21,2100,0.013368091,6.365757619047619e-06
b8_n16_duplicates_allowed,8,16,duplicates_allowed,uint8,10,46,6,21,2100,0.013162589,6.2678995238095244e-06
b8_n16_duplicates_allowed,8,16,duplicates_allowed,uint8,10,46,7,21,2100,0.013550197000000002,6.452474761904762e-06
b8_n16_duplicates_allowed,8,16,duplicates_allowed,uint8,10,46,8,21,2100,0.013123191000000001,6.249138571428572e-06
b8_n256_duplicates_allowed,8,256,duplicates_allowed,uint8,1,47,0,3,3000,0.016039318,5.346439333333333e-06
b8_n256_duplicates_allowed,8,256,duplicates_allowed,uint8,1,47,1,3,3000,0.015746915,5.248971666666667e-06
b8_n256_duplicates_allowed,8,256,duplicates_allowed,uint8,1,47,2,3,3000,0.016564524,5.521508e-06
b8_n256_duplicates_allowed,8,256,duplicates_allowed,uint8,1,47,3,3,3000,0.015360869000000001,5.120289666666667e-06
b8_n256_duplicates_allowed,8,256,duplicates_allowed,uint8,1,47,4,3,3000,0.01553267,5.177556666666667e-06
b8_n256_duplicates_allowed,8,256,duplicates_allowed,uint8,1,47,5,3,3000,0.015391486000000001,5.130495333333334e-06
b8_n256_duplicates_allowed,8,256,duplicates_allowed,uint8,1,47,6,3,3000,0.015516426000000002,5.172142000000001e-06
b8_n256_duplicates_allowed,8,256,duplicates_allowed,uint8,1,47,7,3,3000,0.015466781,5.1555936666666665e-06
b8_n256_duplicates_allowed,8,256,duplicates_allowed,uint8,1,47,8,3,3000,0.015598430000000002,5.199476666666667e-06
b8_n2_duplicates_allowed,8,2,duplicates_allowed,int64,1000,48,0,654,654,0.015637298,2.3910241590214068e-05
b8_n2_duplicates_allowed,8,2,duplicates_allowed,int64,1000,48,1,654,654,0.015201509,2.3243897553516818e-05
b8_n2_duplicates_allowed,8,2,duplicates_allowed,int64,1000,48,2,654,654,0.015082468000000002,2.3061877675840982e-05
b8_n2_duplicates_allowed,8,2,duplicates_allowed,int64,1000,48,3,654,654,0.01507695,2.305344036697248e-05
b8_n2_duplicates_allowed,8,2,duplicates_allowed,int64,1000,48,4,654,654,0.015529715000000001,2.374574159021407e-05
b8_n2_duplicates_allowed,8,2,duplicates_allowed,int64,1000,48,5,654,654,0.015107366,2.3099948012232416e-05
b8_n2_duplicates_allowed,8,2,duplicates_allowed,int64,1000,48,6,654,654,0.015058458,2.302516513761468e-05
b8_n2_duplicates_allowed,8,2,duplicates_allowed,int64,1000,48,7,654,654,0.015423947,2.3584016819571865e-05
b8_n2_duplicates_allowed,8,2,duplicates_allowed,int64,1000,48,8,654,654,0.014988497000000002,2.2918191131498472e-05
b8_n64_distinct,8,64,distinct,int64,10,49,0,9,900,0.014775675,1.6417416666666666e-05
b8_n64_distinct,8,64,distinct,int64,10,49,1,9,900,0.0143637,1.5959666666666666e-05
b8_n64_distinct,8,64,distinct,int64,10,49,2,9,900,0.014162054,1.5735615555555557e-05
b8_n64_distinct,8,64,distinct,int64,10,49,3,9,900,0.014051187000000001,1.5612430000000002e-05
b8_n64_distinct,8,64,distinct,int64,10,49,4,9,900,0.014683164,1.6314626666666665e-05
b8_n64_distinct,8,64,distinct,int64,10,49,5,9,900,0.014100602,1.5667335555555555e-05
b8_n64_distinct,8,64,distinct,int64,10,49,6,9,900,0.014830037,1.647781888888889e-05
b8_n64_distinct,8,64,distinct,int64,10,49,7,9,900,0.01435053,1.5945033333333334e-05
b8_n64_distinct,8,64,distinct,int64,10,49,8,9,900,0.015461413,1.7179347777777777e-05
b4_n4_duplicates_allowed,4,4,duplicates_allowed,uint8,1,50,0,4,4000,0.016191650000000002,4.047912500000001e-06
b4_n4_duplicates_allowed,4,4,duplicates_allowed,uint8,1,50,1,4,4000,0.016200965,4.05024125e-06
b4_n4_duplicates_allowed,4,4,duplicates_allowed,uint8,1,50,2,4,4000,0.016276749,4.06918725e-06
b4_n4_duplicates_allowed,4,4,duplicates_allowed,uint8,1,50,3,4,4000,0.016689996000000002,4.172499000000001e-06
b4_n4_duplicates_allowed,4,4,duplicates_allowed,uint8,1,50,4,4,4000,0.016393997,4.09849925e-06
b4_n4_duplicates_allowed,4,4,duplicates_allowed,uint8,1,50,5,4,4000,0.016288037000000002,4.0720092500000005e-06
b4_n4_duplicates_allowed,4,4,duplicates_allowed,uint8,1,50,6,4,4000,0.0162575,4.064375e-06
b4_n4_duplicates_allowed,4,4,duplicates_allowed,uint8,1,50,7,4,4000,0.01592083,3.9802075e-06
b4_n4_duplicates_allowed,4,4,duplicates_allowed,uint8,1,50,8,4,4000,0.016647412,4.161853e-06
b8_n256_distinct,8,256,distinct,uint8,1,51,0,3,3000,0.017236044000000002,5.745348000000001e-06
b8_n256_distinct,8,256,distinct,uint8,1,51,1,3,3000,0.017464169,5.821389666666667e-06
b8_n256_distinct,8,256,distinct,uint8,1,51,2,3,3000,0.015555096000000001,5.185032e-06
b8_n256_distinct,8,256,distinct,uint8,1,51,3,3,3000,0.015800407000000002,5.266802333333334e-06
b8_n256_distinct,8,256,distinct,uint8,1,51,4,3,3000,0.01771512,5.9050400000000005e-06
b8_n256_distinct,8,256,distinct,uint8,1,51,5,3,3000,0.015635858000000002,5.211952666666668e-06
b8_n256_distinct,8,256,distinct,uint8,1,51,6,3,3000,0.015206457000000001,5.068819000000001e-06
b8_n256_distinct,8,256,distinct,uint8,1,51,7,3,3000,0.015787759000000002,5.262586333333334e-06
b8_n256_distinct,8,256,distinct,uint8,1,51,8,3,3000,0.015294110000000001,5.098036666666667e-06
b4_n4_distinct,4,4,distinct,int64,1,52,0,4,4000,0.016854485000000002,4.21362125e-06
b4_n4_distinct,4,4,distinct,int64,1,52,1,4,4000,0.016956009,4.23900225e-06
b4_n4_distinct,4,4,distinct,int64,1,52,2,4,4000,0.01600009,4.0000225000000005e-06
b4_n4_distinct,4,4,distinct,int64,1,52,3,4,4000,0.015286760000000002,3.82169e-06
b4_n4_distinct,4,4,distinct,int64,1,52,4,4,4000,0.015274561,3.81864025e-06
b4_n4_distinct,4,4,distinct,int64,1,52,5,4,4000,0.016008893,4.00222325e-06
b4_n4_distinct,4,4,distinct,int64,1,52,6,4,4000,0.018397213000000003,4.599303250000001e-06
b4_n4_distinct,4,4,distinct,int64,1,52,7,4,4000,0.015740477,3.93511925e-06
b4_n4_distinct,4,4,distinct,int64,1,52,8,4,4000,0.015151024,3.787756e-06
b4_n4_distinct,4,4,distinct,int64,1000,53,0,455,455,0.015435995000000001,3.3925263736263736e-05
b4_n4_distinct,4,4,distinct,int64,1000,53,1,455,455,0.014887744000000001,3.272031648351649e-05
b4_n4_distinct,4,4,distinct,int64,1000,53,2,455,455,0.014762224000000001,3.244444835164835e-05
b4_n4_distinct,4,4,distinct,int64,1000,53,3,455,455,0.015276965000000002,3.357574725274726e-05
b4_n4_distinct,4,4,distinct,int64,1000,53,4,455,455,0.015680867,3.446344395604396e-05
b4_n4_distinct,4,4,distinct,int64,1000,53,5,455,455,0.015010791,3.299074945054945e-05
b4_n4_distinct,4,4,distinct,int64,1000,53,6,455,455,0.014869587,3.268041098901099e-05
b4_n4_distinct,4,4,distinct,int64,1000,53,7,455,455,0.015895542000000002,3.493525714285715e-05
b4_n4_distinct,4,4,distinct,int64,1000,53,8,455,455,0.015944946,3.504383736263737e-05
b8_n2_distinct,8,2,distinct,uint8,10,54,0,32,3200,0.016044518,5.013911875e-06
b8_n2_distinct,8,2,distinct,uint8,10,54,1,32,3200,0.015484429000000001,4.8388840625000005e-06
b8_n2_distinct,8,2,distinct,uint8,10,54,2,32,3200,0.015741928000000002,4.919352500000001e-06
b8_n2_distinct,8,2,distinct,uint8,10,54,3,32,3200,0.015401953000000001,4.8131103125e-06
b8_n2_distinct,8,2,distinct,uint8,10,54,4,32,3200,0.015514704,4.848345e-06
b8_n2_distinct,8,2,distinct,uint8,10,54,5,32,3200,0.015606204,4.87693875e-06
b8_n2_distinct,8,2,distinct,uint8,10,54,6,32,3200,0.015490067000000001,4.8406459375e-06
b8_n2_distinct,8,2,distinct,uint8,10,54,7,32,3200,0.01582831,4.946346875e-06
b8_n2_distinct,8,2,distinct,uint8,10,54,8,32,3200,0.015631341,4.8847940625e-06
b8_n64_duplicates_allowed,8,64,duplicates_allowed,uint8,1,55,0,4,4000,0.019273531,4.81838275e-06
b8_n64_duplicates_allowed,8,64,duplicates_allowed,uint8,1,55,1,4,4000,0.018799003,4.699750750000001e-06
b8_n64_duplicates_allowed,8,64,duplicates_allowed,uint8,1,55,2,4,4000,0.018663747,4.66593675e-06
b8_n64_duplicates_allowed,8,64,duplicates_allowed,uint8,1,55,3,4,4000,0.018631338,4.6578345e-06
b8_n64_duplicates_allowed,8,64,duplicates_allowed,uint8,1,55,4,4,4000,0.018787375000000002,4.69684375e-06
b8_n64_duplicates_allowed,8,64,duplicates_allowed,uint8,1,55,5,4,4000,0.018993978,4.7484945e-06
b8_n64_duplicates_allowed,8,64,duplicates_allowed,uint8,1,55,6,4,4000,0.018863981000000002,4.715995250000001e-06
b8_n64_duplicates_allowed,8,64,duplicates_allowed,uint8,1,55,7,4,4000,0.018671088000000002,4.6677720000000005e-06
b8_n64_duplicates_allowed,8,64,duplicates_allowed,uint8,1,55,8,4,4000,0.018856058000000002,4.714014500000001e-06
b8_n2_distinct,8,2,distinct,int64,100,56,0,254,2540,0.015239778,5.999912598425197e-06
b8_n2_distinct,8,2,distinct,int64,100,56,1,254,2540,0.015836022,6.234654330708662e-06
b8_n2_distinct,8,2,distinct,int64,100,56,2,254,2540,0.015807198,6.223306299212599e-06
b8_n2_distinct,8,2,distinct,int64,100,56,3,254,2540,0.015618842,6.149150393700788e-06
b8_n2_distinct,8,2,distinct,int64,100,56,4,254,2540,0.015396987,6.061805905511811e-06
b8_n2_distinct,8,2,distinct,int64,100,56,5,254,2540,0.015284415,6.017486220472441e-06
b8_n2_distinct,8,2,distinct,int64,100,56,6,254,2540,0.015492672,6.099477165354331e-06
b8_n2_distinct,8,2,distinct,int64,100,56,7,254,2540,0.015078443,5.936394881889764e-06
b8_n2_distinct,8,2,distinct,int64,100,56,8,254,2540,0.015005943,5.9078515748031495e-06
b8_n256_duplicates_allowed,8,256,duplicates_allowed,uint8,10,57,0,9,900,0.015583158000000001,1.7314620000000003e-05
b8_n256_duplicates_allowed,8,256,duplicates_allowed,uint8,10,57,1,9,900,0.015224515000000001,1.6916127777777778e-05
b8_n256_duplicates_allowed,8,256,duplicates_allowed,uint8,10,57,2,9,900,0.015827319,1.7585909999999998e-05
b8_n256_duplicates_allowed,8,256,duplicates_allowed,uint8,10,57,3,9,900,0.015300771000000001,1.7000856666666668e-05
b8_n256_duplicates_allowed,8,256,duplicates_allowed,uint8,10,57,4,9,900,0.015275101000000001,1.6972334444444445e-05
b8_n256_duplicates_allowed,8,256,duplicates_allowed,uint8,10,57,5,9,900,0.01514205,1.68245e-05
b8_n256_duplicates_allowed,8,256,duplicates_allowed,uint8,10,57,6,9,900,0.015373711000000002,1.708190111111111e-05
b8_n256_duplicates_allowed,8,256,duplicates_allowed,uint8,10,57,7,9,900,0.015487414000000001,1.720823777777778e-05
b8_n256_duplicates_allowed,8,256,duplicates_allowed,uint8,10,57,8,9,900,0.015114799000000002,1.6794221111111112e-05
b8_n256_duplicates_allowed,8,256,duplicates_allowed,int64,10,58,0,2,200,0.014847684000000002,7.423842e-05
b8_n256_duplicates_allowed,8,256,duplicates_allowed,int64,10,58,1,2,200,0.014812791,7.4063955e-05
b8_n256_duplicates_allowed,8,256,duplicates_allowed,int64,10,58,2,2,200,0.015176852000000001,7.588426000000001e-05
b8_n256_duplicates_allowed,8,256,duplicates_allowed,int64,10,58,3,2,200,0.014981186,7.490593e-05
b8_n256_duplicates_allowed,8,256,duplicates_allowed,int64,10,58,4,2,200,0.01495715,7.478575000000001e-05
b8_n256_duplicates_allowed,8,256,duplicates_allowed,int64,10,58,5,2,200,0.015111664,7.555832e-05
b8_n256_duplicates_allowed,8,256,duplicates_allowed,int64,10,58,6,2,200,0.014859271,7.4296355e-05
b8_n256_duplicates_allowed,8,256,duplicates_allowed,int64,10,58,7,2,200,0.015006234,7.503117e-05
b8_n256_duplicates_allowed,8,256,duplicates_allowed,int64,10,58,8,2,200,0.015156111000000002,7.578055500000001e-05
b8_n8_duplicates_allowed,8,8,duplicates_allowed,int64,1000,59,0,250,250,0.014790848,5.9163392e-05
b8_n8_duplicates_allowed,8,8,duplicates_allowed,int64,1000,59,1,250,250,0.014833572000000001,5.9334288000000006e-05
b8_n8_duplicates_allowed,8,8,duplicates_allowed,int64,1000,59,2,250,250,0.014131278,5.6525112000000005e-05
b8_n8_duplicates_allowed,8,8,duplicates_allowed,int64,1000,59,3,250,250,0.014459615,5.783846e-05
b8_n8_duplicates_allowed,8,8,duplicates_allowed,int64,1000,59,4,250,250,0.014386875,5.7547500000000004e-05
b8_n8_duplicates_allowed,8,8,duplicates_allowed,int64,1000,59,5,250,250,0.014073651000000001,5.6294604000000006e-05
b8_n8_duplicates_allowed,8,8,duplicates_allowed,int64,1000,59,6,250,250,0.014347205,5.738882e-05
b8_n8_duplicates_allowed,8,8,duplicates_allowed,int64,1000,59,7,250,250,0.014738748000000001,5.8954992000000005e-05
b8_n8_duplicates_allowed,8,8,duplicates_allowed,int64,1000,59,8,250,250,0.014262256000000001,5.7049024e-05
b8_n16_distinct,8,16,distinct,uint8,10,60,0,25,2500,0.015915162,6.3660648e-06
b8_n16_distinct,8,16,distinct,uint8,10,60,1,25,2500,0.015975704,6.3902816e-06
b8_n16_distinct,8,16,distinct,uint8,10,60,2,25,2500,0.015807298,6.3229192e-06
b8_n16_distinct,8,16,distinct,uint8,10,60,3,25,2500,0.015803553,6.321421200000001e-06
b8_n16_distinct,8,16,distinct,uint8,10,60,4,25,2500,0.015723812,6.2895248e-06
b8_n16_distinct,8,16,distinct,uint8,10,60,5,25,2500,0.015809001,6.3236004e-06
b8_n16_distinct,8,16,distinct,uint8,10,60,6,25,2500,0.015701117,6.2804468e-06
b8_n16_distinct,8,16,distinct,uint8,10,60,7,25,2500,0.015374893,6.1499572e-06
b8_n16_distinct,8,16,distinct,uint8,10,60,8,25,2500,0.015381663,6.1526652e-06
b8_n128_distinct,8,128,distinct,uint8,100,61,0,20,200,0.015368704,7.684352e-05
b8_n128_distinct,8,128,distinct,uint8,100,61,1,20,200,0.015378578,7.689289e-05
b8_n128_distinct,8,128,distinct,uint8,100,61,2,20,200,0.015542406000000002,7.771203e-05
b8_n128_distinct,8,128,distinct,uint8,100,61,3,20,200,0.015561375,7.780687500000001e-05
b8_n128_distinct,8,128,distinct,uint8,100,61,4,20,200,0.015430006000000001,7.715003000000001e-05
b8_n128_distinct,8,128,distinct,uint8,100,61,5,20,200,0.015721648,7.860824000000001e-05
b8_n128_distinct,8,128,distinct,uint8,100,61,6,20,200,0.015381763000000001,7.690881500000001e-05
b8_n128_distinct,8,128,distinct,uint8,100,61,7,20,200,0.015548176,7.774088e-05
b8_n128_distinct,8,128,distinct,uint8,100,61,8,20,200,0.015946539000000003,7.973269500000002e-05
b8_n128_duplicates_allowed,8,128,duplicates_allowed,int64,1,62,0,3,3000,0.020787035000000002,6.929011666666667e-06
b8_n128_duplicates_allowed,8,128,duplicates_allowed,int64,1,62,1,3,3000,0.020481603,6.827201000000001e-06
b8_n128_duplicates_allowed,8,128,duplicates_allowed,int64,1,62,2,3,3000,0.020891414,6.9638046666666665e-06
b8_n128_duplicates_allowed,8,128,duplicates_allowed,int64,1,62,3,3,3000,0.02020945,6.736483333333333e-06
b8_n128_duplicates_allowed,8,128,duplicates_allowed,int64,1,62,4,3,3000,0.020780356,6.926785333333333e-06
b8_n128_duplicates_allowed,8,128,duplicates_allowed,int64,1,62,5,3,3000,0.020166866000000002,6.722288666666668e-06
b8_n128_duplicates_allowed,8,128,duplicates_allowed,int64,1,62,6,3,3000,0.020506119,6.835373e-06
b8_n128_duplicates_allowed,8,128,duplicates_allowed,int64,1,62,7,3,3000,0.020412478,6.8041593333333335e-06
b8_n128_duplicates_allowed,8,128,duplicates_allowed,int64,1,62,8,3,3000,0.021600037000000002,7.200012333333334e-06
b4_n2_duplicates_allowed,4,2,duplicates_allowed,int64,1000,63,0,607,607,0.016950301,2.792471334431631e-05
b4_n2_duplicates_allowed,4,2,duplicates_allowed,int64,1000,63,1,607,607,0.013908791,2.2913988467874795e-05
b4_n2_duplicates_allowed,4,2,duplicates_allowed,int64,1000,63,2,607,607,0.014256437,2.3486716639209226e-05
b4_n2_duplicates_allowed,4,2,duplicates_allowed,int64,1000,63,3,607,607,0.01391502,2.2924250411861615e-05
b4_n2_duplicates_allowed,4,2,duplicates_allowed,int64,1000,63,4,607,607,0.013932356000000002,2.2952810543657335e-05
b4_n2_duplicates_allowed,4,2,duplicates_allowed,int64,1000,63,5,607,607,0.014298431,2.3555899505766063e-05
b4_n2_duplicates_allowed,4,2,duplicates_allowed,int64,1000,63,6,607,607,0.013844182,2.280754859967051e-05
b4_n2_duplicates_allowed,4,2,duplicates_allowed,int64,1000,63,7,607,607,0.013967039,2.3009948929159804e-05
b4_n2_duplicates_allowed,4,2,duplicates_allowed,int64,1000,63,8,607,607,0.014171028,2.3346009884678748e-05
b8_n2_duplicates_allowed,8,2,duplicates_allowed,int64,10,64,0,37,3700,0.015587455000000002,4.212825675675676e-06
b8_n2_duplicates_allowed,8,2,duplicates_allowed,int64,10,64,1,37,3700,0.015343234,4.14682e-06
b8_n2_duplicates_allowed,8,2,duplicates_allowed,int64,10,64,2,37,3700,0.015324095000000001,4.141647297297298e-06
b8_n2_duplicates_allowed,8,2,duplicates_allowed,int64,10,64,3,37,3700,0.015389936000000002,4.1594421621621625e-06
b8_n2_duplicates_allowed,8,2,duplicates_allowed,int64,10,64,4,37,3700,0.016185862000000002,4.3745572972972976e-06
b8_n2_duplicates_allowed,8,2,duplicates_allowed,int64,10,64,5,37,3700,0.018776258,5.074664324324324e-06
b8_n2_duplicates_allowed,8,2,duplicates_allowed,int64,10,64,6,37,3700,0.015975283,4.317644054054054e-06
b8_n2_duplicates_allowed,8,2,duplicates_allowed,int64,10,64,7,37,3700,0.015193328,4.106304864864865e-06
b8_n2_duplicates_allowed,8,2,duplicates_allowed,int64,10,64,8,37,3700,0.015511539000000001,4.1923078378378384e-06
b8_n32_distinct,8,32,distinct,int64,1000,65,0,34,34,0.016277751,0.0004787573823529412
b8_n32_distinct,8,32,distinct,int64,1000,65,1,34,34,0.018572538,0.0005462511176470589
b8_n32_distinct,8,32,distinct,int64,1000,65,2,34,34,0.015479030000000001,0.00045526558823529413
b8_n32_distinct,8,32,distinct,int64,1000,65,3,34,34,0.015786035,0.00046429514705882355
b8_n32_distinct,8,32,distinct,int64,1000,65,4,34,34,0.015528616,0.000456724
b8_n32_distinct,8,32,distinct,int64,1000,65,5,34,34,0.015846517,0.0004660740294117647
b8_n32_distinct,8,32,distinct,int64,1000,65,6,34,34,0.015602738000000001,0.00045890405882352943
b8_n32_distinct,8,32,distinct,int64,1000,65,7,34,34,0.015413461000000002,0.0004533370882352942
b8_n32_distinct,8,32,distinct,int64,1000,65,8,34,34,0.015324266000000001,0.000450713705882353
b8_n2_duplicates_allowed,8,2,duplicates_allowed,int64,100,66,0,258,2580,0.016735124,6.4864821705426355e-06
b8_n2_duplicates_allowed,8,2,duplicates_allowed,int64,100,66,1,258,2580,0.015207439000000001,5.894356201550388e-06
b8_n2_duplicates_allowed,8,2,duplicates_allowed,int64,100,66,2,258,2580,0.015470558,5.99634031007752e-06
b8_n2_duplicates_allowed,8,2,duplicates_allowed,int64,100,66,3,258,2580,0.015342564000000001,5.94673023255814e-06
b8_n2_duplicates_allowed,8,2,duplicates_allowed,int64,100,66,4,258,2580,0.01516335,5.877267441860466e-06
b8_n2_duplicates_allowed,8,2,duplicates_allowed,int64,100,66,5,258,2580,0.015332154,5.942695348837209e-06
b8_n2_duplicates_allowed,8,2,duplicates_allowed,int64,100,66,6,258,2580,0.015198061,5.890721317829457e-06
b8_n2_duplicates_allowed,8,2,duplicates_allowed,int64,100,66,7,258,2580,0.020862786,8.086351162790698e-06
b8_n2_duplicates_allowed,8,2,duplicates_allowed,int64,100,66,8,258,2580,0.015198712000000001,5.8909736434108536e-06
b8_n64_duplicates_allowed,8,64,duplicates_allowed,int64,1000,67,0,13,13,0.014786827,0.0011374482307692309
b8_n64_duplicates_allowed,8,64,duplicates_allowed,int64,1000,67,1,13,13,0.014092706000000002,0.001084054307692308
b8_n64_duplicates_allowed,8,64,duplicates_allowed,int64,1000,67,2,13,13,0.015086913,0.0011605317692307692
b8_n64_duplicates_allowed,8,64,duplicates_allowed,int64,1000,67,3,13,13,0.014155462,0.0010888816923076924
b8_n64_duplicates_allowed,8,64,duplicates_allowed,int64,1000,67,4,13,13,0.014114489000000001,0.0010857299230769232
b8_n64_duplicates_allowed,8,64,duplicates_allowed,int64,1000,67,5,13,13,0.013915728,0.0010704406153846154
b8_n64_duplicates_allowed,8,64,duplicates_allowed,int64,1000,67,6,13,13,0.014149081,0.0010883908461538463
b8_n64_duplicates_allowed,8,64,duplicates_allowed,int64,1000,67,7,13,13,0.016383087,0.0012602374615384615
b8_n64_duplicates_allowed,8,64,duplicates_allowed,int64,1000,67,8,13,13,0.01414778,0.0010882907692307694
b8_n64_duplicates_allowed,8,64,duplicates_allowed,uint8,1000,68,0,32,32,0.014231246000000001,0.00044472643750000004
b8_n64_duplicates_allowed,8,64,duplicates_allowed,uint8,1000,68,1,32,32,0.014187680000000001,0.00044336500000000004
b8_n64_duplicates_allowed,8,64,duplicates_allowed,uint8,1000,68,2,32,32,0.014276735,0.00044614796875
b8_n64_duplicates_allowed,8,64,duplicates_allowed,uint8,1000,68,3,32,32,0.014251617000000001,0.00044536303125000004
b8_n64_duplicates_allowed,8,64,duplicates_allowed,uint8,1000,68,4,32,32,0.014218547000000002,0.00044432959375000005
b8_n64_duplicates_allowed,8,64,duplicates_allowed,uint8,1000,68,5,32,32,0.014272609,0.00044601903125
b8_n64_duplicates_allowed,8,64,duplicates_allowed,uint8,1000,68,6,32,32,0.014375785,0.00044924328125
b8_n64_duplicates_allowed,8,64,duplicates_allowed,uint8,1000,68,7,32,32,0.014235132000000001,0.00044484787500000003
b8_n64_duplicates_allowed,8,64,duplicates_allowed,uint8,1000,68,8,32,32,0.014193269000000001,0.00044353965625000004
b4_n2_distinct,4,2,distinct,int64,10,69,0,34,3400,0.014359450000000001,4.223367647058824e-06
b4_n2_distinct,4,2,distinct,int64,10,69,1,34,3400,0.014065054,4.136780588235294e-06
b4_n2_distinct,4,2,distinct,int64,10,69,2,34,3400,0.014021499000000002,4.123970294117648e-06
b4_n2_distinct,4,2,distinct,int64,10,69,3,34,3400,0.014007958000000001,4.119987647058824e-06
b4_n2_distinct,4,2,distinct,int64,10,69,4,34,3400,0.014037242,4.1286005882352945e-06
b4_n2_distinct,4,2,distinct,int64,10,69,5,34,3400,0.014122771000000001,4.153756176470589e-06
b4_n2_distinct,4,2,distinct,int64,10,69,6,34,3400,0.013991432000000002,4.11512705882353e-06
b4_n2_distinct,4,2,distinct,int64,10,69,7,34,3400,0.014363336,4.2245105882352946e-06
b4_n2_distinct,4,2,distinct,int64,10,69,8,34,3400,0.014235473,4.186903823529412e-06
b8_n16_distinct,8,16,distinct,int64,10,70,0,25,2500,0.013439606000000002,5.375842400000001e-06
b8_n16_distinct,8,16,distinct,int64,10,70,1,25,2500,0.014072004,5.6288016e-06
b8_n16_distinct,8,16,distinct,int64,10,70,2,25,2500,0.013048764000000001,5.219505600000001e-06
b8_n16_distinct,8,16,distinct,int64,10,70,3,25,2500,0.013578857000000001,5.431542800000001e-06
b8_n16_distinct,8,16,distinct,int64,10,70,4,25,2500,0.013024528,5.2098112000000005e-06
b8_n16_distinct,8,16,distinct,int64,10,70,5,25,2500,0.013399956000000001,5.3599824e-06
b8_n16_distinct,8,16,distinct,int64,10,70,6,25,2500,0.012964997,5.1859988e-06
b8_n16_distinct,8,16,distinct,int64,10,70,7,25,2500,0.01311835,5.24734e-06
b8_n16_distinct,8,16,distinct,int64,10,70,8,25,2500,0.012983776,5.1935104e-06
b4_n16_distinct,4,16,distinct,uint8,1000,71,0,74,74,0.015313596,0.0002069404864864865
b4_n16_distinct,4,16,distinct,uint8,1000,71,1,74,74,0.015340687,0.00020730658108108108
b4_n16_distinct,4,16,distinct,uint8,1000,71,2,74,74,0.015271151,0.00020636690540540542
b4_n16_distinct,4,16,distinct,uint8,1000,71,3,74,74,0.015241728000000001,0.00020596929729729731
b4_n16_distinct,4,16,distinct,uint8,1000,71,4,74,74,0.015384704,0.00020790140540540543
b4_n16_distinct,4,16,distinct,uint8,1000,71,5,74,74,0.015384984,0.0002079051891891892
b4_n16_distinct,4,16,distinct,uint8,1000,71,6,74,74,0.015536214000000001,0.00020994883783783785
b4_n16_distinct,4,16,distinct,uint8,1000,71,7,74,74,0.015341859000000001,0.00020732241891891894
b4_n16_distinct,4,16,distinct,uint8,1000,71,8,74,74,0.015526839,0.00020982214864864865
b8_n16_distinct,8,16,distinct,int64,1000,72,0,85,85,0.009179701,0.00010799648235294117
b8_n16_distinct,8,16,distinct,int64,1000,72,1,85,85,0.009842496000000001,0.0001157940705882353
b8_n16_distinct,8,16,distinct,int64,1000,72,2,85,85,0.00901441,0.00010605188235294118
b8_n16_distinct,8,16,distinct,int64,1000,72,3,85,85,0.008942241,0.00010520283529411765
b8_n16_distinct,8,16,distinct,int64,1000,72,4,85,85,0.009071477000000001,0.00010672325882352942
b8_n16_distinct,8,16,distinct,int64,1000,72,5,85,85,0.009021371,0.00010613377647058823
b8_n16_distinct,8,16,distinct,int64,1000,72,6,85,85,0.009045448000000001,0.00010641703529411767
b8_n16_distinct,8,16,distinct,int64,1000,72,7,85,85,0.009295716,0.00010936136470588237
b8_n16_distinct,8,16,distinct,int64,1000,72,8,85,85,0.009006237,0.00010595572941176471
b8_n4_duplicates_allowed,8,4,duplicates_allowed,int64,100,73,0,212,2120,0.014797444000000002,6.9799264150943405e-06
b8_n4_duplicates_allowed,8,4,duplicates_allowed,int64,100,73,1,212,2120,0.014659956000000002,6.915073584905661e-06
b8_n4_duplicates_allowed,8,4,duplicates_allowed,int64,100,73,2,212,2120,0.014767779000000002,6.965933490566039e-06
b8_n4_duplicates_allowed,8,4,duplicates_allowed,int64,100,73,3,212,2120,0.014666686000000002,6.918248113207548e-06
b8_n4_duplicates_allowed,8,4,duplicates_allowed,int64,100,73,4,212,2120,0.014968293,7.0605155660377365e-06
b8_n4_duplicates_allowed,8,4,duplicates_allowed,int64,100,73,5,212,2120,0.014515076000000002,6.846733962264152e-06
b8_n4_duplicates_allowed,8,4,duplicates_allowed,int64,100,73,6,212,2120,0.014932208,7.0434943396226415e-06
b8_n4_duplicates_allowed,8,4,duplicates_allowed,int64,100,73,7,212,2120,0.014656491,6.913439150943396e-06
b8_n4_duplicates_allowed,8,4,duplicates_allowed,int64,100,73,8,212,2120,0.015045981000000002,7.097160849056605e-06
b4_n4_duplicates_allowed,4,4,duplicates_allowed,int64,100,74,0,211,2110,0.014700827000000001,6.9672165876777256e-06
b4_n4_duplicates_allowed,4,4,duplicates_allowed,int64,100,74,1,211,2110,0.017554502,8.319669194312797e-06
b4_n4_duplicates_allowed,4,4,duplicates_allowed,int64,100,74,2,211,2110,0.014763172000000001,6.996763981042655e-06
b4_n4_duplicates_allowed,4,4,duplicates_allowed,int64,100,74,3,211,2110,0.014988844000000001,7.103717535545024e-06
b4_n4_duplicates_allowed,4,4,duplicates_allowed,int64,100,74,4,211,2110,0.014783904,7.006589573459716e-06
b4_n4_duplicates_allowed,4,4,duplicates_allowed,int64,100,74,5,211,2110,0.014766226,6.998211374407583e-06
b4_n4_duplicates_allowed,4,4,duplicates_allowed,int64,100,74,6,211,2110,0.015060733000000001,7.137788151658768e-06
b4_n4_duplicates_allowed,4,4,duplicates_allowed,int64,100,74,7,211,2110,0.014587395000000001,6.913457345971564e-06
b4_n4_duplicates_allowed,4,4,duplicates_allowed,int64,100,74,8,211,2110,0.014735631,6.9837113744075835e-06
b8_n64_distinct,8,64,distinct,int64,100,75,0,11,110,0.013548482,0.0001231680181818182
b8_n64_distinct,8,64,distinct,int64,100,75,1,11,110,0.013643315000000001,0.00012403013636363638
b8_n64_distinct,8,64,distinct,int64,100,75,2,11,110,0.013338453,0.00012125866363636363
b8_n64_distinct,8,64,distinct,int64,100,75,3,11,110,0.013388789000000002,0.00012171626363636365
b8_n64_distinct,8,64,distinct,int64,100,75,4,11,110,0.023265306000000003,0.00021150278181818186
b8_n64_distinct,8,64,distinct,int64,100,75,5,11,110,0.013917951000000001,0.00012652682727272728
b8_n64_distinct,8,64,distinct,int64,100,75,6,11,110,0.013692509,0.00012447735454545455
b8_n64_distinct,8,64,distinct,int64,100,75,7,11,110,0.013770929000000001,0.00012519026363636365
b8_n64_distinct,8,64,distinct,int64,100,75,8,11,110,0.013366796,0.00012151632727272728
b8_n256_duplicates_allowed,8,256,duplicates_allowed,uint8,100,76,0,12,120,0.016765997,0.00013971664166666668
b8_n256_duplicates_allowed,8,256,duplicates_allowed,uint8,100,76,1,12,120,0.017268348000000003,0.00014390290000000001
b8_n256_duplicates_allowed,8,256,duplicates_allowed,uint8,100,76,2,12,120,0.016764656000000003,0.00013970546666666669
b8_n256_duplicates_allowed,8,256,duplicates_allowed,uint8,100,76,3,12,120,0.016829413,0.00014024510833333335
b8_n256_duplicates_allowed,8,256,duplicates_allowed,uint8,100,76,4,12,120,0.016976306,0.00014146921666666667
b8_n256_duplicates_allowed,8,256,duplicates_allowed,uint8,100,76,5,12,120,0.016593015000000003,0.00013827512500000003
b8_n256_duplicates_allowed,8,256,duplicates_allowed,uint8,100,76,6,12,120,0.017103739,0.00014253115833333334
b8_n256_duplicates_allowed,8,256,duplicates_allowed,uint8,100,76,7,12,120,0.01694589,0.00014121575000000002
b8_n256_duplicates_allowed,8,256,duplicates_allowed,uint8,100,76,8,12,120,0.016760148000000002,0.0001396679
b4_n4_duplicates_allowed,4,4,duplicates_allowed,uint8,10,77,0,29,2900,0.015866934000000003,5.471356551724139e-06
b4_n4_duplicates_allowed,4,4,duplicates_allowed,uint8,10,77,1,29,2900,0.015512137,5.3490127586206895e-06
b4_n4_duplicates_allowed,4,4,duplicates_allowed,uint8,10,77,2,29,2900,0.015519198000000001,5.351447586206897e-06
b4_n4_duplicates_allowed,4,4,duplicates_allowed,uint8,10,77,3,29,2900,0.015456763,5.329918275862069e-06
b4_n4_duplicates_allowed,4,4,duplicates_allowed,uint8,10,77,4,29,2900,0.015445766000000001,5.326126206896552e-06
b4_n4_duplicates_allowed,4,4,duplicates_allowed,uint8,10,77,5,29,2900,0.016313101,5.62520724137931e-06
b4_n4_duplicates_allowed,4,4,duplicates_allowed,uint8,10,77,6,29,2900,0.015703347,5.41494724137931e-06
b4_n4_duplicates_allowed,4,4,duplicates_allowed,uint8,10,77,7,29,2900,0.01645057,5.672610344827587e-06
b4_n4_duplicates_allowed,4,4,duplicates_allowed,uint8,10,77,8,29,2900,0.01573874,5.427151724137932e-06
b8_n128_distinct,8,128,distinct,uint8,1,78,0,4,4000,0.017907847,4.47696175e-06
b8_n128_distinct,8,128,distinct,uint8,1,78,1,4,4000,0.018075261000000002,4.518815250000001e-06
b8_n128_distinct,8,128,distinct,uint8,1,78,2,4,4000,0.018491422,4.6228555e-06
b8_n128_distinct,8,128,distinct,uint8,1,78,3,4,4000,0.018340593000000002,4.585148250000001e-06
b8_n128_distinct,8,128,distinct,uint8,1,78,4,4,4000,0.01789599,4.4739975000000005e-06
b8_n128_distinct,8,128,distinct,uint8,1,78,5,4,4000,0.0189655,4.741375e-06
b8_n128_distinct,8,128,distinct,uint8,1,78,6,4,4000,0.01779702,4.449255e-06
b8_n128_distinct,8,128,distinct,uint8,1,78,7,4,4000,0.01859562,4.648905e-06
b8_n128_distinct,8,128,distinct,uint8,1,78,8,4,4000,0.028122056000000003,7.030514000000001e-06
b4_n2_distinct,4,2,distinct,int64,1000,79,0,519,519,0.012127297,2.3366660886319848e-05
b4_n2_distinct,4,2,distinct,int64,1000,79,1,519,519,0.012053576000000002,2.3224616570327556e-05
b4_n2_distinct,4,2,distinct,int64,1000,79,2,519,519,0.0123326,2.3762235067437382e-05
b4_n2_distinct,4,2,distinct,int64,1000,79,3,519,519,0.012262102,2.3626400770712912e-05
b4_n2_distinct,4,2,distinct,int64,1000,79,4,519,519,0.012016069,2.3152348747591523e-05
b4_n2_distinct,4,2,distinct,int64,1000,79,5,519,519,0.012419330000000001,2.3929344894026977e-05
b4_n2_distinct,4,2,distinct,int64,1000,79,6,519,519,0.011810587,2.2756429672447016e-05
b4_n2_distinct,4,2,distinct,int64,1000,79,7,519,519,0.011891241,2.2911832369942196e-05
b4_n2_distinct,4,2,distinct,int64,1000,79,8,519,519,0.012041538000000001,2.3201421965317922e-05
b8_n4_distinct,8,4,distinct,uint8,1000,80,0,94,94,0.014768880000000002,0.00015711574468085107
b8_n4_distinct,8,4,distinct,uint8,1000,80,1,94,94,0.014402996000000001,0.00015322336170212766
b8_n4_distinct,8,4,distinct,uint8,1000,80,2,94,94,0.013842136000000001,0.00014725676595744682
b8_n4_distinct,8,4,distinct,uint8,1000,80,3,94,94,0.013827614,0.00014710227659574468
b8_n4_distinct,8,4,distinct,uint8,1000,80,4,94,94,0.014195481000000001,0.00015101575531914895
b8_n4_distinct,8,4,distinct,uint8,1000,80,5,94,94,0.013739892,0.00014616906382978724
b8_n4_distinct,8,4,distinct,uint8,1000,80,6,94,94,0.013804389,0.00014685520212765957
b8_n4_distinct,8,4,distinct,uint8,1000,80,7,94,94,0.013694473,0.00014568588297872342
b8_n4_distinct,8,4,distinct,uint8,1000,80,8,94,94,0.014026205000000002,0.00014921494680851066
b8_n16_distinct,8,16,distinct,int64,1,81,0,4,4000,0.016029111000000002,4.0072777500000005e-06
b8_n16_distinct,8,16,distinct,int64,1,81,1,4,4000,0.016484691000000003,4.121172750000001e-06
b8_n16_distinct,8,16,distinct,int64,1,81,2,4,4000,0.016324258,4.0810645e-06
b8_n16_distinct,8,16,distinct,int64,1,81,3,4,4000,0.015941388,3.985347e-06
b8_n16_distinct,8,16,distinct,int64,1,81,4,4,4000,0.016427454,4.106863500000001e-06
b8_n16_distinct,8,16,distinct,int64,1,81,5,4,4000,0.015907065,3.97676625e-06
b8_n16_distinct,8,16,distinct,int64,1,81,6,4,4000,0.01595632,3.98908e-06
b8_n16_distinct,8,16,distinct,int64,1,81,7,4,4000,0.016822578,4.2056445e-06
b8_n16_distinct,8,16,distinct,int64,1,81,8,4,4000,0.016222804,4.055701e-06
b4_n16_duplicates_allowed,4,16,duplicates_allowed,int64,1000,82,0,87,87,0.009771839000000001,0.00011231998850574714
b4_n16_duplicates_allowed,4,16,duplicates_allowed,int64,1000,82,1,87,87,0.009618335,0.00011055557471264369
b4_n16_duplicates_allowed,4,16,duplicates_allowed,int64,1000,82,2,87,87,0.009461638000000001,0.00010875445977011496
b4_n16_duplicates_allowed,4,16,duplicates_allowed,int64,1000,82,3,87,87,0.009566367000000001,0.00010995824137931036
b4_n16_duplicates_allowed,4,16,duplicates_allowed,int64,1000,82,4,87,87,0.009985873000000001,0.00011478014942528737
b4_n16_duplicates_allowed,4,16,duplicates_allowed,int64,1000,82,5,87,87,0.010002928000000001,0.000114976183908046
b4_n16_duplicates_allowed,4,16,duplicates_allowed,int64,1000,82,6,87,87,0.00930429,0.00010694586206896552
b4_n16_duplicates_allowed,4,16,duplicates_allowed,int64,1000,82,7,87,87,0.009155555000000001,0.0001052362643678161
b4_n16_duplicates_allowed,4,16,duplicates_allowed,int64,1000,82,8,87,87,0.009744207000000001,0.00011200237931034484
b4_n2_distinct,4,2,distinct,uint8,100,83,0,82,820,0.010429375000000001,1.271875e-05
b4_n2_distinct,4,2,distinct,uint8,100,83,1,82,820,0.011096275000000001,1.3532042682926831e-05
b4_n2_distinct,4,2,distinct,uint8,100,83,2,82,820,0.011810738000000001,1.4403339024390246e-05
b4_n2_distinct,4,2,distinct,uint8,100,83,3,82,820,0.011121053,1.3562259756097562e-05
b4_n2_distinct,4,2,distinct,uint8,100,83,4,82,820,0.010550288000000001,1.2866204878048783e-05
b4_n2_distinct,4,2,distinct,uint8,100,83,5,82,820,0.010765664000000001,1.3128858536585368e-05
b4_n2_distinct,4,2,distinct,uint8,100,83,6,82,820,0.013285253,1.620152804878049e-05
b4_n2_distinct,4,2,distinct,uint8,100,83,7,82,820,0.01014191,1.2368182926829269e-05
b4_n2_distinct,4,2,distinct,uint8,100,83,8,82,820,0.010662348,1.3002863414634147e-05
b8_n2_distinct,8,2,distinct,int64,1000,84,0,635,635,0.014791655,2.3293944881889764e-05
b8_n2_distinct,8,2,distinct,int64,1000,84,1,635,635,0.01519063,2.392225196850394e-05
b8_n2_distinct,8,2,distinct,int64,1000,84,2,635,635,0.015183278000000001,2.3910674015748033e-05
b8_n2_distinct,8,2,distinct,int64,1000,84,3,635,635,0.015384033000000002,2.4226823622047247e-05
b8_n2_distinct,8,2,distinct,int64,1000,84,4,635,635,0.015884231000000002,2.501453700787402e-05
b8_n2_distinct,8,2,distinct,int64,1000,84,5,635,635,0.015339775000000002,2.415712598425197e-05
b8_n2_distinct,8,2,distinct,int64,1000,84,6,635,635,0.015295508000000001,2.408741417322835e-05
b8_n2_distinct,8,2,distinct,int64,1000,84,7,635,635,0.015822407,2.4917176377952756e-05
b8_n2_distinct,8,2,distinct,int64,1000,84,8,635,635,0.019031060000000002,2.997017322834646e-05
b8_n256_duplicates_allowed,8,256,duplicates_allowed,int64,1,85,0,2,2000,0.023829662,1.1914831000000001e-05
b8_n256_duplicates_allowed,8,256,duplicates_allowed,int64,1,85,1,2,2000,0.022143546,1.1071773e-05
b8_n256_duplicates_allowed,8,256,duplicates_allowed,int64,1,85,2,2,2000,0.022942126,1.1471063e-05
b8_n256_duplicates_allowed,8,256,duplicates_allowed,int64,1,85,3,2,2000,0.022237859000000002,1.11189295e-05
b8_n256_duplicates_allowed,8,256,duplicates_allowed,int64,1,85,4,2,2000,0.022962417000000002,1.1481208500000001e-05
b8_n256_duplicates_allowed,8,256,duplicates_allowed,int64,1,85,5,2,2000,0.022415419000000002,1.12077095e-05
b8_n256_duplicates_allowed,8,256,duplicates_allowed,int64,1,85,6,2,2000,0.022550804,1.1275402000000001e-05
b8_n256_duplicates_allowed,8,256,duplicates_allowed,int64,1,85,7,2,2000,0.02245654,1.122827e-05
b8_n256_duplicates_allowed,8,256,duplicates_allowed,int64,1,85,8,2,2000,0.021875210000000003,1.0937605e-05
b8_n32_distinct,8,32,distinct,int64,1,86,0,4,4000,0.017938734,4.4846835e-06
b8_n32_distinct,8,32,distinct,int64,1,86,1,4,4000,0.017741125,4.43528125e-06
b8_n32_distinct,8,32,distinct,int64,1,86,2,4,4000,0.017686452000000002,4.421613000000001e-06
b8_n32_distinct,8,32,distinct,int64,1,86,3,4,4000,0.017371375,4.342843750000001e-06
b8_n32_distinct,8,32,distinct,int64,1,86,4,4,4000,0.017433078,4.3582695e-06
b8_n32_distinct,8,32,distinct,int64,1,86,5,4,4000,0.018012046,4.5030115e-06
b8_n32_distinct,8,32,distinct,int64,1,86,6,4,4000,0.017906635,4.47665875e-06
b8_n32_distinct,8,32,distinct,int64,1,86,7,4,4000,0.017994239000000002,4.49855975e-06
b8_n32_distinct,8,32,distinct,int64,1,86,8,4,4000,0.01816036,4.54009e-06
b8_n128_distinct,8,128,distinct,uint8,10,87,0,14,1400,0.019903342,1.4216672857142857e-05
b8_n128_distinct,8,128,distinct,uint8,10,87,1,14,1400,0.031275094,2.233935285714286e-05
b8_n128_distinct,8,128,distinct,uint8,10,87,2,14,1400,0.017578458,1.255604142857143e-05
b8_n128_distinct,8,128,distinct,uint8,10,87,3,14,1400,0.017645049,1.2603606428571428e-05
b8_n128_distinct,8,128,distinct,uint8,10,87,4,14,1400,0.021286427,1.5204590714285714e-05
b8_n128_distinct,8,128,distinct,uint8,10,87,5,14,1400,0.017221217,1.2300869285714286e-05
b8_n128_distinct,8,128,distinct,uint8,10,87,6,14,1400,0.023771513,1.6979652142857143e-05
b8_n128_distinct,8,128,distinct,uint8,10,87,7,14,1400,0.024133742000000003,1.7238387142857147e-05
b8_n128_distinct,8,128,distinct,uint8,10,87,8,14,1400,0.022202345000000002,1.585881785714286e-05
b8_n32_distinct,8,32,distinct,int64,10,88,0,15,1500,0.016574056,1.1049370666666667e-05
b8_n32_distinct,8,32,distinct,int64,10,88,1,15,1500,0.019065732000000002,1.2710488000000002e-05
b8_n32_distinct,8,32,distinct,int64,10,88,2,15,1500,0.014175141,9.450094e-06
b8_n32_distinct,8,32,distinct,int64,10,88,3,15,1500,0.014571201,9.714134e-06
b8_n32_distinct,8,32,distinct,int64,10,88,4,15,1500,0.015148045,1.0098696666666667e-05
b8_n32_distinct,8,32,distinct,int64,10,88,5,15,1500,0.015940897000000002,1.0627264666666669e-05
b8_n32_distinct,8,32,distinct,int64,10,88,6,15,1500,0.015009094,1.0006062666666666e-05
b8_n32_distinct,8,32,distinct,int64,10,88,7,15,1500,0.021280869,1.4187246000000001e-05
b8_n32_distinct,8,32,distinct,int64,10,88,8,15,1500,0.014507144000000001,9.671429333333334e-06
b4_n4_duplicates_allowed,4,4,duplicates_allowed,int64,1000,89,0,450,450,0.018236044,4.052454222222222e-05
b4_n4_duplicates_allowed,4,4,duplicates_allowed,int64,1000,89,1,450,450,0.015770178,3.5044839999999996e-05
b4_n4_duplicates_allowed,4,4,duplicates_allowed,int64,1000,89,2,450,450,0.020487697000000003,4.5528215555555564e-05
b4_n4_duplicates_allowed,4,4,duplicates_allowed,int64,1000,89,3,450,450,0.017709376000000002,3.935416888888889e-05
b4_n4_duplicates_allowed,4,4,duplicates_allowed,int64,1000,89,4,450,450,0.015356992000000002,3.4126648888888895e-05
b4_n4_duplicates_allowed,4,4,duplicates_allowed,int64,1000,89,5,450,450,0.015463504000000001,3.436334222222222e-05
b4_n4_duplicates_allowed,4,4,duplicates_allowed,int64,1000,89,6,450,450,0.016299511000000003,3.622113555555556e-05
b4_n4_duplicates_allowed,4,4,duplicates_allowed,int64,1000,89,7,450,450,0.014886228000000001,3.308050666666667e-05
b4_n4_duplicates_allowed,4,4,duplicates_allowed,int64,1000,89,8,450,450,0.016042400000000002,3.564977777777778e-05
b4_n4_distinct,4,4,distinct,uint8,100,90,0,89,890,0.016344098,1.836415505617978e-05
b4_n4_distinct,4,4,distinct,uint8,100,90,1,89,890,0.015789377,1.7740873033707867e-05
b4_n4_distinct,4,4,distinct,uint8,100,90,2,89,890,0.016446573000000003,1.8479295505617982e-05
b4_n4_distinct,4,4,distinct,uint8,100,90,3,89,890,0.016676291,1.8737405617977527e-05
b4_n4_distinct,4,4,distinct,uint8,100,90,4,89,890,0.015637547,1.7570277528089888e-05
b4_n4_distinct,4,4,distinct,uint8,100,90,5,89,890,0.018041129,2.0270931460674156e-05
b4_n4_distinct,4,4,distinct,uint8,100,90,6,89,890,0.016476749000000002,1.8513201123595507e-05
b4_n4_distinct,4,4,distinct,uint8,100,90,7,89,890,0.016090012,1.8078665168539327e-05
b4_n4_distinct,4,4,distinct,uint8,100,90,8,89,890,0.016079918000000002,1.806732359550562e-05
b4_n2_duplicates_allowed,4,2,duplicates_allowed,uint8,1,91,0,3,3000,0.011832631000000001,3.944210333333334e-06
b4_n2_duplicates_allowed,4,2,duplicates_allowed,uint8,1,91,1,3,3000,0.018514387,6.1714623333333335e-06
b4_n2_duplicates_allowed,4,2,duplicates_allowed,uint8,1,91,2,3,3000,0.015980536,5.326845333333333e-06
b4_n2_duplicates_allowed,4,2,duplicates_allowed,uint8,1,91,3,3,3000,0.012450087,4.150029e-06
b4_n2_duplicates_allowed,4,2,duplicates_allowed,uint8,1,91,4,3,3000,0.012050151,4.016717e-06
b4_n2_duplicates_allowed,4,2,duplicates_allowed,uint8,1,91,5,3,3000,0.012095340000000001,4.03178e-06
b4_n2_duplicates_allowed,4,2,duplicates_allowed,uint8,1,91,6,3,3000,0.012146286000000001,4.048762e-06
b4_n2_duplicates_allowed,4,2,duplicates_allowed,uint8,1,91,7,3,3000,0.01249884,4.1662800000000005e-06
b4_n2_duplicates_allowed,4,2,duplicates_allowed,uint8,1,91,8,3,3000,0.011449771000000001,3.816590333333333e-06
b8_n32_duplicates_allowed,8,32,duplicates_allowed,int64,1,92,0,4,4000,0.018865048000000002,4.716262e-06
b8_n32_duplicates_allowed,8,32,duplicates_allowed,int64,1,92,1,4,4000,0.018153620000000002,4.538405000000001e-06
b8_n32_duplicates_allowed,8,32,duplicates_allowed,int64,1,92,2,4,4000,0.017700533,4.42513325e-06
b8_n32_duplicates_allowed,8,32,duplicates_allowed,int64,1,92,3,4,4000,0.018159609,4.53990225e-06
b8_n32_duplicates_allowed,8,32,duplicates_allowed,int64,1,92,4,4,4000,0.018190326,4.5475815e-06
b8_n32_duplicates_allowed,8,32,duplicates_allowed,int64,1,92,5,4,4000,0.022055112,5.513778e-06
b8_n32_duplicates_allowed,8,32,duplicates_allowed,int64,1,92,6,4,4000,0.019484077000000002,4.871019250000001e-06
b8_n32_duplicates_allowed,8,32,duplicates_allowed,int64,1,92,7,4,4000,0.017822789000000002,4.45569725e-06
b8_n32_duplicates_allowed,8,32,duplicates_allowed,int64,1,92,8,4,4000,0.017806063,4.45151575e-06
b8_n128_duplicates_allowed,8,128,duplicates_allowed,int64,100,93,0,5,50,0.014766427,0.00029532854
b8_n128_duplicates_allowed,8,128,duplicates_allowed,int64,100,93,1,5,50,0.014938698,0.00029877396
b8_n128_duplicates_allowed,8,128,duplicates_allowed,int64,100,93,2,5,50,0.015218281,0.00030436562
b8_n128_duplicates_allowed,8,128,duplicates_allowed,int64,100,93,3,5,50,0.017869229,0.00035738458
b8_n128_duplicates_allowed,8,128,duplicates_allowed,int64,100,93,4,5,50,0.015214816,0.00030429632000000004
b8_n128_duplicates_allowed,8,128,duplicates_allowed,int64,100,93,5,5,50,0.016398431,0.00032796862
b8_n128_duplicates_allowed,8,128,duplicates_allowed,int64,100,93,6,5,50,0.014756893,0.00029513786
b8_n128_duplicates_allowed,8,128,duplicates_allowed,int64,100,93,7,5,50,0.014956926,0.00029913852
b8_n128_duplicates_allowed,8,128,duplicates_allowed,int64,100,93,8,5,50,0.015529644,0.00031059288
b8_n256_distinct,8,256,distinct,int64,100,94,0,3,30,0.021185695,0.0007061898333333334
b8_n256_distinct,8,256,distinct,int64,100,94,1,3,30,0.022276798,0.0007425599333333333
b8_n256_distinct,8,256,distinct,int64,100,94,2,3,30,0.024898662000000002,0.0008299554000000001
b8_n256_distinct,8,256,distinct,int64,100,94,3,3,30,0.024329238000000003,0.0008109746000000001
b8_n256_distinct,8,256,distinct,int64,100,94,4,3,30,0.022848635000000003,0.0007616211666666668
b8_n256_distinct,8,256,distinct,int64,100,94,5,3,30,0.021983794,0.0007327931333333333
b8_n256_distinct,8,256,distinct,int64,100,94,6,3,30,0.023130633,0.0007710211
b8_n256_distinct,8,256,distinct,int64,100,94,7,3,30,0.024324331,0.0008108110333333334
b8_n256_distinct,8,256,distinct,int64,100,94,8,3,30,0.022213292000000003,0.0007404430666666668
b4_n8_duplicates_allowed,4,8,duplicates_allowed,int64,100,95,0,150,1500,0.017095346,1.1396897333333334e-05
b4_n8_duplicates_allowed,4,8,duplicates_allowed,int64,100,95,1,150,1500,0.016788681,1.1192453999999999e-05
b4_n8_duplicates_allowed,4,8,duplicates_allowed,int64,100,95,2,150,1500,0.016138857,1.0759238e-05
b4_n8_duplicates_allowed,4,8,duplicates_allowed,int64,100,95,3,150,1500,0.017170671000000002,1.1447114000000001e-05
b4_n8_duplicates_allowed,4,8,duplicates_allowed,int64,100,95,4,150,1500,0.01542216,1.028144e-05
b4_n8_duplicates_allowed,4,8,duplicates_allowed,int64,100,95,5,150,1500,0.015903561,1.0602374000000001e-05
b4_n8_duplicates_allowed,4,8,duplicates_allowed,int64,100,95,6,150,1500,0.016600817,1.1067211333333333e-05
b4_n8_duplicates_allowed,4,8,duplicates_allowed,int64,100,95,7,150,1500,0.01510505,1.0070033333333334e-05
b4_n8_duplicates_allowed,4,8,duplicates_allowed,int64,100,95,8,150,1500,0.016359691000000003,1.0906460666666668e-05
b4_n16_duplicates_allowed,4,16,duplicates_allowed,uint8,1000,96,0,73,73,0.016265639000000002,0.00022281697260273975
b4_n16_duplicates_allowed,4,16,duplicates_allowed,uint8,1000,96,1,73,73,0.016917777000000002,0.00023175036986301372
b4_n16_duplicates_allowed,4,16,duplicates_allowed,uint8,1000,96,2,73,73,0.016654949000000002,0.0002281499863013699
b4_n16_duplicates_allowed,4,16,duplicates_allowed,uint8,1000,96,3,73,73,0.016334844,0.0002237649863013699
b4_n16_duplicates_allowed,4,16,duplicates_allowed,uint8,1000,96,4,73,73,0.016909504000000002,0.00023163704109589045
b4_n16_duplicates_allowed,4,16,duplicates_allowed,uint8,1000,96,5,73,73,0.017687323,0.00024229209589041097
b4_n16_duplicates_allowed,4,16,duplicates_allowed,uint8,1000,96,6,73,73,0.017073904,0.00023388909589041096
b4_n16_duplicates_allowed,4,16,duplicates_allowed,uint8,1000,96,7,73,73,0.017848027000000002,0.0002444935205479452
b4_n16_duplicates_allowed,4,16,duplicates_allowed,uint8,1000,96,8,73,73,0.016031384000000003,0.00021960800000000004
b8_n128_distinct,8,128,distinct,int64,10,97,0,5,500,0.018130685,3.626137e-05
b8_n128_distinct,8,128,distinct,int64,10,97,1,5,500,0.018446224,3.6892448000000004e-05
b8_n128_distinct,8,128,distinct,int64,10,97,2,5,500,0.019013783000000003,3.802756600000001e-05
b8_n128_distinct,8,128,distinct,int64,10,97,3,5,500,0.019365476,3.8730952e-05
b8_n128_distinct,8,128,distinct,int64,10,97,4,5,500,0.017719092000000002,3.5438184000000005e-05
b8_n128_distinct,8,128,distinct,int64,10,97,5,5,500,0.01800198,3.600396e-05
b8_n128_distinct,8,128,distinct,int64,10,97,6,5,500,0.019049719,3.8099438e-05
b8_n128_distinct,8,128,distinct,int64,10,97,7,5,500,0.019626491000000003,3.9252982e-05
b8_n128_distinct,8,128,distinct,int64,10,97,8,5,500,0.019020193,3.8040386000000004e-05
b8_n64_duplicates_allowed,8,64,duplicates_allowed,uint8,100,98,0,31,310,0.017602094000000002,5.678094838709678e-05
b8_n64_duplicates_allowed,8,64,duplicates_allowed,uint8,100,98,1,31,310,0.017158101000000002,5.534871290322581e-05
b8_n64_duplicates_allowed,8,64,duplicates_allowed,uint8,100,98,2,31,310,0.016350868,5.274473548387097e-05
b8_n64_duplicates_allowed,8,64,duplicates_allowed,uint8,100,98,3,31,310,0.016638605,5.3672919354838715e-05
b8_n64_duplicates_allowed,8,64,duplicates_allowed,uint8,100,98,4,31,310,0.016198718,5.225392903225807e-05
b8_n64_duplicates_allowed,8,64,duplicates_allowed,uint8,100,98,5,31,310,0.016575638,5.34698e-05
b8_n64_duplicates_allowed,8,64,duplicates_allowed,uint8,100,98,6,31,310,0.015761665,5.0844080645161294e-05
b8_n64_duplicates_allowed,8,64,duplicates_allowed,uint8,100,98,7,31,310,0.015991994000000002,5.158707741935485e-05
b8_n64_duplicates_allowed,8,64,duplicates_allowed,uint8,100,98,8,31,310,0.016538082000000003,5.3348651612903234e-05
b4_n2_distinct,4,2,distinct,uint8,10,99,0,31,3100,0.01656413,5.3432677419354834e-06
b4_n2_distinct,4,2,distinct,uint8,10,99,1,31,3100,0.015557987,5.018705483870968e-06
b4_n2_distinct,4,2,distinct,uint8,10,99,2,31,3100,0.015670126,5.054879354838709e-06
b4_n2_distinct,4,2,distinct,uint8,10,99,3,31,3100,0.015377202000000001,4.960387741935485e-06
b4_n2_distinct,4,2,distinct,uint8,10,99,4,31,3100,0.015649666,5.04827935483871e-06
b4_n2_distinct,4,2,distinct,uint8,10,99,5,31,3100,0.015665249000000003,5.053306129032259e-06
b4_n2_distinct,4,2,distinct,uint8,10,99,6,31,3100,0.016373232,5.2816877419354844e-06
b4_n2_distinct,4,2,distinct,uint8,10,99,7,31,3100,0.017195859,5.5470512903225806e-06
b4_n2_distinct,4,2,distinct,uint8,10,99,8,31,3100,0.015653682000000002,5.049574838709678e-06
b8_n16_distinct,8,16,distinct,uint8,1000,100,0,70,70,0.017204772,0.00024578245714285715
b8_n16_distinct,8,16,distinct,uint8,1000,100,1,70,70,0.015960026000000002,0.00022800037142857145
b8_n16_distinct,8,16,distinct,uint8,1000,100,2,70,70,0.017299415000000002,0.00024713450000000004
b8_n16_distinct,8,16,distinct,uint8,1000,100,3,70,70,0.017617578000000002,0.00025167968571428574
b8_n16_distinct,8,16,distinct,uint8,1000,100,4,70,70,0.017454550000000003,0.0002493507142857143
b8_n16_distinct,8,16,distinct,uint8,1000,100,5,70,70,0.01738758,0.000248394
b8_n16_distinct,8,16,distinct,uint8,1000,100,6,70,70,0.016765587000000002,0.00023950838571428574
b8_n16_distinct,8,16,distinct,uint8,1000,100,7,70,70,0.016626366,0.00023751951428571428
b8_n16_distinct,8,16,distinct,uint8,1000,100,8,70,70,0.016929775,0.0002418539285714286
b8_n64_duplicates_allowed,8,64,duplicates_allowed,int64,100,101,0,12,120,0.016779087,0.000139825725
b8_n64_duplicates_allowed,8,64,duplicates_allowed,int64,100,101,1,12,120,0.016524742000000002,0.00013770618333333335
b8_n64_duplicates_allowed,8,64,duplicates_allowed,int64,100,101,2,12,120,0.016395676,0.00013663063333333334
b8_n64_duplicates_allowed,8,64,duplicates_allowed,int64,100,101,3,12,120,0.015867916,0.00013223263333333332
b8_n64_duplicates_allowed,8,64,duplicates_allowed,int64,100,101,4,12,120,0.014789302,0.00012324418333333335
b8_n64_duplicates_allowed,8,64,duplicates_allowed,int64,100,101,5,12,120,0.015220024,0.00012683353333333333
b8_n64_duplicates_allowed,8,64,duplicates_allowed,int64,100,101,6,12,120,0.014939810000000001,0.00012449841666666668
b8_n64_duplicates_allowed,8,64,duplicates_allowed,int64,100,101,7,12,120,0.014620876000000001,0.00012184063333333334
b8_n64_duplicates_allowed,8,64,duplicates_allowed,int64,100,101,8,12,120,0.014623641000000001,0.00012186367500000001
b8_n4_distinct,8,4,distinct,uint8,100,102,0,84,840,0.016603641000000002,1.976623928571429e-05
b8_n4_distinct,8,4,distinct,uint8,100,102,1,84,840,0.01577845,1.8783869047619047e-05
b8_n4_distinct,8,4,distinct,uint8,100,102,2,84,840,0.015747133,1.8746586904761905e-05
b8_n4_distinct,8,4,distinct,uint8,100,102,3,84,840,0.016929705,2.0154410714285715e-05
b8_n4_distinct,8,4,distinct,uint8,100,102,4,84,840,0.016924718000000002,2.0148473809523812e-05
b8_n4_distinct,8,4,distinct,uint8,100,102,5,84,840,0.016603,1.976547619047619e-05
b8_n4_distinct,8,4,distinct,uint8,100,102,6,84,840,0.016677753,1.9854467857142855e-05
b8_n4_distinct,8,4,distinct,uint8,100,102,7,84,840,0.01612769,1.9199630952380953e-05
b8_n4_distinct,8,4,distinct,uint8,100,102,8,84,840,0.016120889,1.9191534523809522e-05
b8_n8_duplicates_allowed,8,8,duplicates_allowed,uint8,1000,103,0,81,81,0.016326721000000002,0.0002015644567901235
b8_n8_duplicates_allowed,8,8,duplicates_allowed,uint8,1000,103,1,81,81,0.015551377000000002,0.00019199230864197533
b8_n8_duplicates_allowed,8,8,duplicates_allowed,uint8,1000,103,2,81,81,0.016027448,0.00019786972839506173
b8_n8_duplicates_allowed,8,8,duplicates_allowed,uint8,1000,103,3,81,81,0.016927702,0.00020898397530864197
b8_n8_duplicates_allowed,8,8,duplicates_allowed,uint8,1000,103,4,81,81,0.015579589000000001,0.0001923406049382716
b8_n8_duplicates_allowed,8,8,duplicates_allowed,uint8,1000,103,5,81,81,0.018233741,0.00022510791358024693
b8_n8_duplicates_allowed,8,8,duplicates_allowed,uint8,1000,103,6,81,81,0.015765952,0.00019464138271604937
b8_n8_duplicates_allowed,8,8,duplicates_allowed,uint8,1000,103,7,81,81,0.015566859,0.00019218344444444445
b8_n8_duplicates_allowed,8,8,duplicates_allowed,uint8,1000,103,8,81,81,0.015639881,0.00019308495061728397
b8_n8_distinct,8,8,distinct,int64,100,104,0,143,1430,0.017621214,1.2322527272727272e-05
b8_n8_distinct,8,8,distinct,int64,100,104,1,143,1430,0.014348724,1.0034072727272727e-05
b8_n8_distinct,8,8,distinct,int64,100,104,2,143,1430,0.014003091,9.792371328671328e-06
b8_n8_distinct,8,8,distinct,int64,100,104,3,143,1430,0.014644703,1.0241051048951049e-05
b8_n8_distinct,8,8,distinct,int64,100,104,4,143,1430,0.014198376,9.928934265734267e-06
b8_n8_distinct,8,8,distinct,int64,100,104,5,143,1430,0.014053286000000002,9.827472727272728e-06
b8_n8_distinct,8,8,distinct,int64,100,104,6,143,1430,0.014167559000000001,9.907383916083916e-06
b8_n8_distinct,8,8,distinct,int64,100,104,7,143,1430,0.013820964000000002,9.66500979020979e-06
b8_n8_distinct,8,8,distinct,int64,100,104,8,143,1430,0.014304497000000001,1.0003144755244757e-05
b8_n4_distinct,8,4,distinct,int64,1,105,0,4,4000,0.017365896000000002,4.341474e-06
b8_n4_distinct,8,4,distinct,int64,1,105,1,4,4000,0.016823865,4.20596625e-06
b8_n4_distinct,8,4,distinct,int64,1,105,2,4,4000,0.016062711,4.01567775e-06
b8_n4_distinct,8,4,distinct,int64,1,105,3,4,4000,0.01664879,4.1621975e-06
b8_n4_distinct,8,4,distinct,int64,1,105,4,4,4000,0.015839393,3.95984825e-06
b8_n4_distinct,8,4,distinct,int64,1,105,5,4,4000,0.015899985000000002,3.974996250000001e-06
b8_n4_distinct,8,4,distinct,int64,1,105,6,4,4000,0.015914597000000003,3.978649250000001e-06
b8_n4_distinct,8,4,distinct,int64,1,105,7,4,4000,0.015668163000000002,3.917040750000001e-06
b8_n4_distinct,8,4,distinct,int64,1,105,8,4,4000,0.016375525000000002,4.09388125e-06
b4_n8_distinct,4,8,distinct,int64,10,106,0,31,3100,0.015305834,4.937365806451613e-06
b4_n8_distinct,4,8,distinct,int64,10,106,1,31,3100,0.016396477,5.289186129032258e-06
b4_n8_distinct,4,8,distinct,int64,10,106,2,31,3100,0.014280991000000002,4.606771290322581e-06
b4_n8_distinct,4,8,distinct,int64,10,106,3,31,3100,0.01475541,4.759809677419355e-06
b4_n8_distinct,4,8,distinct,int64,10,106,4,31,3100,0.014689170000000001,4.738441935483871e-06
b4_n8_distinct,4,8,distinct,int64,10,106,5,31,3100,0.015971603,5.152130000000001e-06
b4_n8_distinct,4,8,distinct,int64,10,106,6,31,3100,0.014986871,4.834474516129032e-06
b4_n8_distinct,4,8,distinct,int64,10,106,7,31,3100,0.015099943000000001,4.87094935483871e-06
b4_n8_distinct,4,8,distinct,int64,10,106,8,31,3100,0.014826188,4.782641290322581e-06
b4_n8_distinct,4,8,distinct,uint8,1000,107,0,86,86,0.015660842,0.0001821028139534884
b4_n8_distinct,4,8,distinct,uint8,1000,107,1,86,86,0.016234752,0.00018877618604651165
b4_n8_distinct,4,8,distinct,uint8,1000,107,2,86,86,0.016273511,0.00018922687209302328
b4_n8_distinct,4,8,distinct,uint8,1000,107,3,86,86,0.016436548000000002,0.0001911226511627907
b4_n8_distinct,4,8,distinct,uint8,1000,107,4,86,86,0.016718355,0.00019439947674418606
b4_n8_distinct,4,8,distinct,uint8,1000,107,5,86,86,0.016465101,0.00019145466279069768
b4_n8_distinct,4,8,distinct,uint8,1000,107,6,86,86,0.01637862,0.00019044906976744186
b4_n8_distinct,4,8,distinct,uint8,1000,107,7,86,86,0.019727214,0.00022938620930232557
b4_n8_distinct,4,8,distinct,uint8,1000,107,8,86,86,0.01938151,0.00022536639534883723
b4_n4_distinct,4,4,distinct,int64,10,108,0,31,3100,0.016579545,5.3482403225806456e-06
b4_n4_distinct,4,4,distinct,int64,10,108,1,31,3100,0.015847645,5.112143548387097e-06
b4_n4_distinct,4,4,distinct,int64,10,108,2,31,3100,0.016794801,5.417677741935485e-06
b4_n4_distinct,4,4,distinct,int64,10,108,3,31,3100,0.015696817000000002,5.06348935483871e-06
b4_n4_distinct,4,4,distinct,int64,10,108,4,31,3100,0.014813879,4.77867064516129e-06
b4_n4_distinct,4,4,distinct,int64,10,108,5,31,3100,0.01526948,4.925638709677419e-06
b4_n4_distinct,4,4,distinct,int64,10,108,6,31,3100,0.015546909000000001,5.015131935483871e-06
b4_n4_distinct,4,4,distinct,int64,10,108,7,31,3100,0.01438548,4.640477419354839e-06
b4_n4_distinct,4,4,distinct,int64,10,108,8,31,3100,0.014307882000000001,4.615445806451613e-06
b8_n8_distinct,8,8,distinct,int64,1000,109,0,206,206,0.012723712000000002,6.176559223300972e-05
b8_n8_distinct,8,8,distinct,int64,1000,109,1,206,206,0.012374382000000001,6.006981553398059e-05
b8_n8_distinct,8,8,distinct,int64,1000,109,2,206,206,0.012748849000000001,6.188761650485438e-05
b8_n8_distinct,8,8,distinct,int64,1000,109,3,206,206,0.012750002000000002,6.189321359223302e-05
b8_n8_distinct,8,8,distinct,int64,1000,109,4,206,206,0.012580804000000001,6.10718640776699e-05
b8_n8_distinct,8,8,distinct,int64,1000,109,5,206,206,0.012174339000000001,5.909873300970874e-05
b8_n8_distinct,8,8,distinct,int64,1000,109,6,206,206,0.015049356000000002,7.305512621359224e-05
b8_n8_distinct,8,8,distinct,int64,1000,109,7,206,206,0.014161179000000001,6.874358737864078e-05
b8_n8_distinct,8,8,distinct,int64,1000,109,8,206,206,0.012588046,6.110701941747573e-05
b8_n64_distinct,8,64,distinct,uint8,100,110,0,21,210,0.011767062,5.6033628571428574e-05
b8_n64_distinct,8,64,distinct,uint8,100,110,1,21,210,0.011469,5.4614285714285716e-05
b8_n64_distinct,8,64,distinct,uint8,100,110,2,21,210,0.012018783,5.72323e-05
b8_n64_distinct,8,64,distinct,uint8,100,110,3,21,210,0.012108159,5.76579e-05
b8_n64_distinct,8,64,distinct,uint8,100,110,4,21,210,0.013011407000000001,6.195908095238096e-05
b8_n64_distinct,8,64,distinct,uint8,100,110,5,21,210,0.010953459,5.2159328571428576e-05
b8_n64_distinct,8,64,distinct,uint8,100,110,6,21,210,0.011721013,5.581434761904762e-05
b8_n64_distinct,8,64,distinct,uint8,100,110,7,21,210,0.010286978,4.8985609523809524e-05
b8_n64_distinct,8,64,distinct,uint8,100,110,8,21,210,0.011842145,5.639116666666667e-05
b8_n2_duplicates_allowed,8,2,duplicates_allowed,int64,1,111,0,4,4000,0.016941503,4.23537575e-06
b8_n2_duplicates_allowed,8,2,duplicates_allowed,int64,1,111,1,4,4000,0.017607943,4.4019857500000006e-06
b8_n2_duplicates_allowed,8,2,duplicates_allowed,int64,1,111,2,4,4000,0.018117305,4.52932625e-06
b8_n2_duplicates_allowed,8,2,duplicates_allowed,int64,1,111,3,4,4000,0.015973937,3.99348425e-06
b8_n2_duplicates_allowed,8,2,duplicates_allowed,int64,1,111,4,4,4000,0.016840300000000002,4.2100750000000005e-06
b8_n2_duplicates_allowed,8,2,duplicates_allowed,int64,1,111,5,4,4000,0.017264212,4.316053000000001e-06
b8_n2_duplicates_allowed,8,2,duplicates_allowed,int64,1,111,6,4,4000,0.017011449,4.2528622500000005e-06
b8_n2_duplicates_allowed,8,2,duplicates_allowed,int64,1,111,7,4,4000,0.015838772,3.959693e-06
b8_n2_duplicates_allowed,8,2,duplicates_allowed,int64,1,111,8,4,4000,0.017569385,4.39234625e-06
b8_n64_distinct,8,64,distinct,uint8,1,112,0,4,4000,0.018917227000000002,4.729306750000001e-06
b8_n64_distinct,8,64,distinct,uint8,1,112,1,4,4000,0.018499535,4.62488375e-06
b8_n64_distinct,8,64,distinct,uint8,1,112,2,4,4000,0.017739232,4.4348080000000005e-06
b8_n64_distinct,8,64,distinct,uint8,1,112,3,4,4000,0.018404010000000002,4.601002500000001e-06
b8_n64_distinct,8,64,distinct,uint8,1,112,4,4,4000,0.020000598,5.0001495e-06
b8_n64_distinct,8,64,distinct,uint8,1,112,5,4,4000,0.018845849,4.711462250000001e-06
b8_n64_distinct,8,64,distinct,uint8,1,112,6,4,4000,0.018915985,4.72899625e-06
b8_n64_distinct,8,64,distinct,uint8,1,112,7,4,4000,0.018463991000000003,4.615997750000001e-06
b8_n64_distinct,8,64,distinct,uint8,1,112,8,4,4000,0.018892659000000003,4.723164750000001e-06
b8_n256_duplicates_allowed,8,256,duplicates_allowed,int64,1000,113,0,2,2,0.019613172,0.009806586
b8_n256_duplicates_allowed,8,256,duplicates_allowed,int64,1000,113,1,2,2,0.015564196,0.007782098
b8_n256_duplicates_allowed,8,256,duplicates_allowed,int64,1000,113,2,2,2,0.018482328000000003,0.009241164000000001
b8_n256_duplicates_allowed,8,256,duplicates_allowed,int64,1000,113,3,2,2,0.017844221,0.0089221105
b8_n256_duplicates_allowed,8,256,duplicates_allowed,int64,1000,113,4,2,2,0.015835347,0.0079176735
b8_n256_duplicates_allowed,8,256,duplicates_allowed,int64,1000,113,5,2,2,0.016529810000000002,0.008264905000000001
b8_n256_duplicates_allowed,8,256,duplicates_allowed,int64,1000,113,6,2,2,0.015997283,0.0079986415
b8_n256_duplicates_allowed,8,256,duplicates_allowed,int64,1000,113,7,2,2,0.016058024,0.008029012
b8_n256_duplicates_allowed,8,256,duplicates_allowed,int64,1000,113,8,2,2,0.017059322000000002,0.008529661000000001
b8_n16_duplicates_allowed,8,16,duplicates_allowed,int64,100,114,0,61,610,0.010234659,1.6778129508196723e-05
b8_n16_duplicates_allowed,8,16,duplicates_allowed,int64,100,114,1,61,610,0.009800241000000001,1.6065968852459017e-05
b8_n16_duplicates_allowed,8,16,duplicates_allowed,int64,100,114,2,61,610,0.010060516,1.649264918032787e-05
b8_n16_duplicates_allowed,8,16,duplicates_allowed,int64,100,114,3,61,610,0.010856272,1.7797167213114753e-05
b8_n16_duplicates_allowed,8,16,duplicates_allowed,int64,100,114,4,61,610,0.010309063,1.6900103278688526e-05
b8_n16_duplicates_allowed,8,16,duplicates_allowed,int64,100,114,5,61,610,0.009869306000000001,1.617919016393443e-05
b8_n16_duplicates_allowed,8,16,duplicates_allowed,int64,100,114,6,61,610,0.009870478,1.6181111475409835e-05
b8_n16_duplicates_allowed,8,16,duplicates_allowed,int64,100,114,7,61,610,0.010228941,1.676875573770492e-05
b8_n16_duplicates_allowed,8,16,duplicates_allowed,int64,100,114,8,61,610,0.009939693000000001,1.6294578688524593e-05
b8_n4_distinct,8,4,distinct,uint8,10,115,0,27,2700,0.016219088,6.0070696296296295e-06
b8_n4_distinct,8,4,distinct,uint8,10,115,1,27,2700,0.016045425000000002,5.942750000000001e-06
b8_n4_distinct,8,4,distinct,uint8,10,115,2,27,2700,0.016847831,6.239937407407408e-06
b8_n4_distinct,8,4,distinct,uint8,10,115,3,27,2700,0.015943681,5.9050670370370375e-06
b8_n4_distinct,8,4,distinct,uint8,10,115,4,27,2700,0.016709171000000002,6.188581851851852e-06
b8_n4_distinct,8,4,distinct,uint8,10,115,5,27,2700,0.016370758000000003,6.0632437037037044e-06
b8_n4_distinct,8,4,distinct,uint8,10,115,6,27,2700,0.015726702000000002,5.824704444444445e-06
b8_n4_distinct,8,4,distinct,uint8,10,115,7,27,2700,0.015452757000000001,5.723243333333334e-06
b8_n4_distinct,8,4,distinct,uint8,10,115,8,27,2700,0.016166789,5.98769962962963e-06
b8_n2_duplicates_allowed,8,2,duplicates_allowed,uint8,100,116,0,100,1000,0.013294586,1.3294586e-05
b8_n2_duplicates_allowed,8,2,duplicates_allowed,uint8,100,116,1,100,1000,0.013617205,1.3617205000000001e-05
b8_n2_duplicates_allowed,8,2,duplicates_allowed,uint8,100,116,2,100,1000,0.013377903,1.3377903e-05
b8_n2_duplicates_allowed,8,2,duplicates_allowed,uint8,100,116,3,100,1000,0.013228497,1.3228497e-05
b8_n2_duplicates_allowed,8,2,duplicates_allowed,uint8,100,116,4,100,1000,0.012936154,1.2936154e-05
b8_n2_duplicates_allowed,8,2,duplicates_allowed,uint8,100,116,5,100,1000,0.014123533,1.4123533e-05
b8_n2_duplicates_allowed,8,2,duplicates_allowed,uint8,100,116,6,100,1000,0.013295929000000001,1.3295929000000002e-05
b8_n2_duplicates_allowed,8,2,duplicates_allowed,uint8,100,116,7,100,1000,0.020178869000000002,2.0178869000000003e-05
b8_n2_duplicates_allowed,8,2,duplicates_allowed,uint8,100,116,8,100,1000,0.013620471,1.3620471e-05
b4_n8_distinct,4,8,distinct,int64,1,117,0,4,4000,0.018003212,4.500803e-06
b4_n8_distinct,4,8,distinct,int64,1,117,1,4,4000,0.016443288,4.110822e-06
b4_n8_distinct,4,8,distinct,int64,1,117,2,4,4000,0.016277997000000002,4.06949925e-06
b4_n8_distinct,4,8,distinct,int64,1,117,3,4,4000,0.016545143000000002,4.136285750000001e-06
b4_n8_distinct,4,8,distinct,int64,1,117,4,4,4000,0.016029911,4.00747775e-06
b4_n8_distinct,4,8,distinct,int64,1,117,5,4,4000,0.016791756,4.197939e-06
b4_n8_distinct,4,8,distinct,int64,1,117,6,4,4000,0.016374234,4.093558500000001e-06
b4_n8_distinct,4,8,distinct,int64,1,117,7,4,4000,0.017643307,4.41082675e-06
b4_n8_distinct,4,8,distinct,int64,1,117,8,4,4000,0.016737524,4.184381e-06
b8_n256_distinct,8,256,distinct,int64,1,118,0,2,2000,0.023246347,1.16231735e-05
b8_n256_distinct,8,256,distinct,int64,1,118,1,2,2000,0.024530654000000002,1.2265327000000001e-05
b8_n256_distinct,8,256,distinct,int64,1,118,2,2,2000,0.02814438,1.407219e-05
b8_n256_distinct,8,256,distinct,int64,1,118,3,2,2000,0.024379145,1.21895725e-05
b8_n256_distinct,8,256,distinct,int64,1,118,4,2,2000,0.02885048,1.442524e-05
b8_n256_distinct,8,256,distinct,int64,1,118,5,2,2000,0.022681511,1.1340755500000002e-05
b8_n256_distinct,8,256,distinct,int64,1,118,6,2,2000,0.023807367000000003,1.19036835e-05
b8_n256_distinct,8,256,distinct,int64,1,118,7,2,2000,0.023160477000000002,1.1580238500000002e-05
b8_n256_distinct,8,256,distinct,int64,1,118,8,2,2000,0.023643339000000003,1.18216695e-05
b4_n16_distinct,4,16,distinct,int64,1000,119,0,83,83,0.01009015,0.00012156807228915663
b4_n16_distinct,4,16,distinct,int64,1000,119,1,83,83,0.008869761,0.00010686459036144579
b4_n16_distinct,4,16,distinct,int64,1000,119,2,83,83,0.009513326,0.00011461838554216869
b4_n16_distinct,4,16,distinct,int64,1000,119,3,83,83,0.009384701,0.00011306868674698795
b4_n16_distinct,4,16,distinct,int64,1000,119,4,83,83,0.009821945,0.00011833668674698796
b4_n16_distinct,4,16,distinct,int64,1000,119,5,83,83,0.008885455,0.00010705367469879519
b4_n16_distinct,4,16,distinct,int64,1000,119,6,83,83,0.008992867,0.00010834779518072289
b4_n16_distinct,4,16,distinct,int64,1000,119,7,83,83,0.008955591,0.00010789868674698796
b4_n16_distinct,4,16,distinct,int64,1000,119,8,83,83,0.009399694,0.00011324932530120482
b8_n128_duplicates_allowed,8,128,duplicates_allowed,int64,10,120,0,5,500,0.018518183,3.7036366000000004e-05
b8_n128_duplicates_allowed,8,128,duplicates_allowed,int64,10,120,1,5,500,0.01866847,3.733694e-05
b8_n128_duplicates_allowed,8,128,duplicates_allowed,int64,10,120,2,5,500,0.018558193,3.7116386000000004e-05
b8_n128_duplicates_allowed,8,128,duplicates_allowed,int64,10,120,3,5,500,0.018435527,3.6871054e-05
b8_n128_duplicates_allowed,8,128,duplicates_allowed,int64,10,120,4,5,500,0.018622946,3.7245892e-05
b8_n128_duplicates_allowed,8,128,duplicates_allowed,int64,10,120,5,5,500,0.018922675,3.784535e-05
b8_n128_duplicates_allowed,8,128,duplicates_allowed,int64,10,120,6,5,500,0.018723735000000002,3.744747e-05
b8_n128_duplicates_allowed,8,128,duplicates_allowed,int64,10,120,7,5,500,0.019035727000000002,3.8071454000000004e-05
b8_n128_duplicates_allowed,8,128,duplicates_allowed,int64,10,120,8,5,500,0.0182063,3.6412600000000004e-05
b8_n32_distinct,8,32,distinct,uint8,1000,121,0,47,47,0.015354000000000001,0.0003266808510638298
b8_n32_distinct,8,32,distinct,uint8,1000,121,1,47,47,0.014858969000000001,0.0003161482765957447
b8_n32_distinct,8,32,distinct,uint8,1000,121,2,47,47,0.019379217,0.0004123237659574468
b8_n32_distinct,8,32,distinct,uint8,1000,121,3,47,47,0.017874237,0.00038030291489361703
b8_n32_distinct,8,32,distinct,uint8,1000,121,4,47,47,0.016068662,0.0003418864255319149
b8_n32_distinct,8,32,distinct,uint8,1000,121,5,47,47,0.01493182,0.00031769829787234045
b8_n32_distinct,8,32,distinct,uint8,1000,121,6,47,47,0.014968797,0.0003184850425531915
b8_n32_distinct,8,32,distinct,uint8,1000,121,7,47,47,0.015406689000000001,0.0003278018936170213
b8_n32_distinct,8,32,distinct,uint8,1000,121,8,47,47,0.013980919000000001,0.0002974663617021277
b4_n4_duplicates_allowed,4,4,duplicates_allowed,int64,1,122,0,4,4000,0.017197292,4.299323e-06
b4_n4_duplicates_allowed,4,4,duplicates_allowed,int64,1,122,1,4,4000,0.017436404000000003,4.3591010000000006e-06
b4_n4_duplicates_allowed,4,4,duplicates_allowed,int64,1,122,2,4,4000,0.015822059,3.95551475e-06
b4_n4_duplicates_allowed,4,4,duplicates_allowed,int64,1,122,3,4,4000,0.017481332000000002,4.370333000000001e-06
b4_n4_duplicates_allowed,4,4,duplicates_allowed,int64,1,122,4,4,4000,0.016694871,4.17371775e-06
b4_n4_duplicates_allowed,4,4,duplicates_allowed,int64,1,122,5,4,4000,0.016073159,4.0182897500000004e-06
b4_n4_duplicates_allowed,4,4,duplicates_allowed,int64,1,122,6,4,4000,0.016936928,4.234232e-06
b4_n4_duplicates_allowed,4,4,duplicates_allowed,int64,1,122,7,4,4000,0.016141092000000003,4.0352730000000005e-06
b4_n4_duplicates_allowed,4,4,duplicates_allowed,int64,1,122,8,4,4000,0.015939226,3.9848065e-06
b8_n32_duplicates_allowed,8,32,duplicates_allowed,uint8,1,123,0,4,4000,0.017636668,4.409167000000001e-06
b8_n32_duplicates_allowed,8,32,duplicates_allowed,uint8,1,123,1,4,4000,0.016833441,4.208360250000001e-06
b8_n32_duplicates_allowed,8,32,duplicates_allowed,uint8,1,123,2,4,4000,0.017706433,4.42660825e-06
b8_n32_duplicates_allowed,8,32,duplicates_allowed,uint8,1,123,3,4,4000,0.017937784000000002,4.484446000000001e-06
b8_n32_duplicates_allowed,8,32,duplicates_allowed,uint8,1,123,4,4,4000,0.017688406,4.4221015e-06
b8_n32_duplicates_allowed,8,32,duplicates_allowed,uint8,1,123,5,4,4000,0.018163876000000002,4.5409690000000004e-06
b8_n32_duplicates_allowed,8,32,duplicates_allowed,uint8,1,123,6,4,4000,0.016367836,4.091959e-06
b8_n32_duplicates_allowed,8,32,duplicates_allowed,uint8,1,123,7,4,4000,0.019006012000000003,4.751503000000001e-06
b8_n32_duplicates_allowed,8,32,duplicates_allowed,uint8,1,123,8,4,4000,0.017632922000000002,4.4082305000000005e-06
b4_n8_duplicates_allowed,4,8,duplicates_allowed,uint8,1000,124,0,84,84,0.016375187,0.00019494270238095237
b4_n8_duplicates_allowed,4,8,duplicates_allowed,uint8,1000,124,1,84,84,0.016031666,0.00019085316666666666
b4_n8_duplicates_allowed,4,8,duplicates_allowed,uint8,1000,124,2,84,84,0.017298245,0.0002059314880952381
b4_n8_duplicates_allowed,4,8,duplicates_allowed,uint8,1000,124,3,84,84,0.015457607000000002,0.00018401913095238097
b4_n8_duplicates_allowed,4,8,duplicates_allowed,uint8,1000,124,4,84,84,0.017958305,0.00021378934523809526
b4_n8_duplicates_allowed,4,8,duplicates_allowed,uint8,1000,124,5,84,84,0.019503545,0.00023218505952380953
b4_n8_duplicates_allowed,4,8,duplicates_allowed,uint8,1000,124,6,84,84,0.015900848000000002,0.00018929580952380955
b4_n8_duplicates_allowed,4,8,duplicates_allowed,uint8,1000,124,7,84,84,0.015160576,0.00018048304761904762
b4_n8_duplicates_allowed,4,8,duplicates_allowed,uint8,1000,124,8,84,84,0.01534106,0.00018263166666666666
b8_n64_distinct,8,64,distinct,uint8,1000,125,0,35,35,0.016428477,0.00046938505714285713
b8_n64_distinct,8,64,distinct,uint8,1000,125,1,35,35,0.016643954000000002,0.0004755415428571429
b8_n64_distinct,8,64,distinct,uint8,1000,125,2,35,35,0.015567073,0.0004447735142857143
b8_n64_distinct,8,64,distinct,uint8,1000,125,3,35,35,0.015126615000000001,0.00043218900000000003
b8_n64_distinct,8,64,distinct,uint8,1000,125,4,35,35,0.015658861,0.00044739602857142856
b8_n64_distinct,8,64,distinct,uint8,1000,125,5,35,35,0.016746179,0.00047846225714285717
b8_n64_distinct,8,64,distinct,uint8,1000,125,6,35,35,0.015373619000000002,0.0004392462571428572
b8_n64_distinct,8,64,distinct,uint8,1000,125,7,35,35,0.01514973,0.0004328494285714286
b8_n64_distinct,8,64,distinct,uint8,1000,125,8,35,35,0.015725923,0.0004493120857142857
b8_n4_distinct,8,4,distinct,int64,10,126,0,34,3400,0.015192094000000001,4.468262941176471e-06
b8_n4_distinct,8,4,distinct,int64,10,126,1,34,3400,0.015227989,4.478820294117647e-06
b8_n4_distinct,8,4,distinct,int64,10,126,2,34,3400,0.015103721,4.4422708823529415e-06
b8_n4_distinct,8,4,distinct,int64,10,126,3,34,3400,0.016377861,4.81701794117647e-06
b8_n4_distinct,8,4,distinct,int64,10,126,4,34,3400,0.015903282,4.6774358823529415e-06
b8_n4_distinct,8,4,distinct,int64,10,126,5,34,3400,0.014994324000000002,4.410095294117647e-06
b8_n4_distinct,8,4,distinct,int64,10,126,6,34,3400,0.015618451,4.5936620588235294e-06
b8_n4_distinct,8,4,distinct,int64,10,126,7,34,3400,0.015893657000000002,4.6746050000000005e-06
b8_n4_distinct,8,4,distinct,int64,10,126,8,34,3400,0.015460070000000001,4.5470794117647064e-06
b8_n16_duplicates_allowed,8,16,duplicates_allowed,int64,1000,127,0,80,80,0.009348311,0.00011685388749999999
b8_n16_duplicates_allowed,8,16,duplicates_allowed,int64,1000,127,1,80,80,0.008648592,0.0001081074
b8_n16_duplicates_allowed,8,16,duplicates_allowed,int64,1000,127,2,80,80,0.008523803,0.0001065475375
b8_n16_duplicates_allowed,8,16,duplicates_allowed,int64,1000,127,3,80,80,0.009779215,0.0001222401875
b8_n16_duplicates_allowed,8,16,duplicates_allowed,int64,1000,127,4,80,80,0.008939973,0.0001117496625
b8_n16_duplicates_allowed,8,16,duplicates_allowed,int64,1000,127,5,80,80,0.009286078000000001,0.00011607597500000002
b8_n16_duplicates_allowed,8,16,duplicates_allowed,int64,1000,127,6,80,80,0.009320450000000001,0.000116505625
b8_n16_duplicates_allowed,8,16,duplicates_allowed,int64,1000,127,7,80,80,0.009209291000000001,0.00011511613750000002
b8_n16_duplicates_allowed,8,16,duplicates_allowed,int64,1000,127,8,80,80,0.008867473,0.00011084341250000001
b8_n4_distinct,8,4,distinct,int64,1000,128,0,422,422,0.014729123,3.490313507109005e-05
b8_n4_distinct,8,4,distinct,int64,1000,128,1,422,422,0.015871463000000002,3.76101018957346e-05
b8_n4_distinct,8,4,distinct,int64,1000,128,2,422,422,0.014952271000000001,3.543192180094787e-05
b8_n4_distinct,8,4,distinct,int64,1000,128,3,422,422,0.014371040000000002,3.405459715639811e-05
b8_n4_distinct,8,4,distinct,int64,1000,128,4,422,422,0.015349082000000002,3.637223222748816e-05
b8_n4_distinct,8,4,distinct,int64,1000,128,5,422,422,0.016107231,3.8168793838862556e-05
b8_n4_distinct,8,4,distinct,int64,1000,128,6,422,422,0.015351166000000001,3.637717061611375e-05
b8_n4_distinct,8,4,distinct,int64,1000,128,7,422,422,0.014424621,3.41815663507109e-05
b8_n4_distinct,8,4,distinct,int64,1000,128,8,422,422,0.016518714,3.914387203791469e-05
b4_n4_distinct,4,4,distinct,uint8,1000,129,0,112,112,0.016656302,0.00014871698214285716
b4_n4_distinct,4,4,distinct,uint8,1000,129,1,112,112,0.016996788000000002,0.00015175703571428573
b4_n4_distinct,4,4,distinct,uint8,1000,129,2,112,112,0.016271059,0.0001452773125
b4_n4_distinct,4,4,distinct,uint8,1000,129,3,112,112,0.016769093000000002,0.00014972404464285715
b4_n4_distinct,4,4,distinct,uint8,1000,129,4,112,112,0.016450961,0.00014688358035714285
b4_n4_distinct,4,4,distinct,uint8,1000,129,5,112,112,0.018197948000000002,0.00016248167857142859
b4_n4_distinct,4,4,distinct,uint8,1000,129,6,112,112,0.016965641,0.0001514789375
b4_n4_distinct,4,4,distinct,uint8,1000,129,7,112,112,0.018163065000000003,0.00016217022321428573
b4_n4_distinct,4,4,distinct,uint8,1000,129,8,112,112,0.017362702,0.00015502412500000001
b8_n256_distinct,8,256,distinct,uint8,1000,130,0,11,11,0.01565764,0.0014234218181818183
b8_n256_distinct,8,256,distinct,uint8,1000,130,1,11,11,0.01565132,0.0014228472727272727
b8_n256_distinct,8,256,distinct,uint8,1000,130,2,11,11,0.015485679,0.001407789
b8_n256_distinct,8,256,distinct,uint8,1000,130,3,11,11,0.014717405000000001,0.0013379459090909092
b8_n256_distinct,8,256,distinct,uint8,1000,130,4,11,11,0.015087716000000001,0.0013716105454545456
b8_n256_distinct,8,256,distinct,uint8,1000,130,5,11,11,0.015378897,0.0013980815454545455
b8_n256_distinct,8,256,distinct,uint8,1000,130,6,11,11,0.014551885,0.0013228986363636364
b8_n256_distinct,8,256,distinct,uint8,1000,130,7,11,11,0.015890082,0.001444552909090909
b8_n256_distinct,8,256,distinct,uint8,1000,130,8,11,11,0.015751933000000003,0.0014319939090909094
b4_n8_duplicates_allowed,4,8,duplicates_allowed,uint8,1,131,0,3,3000,0.012408377,4.136125666666666e-06
b4_n8_duplicates_allowed,4,8,duplicates_allowed,uint8,1,131,1,3,3000,0.012820983000000001,4.273661e-06
b4_n8_duplicates_allowed,4,8,duplicates_allowed,uint8,1,131,2,3,3000,0.012906351000000002,4.3021170000000005e-06
b4_n8_duplicates_allowed,4,8,duplicates_allowed,uint8,1,131,3,3,3000,0.012496981,4.1656603333333335e-06
b4_n8_duplicates_allowed,4,8,duplicates_allowed,uint8,1,131,4,3,3000,0.012920934,4.306978e-06
b4_n8_duplicates_allowed,4,8,duplicates_allowed,uint8,1,131,5,3,3000,0.012026789000000001,4.008929666666667e-06
b4_n8_duplicates_allowed,4,8,duplicates_allowed,uint8,1,131,6,3,3000,0.013613643000000002,4.537881000000001e-06
b4_n8_duplicates_allowed,4,8,duplicates_allowed,uint8,1,131,7,3,3000,0.012251249,4.0837496666666665e-06
b4_n8_duplicates_allowed,4,8,duplicates_allowed,uint8,1,131,8,3,3000,0.013109810000000001,4.369936666666667e-06
b4_n4_distinct,4,4,distinct,uint8,10,132,0,27,2700,0.014577022,5.398897037037037e-06
b4_n4_distinct,4,4,distinct,uint8,10,132,1,27,2700,0.015342633000000001,5.682456666666667e-06
b4_n4_distinct,4,4,distinct,uint8,10,132,2,27,2700,0.015996473,5.92461962962963e-06
b4_n4_distinct,4,4,distinct,uint8,10,132,3,27,2700,0.015976322,5.917156296296297e-06
b4_n4_distinct,4,4,distinct,uint8,10,132,4,27,2700,0.015587313,5.7730788888888886e-06
b4_n4_distinct,4,4,distinct,uint8,10,132,5,27,2700,0.014702313000000002,5.445301111111112e-06
b4_n4_distinct,4,4,distinct,uint8,10,132,6,27,2700,0.017464487,6.468328518518519e-06
b4_n4_distinct,4,4,distinct,uint8,10,132,7,27,2700,0.016167993000000002,5.988145555555557e-06
b4_n4_distinct,4,4,distinct,uint8,10,132,8,27,2700,0.016185369,5.994581111111112e-06
b8_n256_distinct,8,256,distinct,int64,10,133,0,2,200,0.016816285,8.4081425e-05
b8_n256_distinct,8,256,distinct,int64,10,133,1,2,200,0.015825865,7.912932500000001e-05
b8_n256_distinct,8,256,distinct,int64,10,133,2,2,200,0.016177557000000002,8.088778500000001e-05
b8_n256_distinct,8,256,distinct,int64,10,133,3,2,200,0.015326027,7.6630135e-05
b8_n256_distinct,8,256,distinct,int64,10,133,4,2,200,0.015009658,7.504829e-05
b8_n256_distinct,8,256,distinct,int64,10,133,5,2,200,0.016009402000000002,8.004701000000002e-05
b8_n256_distinct,8,256,distinct,int64,10,133,6,2,200,0.015977664000000003,7.988832000000001e-05
b8_n256_distinct,8,256,distinct,int64,10,133,7,2,200,0.016244449,8.1222245e-05
b8_n256_distinct,8,256,distinct,int64,10,133,8,2,200,0.015366969000000001,7.6834845e-05
b8_n8_duplicates_allowed,8,8,duplicates_allowed,uint8,10,134,0,27,2700,0.016738397000000002,6.1994062962962975e-06
b8_n8_duplicates_allowed,8,8,duplicates_allowed,uint8,10,134,1,27,2700,0.016198568,5.99946962962963e-06
b8_n8_duplicates_allowed,8,8,duplicates_allowed,uint8,10,134,2,27,2700,0.017379819,6.436970000000001e-06
b8_n8_duplicates_allowed,8,8,duplicates_allowed,uint8,10,134,3,27,2700,0.016450961,6.092948518518519e-06
b8_n8_duplicates_allowed,8,8,duplicates_allowed,uint8,10,134,4,27,2700,0.01772409,6.5644777777777784e-06
b8_n8_duplicates_allowed,8,8,duplicates_allowed,uint8,10,134,5,27,2700,0.016675321,6.176044814814815e-06
b8_n8_duplicates_allowed,8,8,duplicates_allowed,uint8,10,134,6,27,2700,0.016689533,6.181308518518518e-06
b8_n8_duplicates_allowed,8,8,duplicates_allowed,uint8,10,134,7,27,2700,0.016800711,6.222485555555556e-06
b8_n8_duplicates_allowed,8,8,duplicates_allowed,uint8,10,134,8,27,2700,0.017176671,6.36173e-06
b8_n256_distinct,8,256,distinct,uint8,10,135,0,9,900,0.01636412,1.8182355555555555e-05
b8_n256_distinct,8,256,distinct,uint8,10,135,1,9,900,0.016465664,1.8295182222222222e-05
b8_n256_distinct,8,256,distinct,uint8,10,135,2,9,900,0.016943348,1.882594222222222e-05
b8_n256_distinct,8,256,distinct,uint8,10,135,3,9,900,0.017309321000000003,1.9232578888888893e-05
b8_n256_distinct,8,256,distinct,uint8,10,135,4,9,900,0.015630088,1.7366764444444445e-05
b8_n256_distinct,8,256,distinct,uint8,10,135,5,9,900,0.017604339,1.9560376666666667e-05
b8_n256_distinct,8,256,distinct,uint8,10,135,6,9,900,0.015801918,1.7557686666666668e-05
b8_n256_distinct,8,256,distinct,uint8,10,135,7,9,900,0.016296337,1.8107041111111112e-05
b8_n256_distinct,8,256,distinct,uint8,10,135,8,9,900,0.016603142,1.8447935555555557e-05
b8_n32_distinct,8,32,distinct,uint8,10,136,0,23,2300,0.016484652000000002,7.167240000000001e-06
b8_n32_distinct,8,32,distinct,uint8,10,136,1,23,2300,0.01647666,7.163765217391305e-06
b8_n32_distinct,8,32,distinct,uint8,10,136,2,23,2300,0.016447626,7.1511417391304345e-06
b8_n32_distinct,8,32,distinct,uint8,10,136,3,23,2300,0.016363749,7.11467347826087e-06
b8_n32_distinct,8,32,distinct,uint8,10,136,4,23,2300,0.016649592,7.2389530434782616e-06
b8_n32_distinct,8,32,distinct,uint8,10,136,5,23,2300,0.016224379,7.054077826086957e-06
b8_n32_distinct,8,32,distinct,uint8,10,136,6,23,2300,0.016284699,7.080303913043478e-06
b8_n32_distinct,8,32,distinct,uint8,10,136,7,23,2300,0.016385272,7.1240313043478256e-06
b8_n32_distinct,8,32,distinct,uint8,10,136,8,23,2300,0.0169056,7.3502608695652175e-06
b4_n8_distinct,4,8,distinct,uint8,10,137,0,26,2600,0.017646242,6.787016153846154e-06
b4_n8_distinct,4,8,distinct,uint8,10,137,1,26,2600,0.01524196,5.862292307692308e-06
b4_n8_distinct,4,8,distinct,uint8,10,137,2,26,2600,0.015776851,6.068019615384616e-06
b4_n8_distinct,4,8,distinct,uint8,10,137,3,26,2600,0.015817602,6.083693076923077e-06
b4_n8_distinct,4,8,distinct,uint8,10,137,4,26,2600,0.015371206,5.9120023076923075e-06
b4_n8_distinct,4,8,distinct,uint8,10,137,5,26,2600,0.015511348000000001,5.9659030769230775e-06
b4_n8_distinct,4,8,distinct,uint8,10,137,6,26,2600,0.015782338,6.07013e-06
b4_n8_distinct,4,8,distinct,uint8,10,137,7,26,2600,0.015064160000000002,5.793907692307693e-06
b4_n8_distinct,4,8,distinct,uint8,10,137,8,26,2600,0.015232796000000002,5.858767692307693e-06
b8_n2_distinct,8,2,distinct,int64,10,138,0,37,3700,0.016372903,4.4251089189189195e-06
b8_n2_distinct,8,2,distinct,int64,10,138,1,37,3700,0.016267824,4.396709189189189e-06
b8_n2_distinct,8,2,distinct,int64,10,138,2,37,3700,0.016259962,4.394584324324324e-06
b8_n2_distinct,8,2,distinct,int64,10,138,3,37,3700,0.016342067000000002,4.416774864864866e-06
b8_n2_distinct,8,2,distinct,int64,10,138,4,37,3700,0.022306342,6.028741081081081e-06
b8_n2_distinct,8,2,distinct,int64,10,138,5,37,3700,0.015561203000000001,4.2057305405405405e-06
b8_n2_distinct,8,2,distinct,int64,10,138,6,37,3700,0.016535400000000002,4.469027027027028e-06
b8_n2_distinct,8,2,distinct,int64,10,138,7,37,3700,0.015422684,4.168292972972973e-06
b8_n2_distinct,8,2,distinct,int64,10,138,8,37,3700,0.016441157,4.443555945945946e-06
b8_n8_distinct,8,8,distinct,uint8,1000,139,0,81,81,0.015561133000000001,0.00019211275308641976
b8_n8_distinct,8,8,distinct,uint8,1000,139,1,81,81,0.015251293,0.0001882875679012346
b8_n8_distinct,8,8,distinct,uint8,1000,139,2,81,81,0.016101782000000002,0.00019878743209876545
b8_n8_distinct,8,8,distinct,uint8,1000,139,3,81,81,0.015808949000000003,0.00019517220987654325
b8_n8_distinct,8,8,distinct,uint8,1000,139,4,81,81,0.015774907,0.00019475193827160495
b8_n8_distinct,8,8,distinct,uint8,1000,139,5,81,81,0.015722467,0.00019410453086419753
b8_n8_distinct,8,8,distinct,uint8,1000,139,6,81,81,0.015914088,0.00019647022222222223
b8_n8_distinct,8,8,distinct,uint8,1000,139,7,81,81,0.015466239000000001,0.00019094122222222223
b8_n8_distinct,8,8,distinct,uint8,1000,139,8,81,81,0.0158229,0.00019534444444444446
b4_n16_duplicates_allowed,4,16,duplicates_allowed,int64,10,140,0,20,2000,0.011336964000000001,5.668482000000001e-06
b4_n16_duplicates_allowed,4,16,duplicates_allowed,int64,10,140,1,20,2000,0.010808393000000001,5.4041965e-06
b4_n16_duplicates_allowed,4,16,duplicates_allowed,int64,10,140,2,20,2000,0.010468088,5.2340440000000006e-06
b4_n16_duplicates_allowed,4,16,duplicates_allowed,int64,10,140,3,20,2000,0.011086304,5.543152e-06
b4_n16_duplicates_allowed,4,16,duplicates_allowed,int64,10,140,4,20,2000,0.010921715,5.4608575e-06
b4_n16_duplicates_allowed,4,16,duplicates_allowed,int64,10,140,5,20,2000,0.010940794,5.470397e-06
b4_n16_duplicates_allowed,4,16,duplicates_allowed,int64,10,140,6,20,2000,0.010886722000000001,5.443361000000001e-06
b4_n16_duplicates_allowed,4,16,duplicates_allowed,int64,10,140,7,20,2000,0.011889161,5.944580500000001e-06
b4_n16_duplicates_allowed,4,16,duplicates_allowed,int64,10,140,8,20,2000,0.010589662000000001,5.294831e-06
b8_n16_distinct,8,16,distinct,uint8,100,141,0,55,550,0.014493807000000001,2.6352376363636367e-05
b8_n16_distinct,8,16,distinct,uint8,100,141,1,55,550,0.014719428000000001,2.6762596363636366e-05
b8_n16_distinct,8,16,distinct,uint8,100,141,2,55,550,0.014702922,2.6732585454545453e-05
b8_n16_distinct,8,16,distinct,uint8,100,141,3,55,550,0.014870267000000001,2.7036849090909094e-05
b8_n16_distinct,8,16,distinct,uint8,100,141,4,55,550,0.014928374000000001,2.7142498181818185e-05
b8_n16_distinct,8,16,distinct,uint8,100,141,5,55,550,0.015067626,2.739568363636364e-05
b8_n16_distinct,8,16,distinct,uint8,100,141,6,55,550,0.014817056,2.694010181818182e-05
b8_n16_distinct,8,16,distinct,uint8,100,141,7,55,550,0.015395472,2.7991767272727274e-05
b8_n16_distinct,8,16,distinct,uint8,100,141,8,55,550,0.014950388,2.7182523636363638e-05
b8_n4_duplicates_allowed,8,4,duplicates_allowed,uint8,1,142,0,4,4000,0.01630478,4.0761950000000005e-06
b8_n4_duplicates_allowed,8,4,duplicates_allowed,uint8,1,142,1,4,4000,0.01617255,4.0431375e-06
b8_n4_duplicates_allowed,8,4,duplicates_allowed,uint8,1,142,2,4,4000,0.016465693,4.11642325e-06
b8_n4_duplicates_allowed,8,4,duplicates_allowed,uint8,1,142,3,4,4000,0.016881895,4.22047375e-06
b8_n4_duplicates_allowed,8,4,duplicates_allowed,uint8,1,142,4,4,4000,0.01686619,4.2165475e-06
b8_n4_duplicates_allowed,8,4,duplicates_allowed,uint8,1,142,5,4,4000,0.016127231000000002,4.0318077500000005e-06
b8_n4_duplicates_allowed,8,4,duplicates_allowed,uint8,1,142,6,4,4000,0.016862665000000002,4.21566625e-06
b8_n4_duplicates_allowed,8,4,duplicates_allowed,uint8,1,142,7,4,4000,0.016821703,4.20542575e-06
b8_n4_duplicates_allowed,8,4,duplicates_allowed,uint8,1,142,8,4,4000,0.016469029,4.11725725e-06
b8_n128_duplicates_allowed,8,128,duplicates_allowed,uint8,10,143,0,14,1400,0.01707042,1.2193157142857142e-05
b8_n128_duplicates_allowed,8,128,duplicates_allowed,uint8,10,143,1,14,1400,0.016828533,1.2020380714285715e-05
b8_n128_duplicates_allowed,8,128,duplicates_allowed,uint8,10,143,2,14,1400,0.016383759,1.1702685000000001e-05
b8_n128_duplicates_allowed,8,128,duplicates_allowed,uint8,10,143,3,14,1400,0.01657575,1.183982142857143e-05
b8_n128_duplicates_allowed,8,128,duplicates_allowed,uint8,10,143,4,14,1400,0.016402038,1.171574142857143e-05
b8_n128_duplicates_allowed,8,128,duplicates_allowed,uint8,10,143,5,14,1400,0.016794902,1.1996358571428571e-05
b8_n128_duplicates_allowed,8,128,duplicates_allowed,uint8,10,143,6,14,1400,0.016043925,1.1459946428571428e-05
b8_n128_duplicates_allowed,8,128,duplicates_allowed,uint8,10,143,7,14,1400,0.015825374,1.1303838571428571e-05
b8_n128_duplicates_allowed,8,128,duplicates_allowed,uint8,10,143,8,14,1400,0.016237739,1.1598385000000001e-05
b4_n2_duplicates_allowed,4,2,duplicates_allowed,int64,10,144,0,37,3700,0.016209074,4.380830810810811e-06
b4_n2_duplicates_allowed,4,2,duplicates_allowed,int64,10,144,1,37,3700,0.015847717,4.283166756756757e-06
b4_n2_duplicates_allowed,4,2,duplicates_allowed,int64,10,144,2,37,3700,0.01623904,4.388929729729729e-06
b4_n2_duplicates_allowed,4,2,duplicates_allowed,int64,10,144,3,37,3700,0.015627364,4.223611891891892e-06
b4_n2_duplicates_allowed,4,2,duplicates_allowed,int64,10,144,4,37,3700,0.015786454000000002,4.26660918918919e-06
b4_n2_duplicates_allowed,4,2,duplicates_allowed,int64,10,144,5,37,3700,0.016463871,4.4496948648648655e-06
b4_n2_duplicates_allowed,4,2,duplicates_allowed,int64,10,144,6,37,3700,0.01654956,4.472854054054055e-06
b4_n2_duplicates_allowed,4,2,duplicates_allowed,int64,10,144,7,37,3700,0.016427476,4.439858378378378e-06
b4_n2_duplicates_allowed,4,2,duplicates_allowed,int64,10,144,8,37,3700,0.016690174000000002,4.510857837837838e-06
b8_n2_distinct,8,2,distinct,int64,1,145,0,4,4000,0.01582954,3.957385e-06
b8_n2_distinct,8,2,distinct,int64,1,145,1,4,4000,0.016032197,4.00804925e-06
b8_n2_distinct,8,2,distinct,int64,1,145,2,4,4000,0.016313243,4.078310750000001e-06
b8_n2_distinct,8,2,distinct,int64,1,145,3,4,4000,0.016217538,4.0543845e-06
b8_n2_distinct,8,2,distinct,int64,1,145,4,4,4000,0.016278731,4.0696827500000005e-06
b8_n2_distinct,8,2,distinct,int64,1,145,5,4,4000,0.016356618,4.0891545e-06
b8_n2_distinct,8,2,distinct,int64,1,145,6,4,4000,0.015958555,3.98963875e-06
b8_n2_distinct,8,2,distinct,int64,1,145,7,4,4000,0.015605831,3.90145775e-06
b8_n2_distinct,8,2,distinct,int64,1,145,8,4,4000,0.015930744,3.982686e-06
b4_n16_distinct,4,16,distinct,int64,100,146,0,68,680,0.011497468,1.6908041176470587e-05
b4_n16_distinct,4,16,distinct,int64,100,146,1,68,680,0.010774913,1.584546029411765e-05
b4_n16_distinct,4,16,distinct,int64,100,146,2,68,680,0.010932682,1.6077473529411766e-05
b4_n16_distinct,4,16,distinct,int64,100,146,3,68,680,0.010855735,1.596431617647059e-05
b4_n16_distinct,4,16,distinct,int64,100,146,4,68,680,0.010689152,1.571934117647059e-05
b4_n16_distinct,4,16,distinct,int64,100,146,5,68,680,0.010974214000000001,1.613855e-05
b4_n16_distinct,4,16,distinct,int64,100,146,6,68,680,0.010887113,1.6010460294117648e-05
b4_n16_distinct,4,16,distinct,int64,100,146,7,68,680,0.011433621000000001,1.6814148529411767e-05
b4_n16_distinct,4,16,distinct,int64,100,146,8,68,680,0.01056849,1.554189705882353e-05
b8_n32_distinct,8,32,distinct,uint8,100,147,0,46,460,0.016437791,3.5734328260869564e-05
b8_n32_distinct,8,32,distinct,uint8,100,147,1,46,460,0.015352617,3.337525434782609e-05
b8_n32_distinct,8,32,distinct,uint8,100,147,2,46,460,0.016333484000000002,3.550757391304348e-05
b8_n32_distinct,8,32,distinct,uint8,100,147,3,46,460,0.015562615,3.3831771739130434e-05
b8_n32_distinct,8,32,distinct,uint8,100,147,4,46,460,0.015480852000000002,3.365402608695652e-05
b8_n32_distinct,8,32,distinct,uint8,100,147,5,46,460,0.015778833000000003,3.430181086956522e-05
b8_n32_distinct,8,32,distinct,uint8,100,147,6,46,460,0.015973669,3.472536739130435e-05
b8_n32_distinct,8,32,distinct,uint8,100,147,7,46,460,0.015683178000000002,3.409386521739131e-05
b8_n32_distinct,8,32,distinct,uint8,100,147,8,46,460,0.015378166,3.343079565217392e-05
b4_n16_duplicates_allowed,4,16,duplicates_allowed,uint8,10,148,0,21,2100,0.013123651,6.249357619047619e-06
b4_n16_duplicates_allowed,4,16,duplicates_allowed,uint8,10,148,1,21,2100,0.013266505000000001,6.317383333333334e-06
b4_n16_duplicates_allowed,4,16,duplicates_allowed,uint8,10,148,2,21,2100,0.013395711000000001,6.378910000000001e-06
b4_n16_duplicates_allowed,4,16,duplicates_allowed,uint8,10,148,3,21,2100,0.013227547000000001,6.2988319047619056e-06
b4_n16_duplicates_allowed,4,16,duplicates_allowed,uint8,10,148,4,21,2100,0.013509794,6.4332352380952385e-06
b4_n16_duplicates_allowed,4,16,duplicates_allowed,uint8,10,148,5,21,2100,0.014730625,7.014583333333334e-06
b4_n16_duplicates_allowed,4,16,duplicates_allowed,uint8,10,148,6,21,2100,0.013776539,6.560256666666667e-06
b4_n16_duplicates_allowed,4,16,duplicates_allowed,uint8,10,148,7,21,2100,0.013944664,6.640316190476191e-06
b4_n16_duplicates_allowed,4,16,duplicates_allowed,uint8,10,148,8,21,2100,0.013960037000000002,6.647636666666668e-06
b4_n16_distinct,4,16,distinct,int64,1,149,0,4,4000,0.016443531,4.11088275e-06
b4_n16_distinct,4,16,distinct,int64,1,149,1,4,4000,0.016833081,4.20827025e-06
b4_n16_distinct,4,16,distinct,int64,1,149,2,4,4000,0.016631435,4.15785875e-06
b4_n16_distinct,4,16,distinct,int64,1,149,3,4,4000,0.016648952,4.162238e-06
b4_n16_distinct,4,16,distinct,int64,1,149,4,4,4000,0.017257564,4.314391e-06
b4_n16_distinct,4,16,distinct,int64,1,149,5,4,4000,0.017134818,4.2837045e-06
b4_n16_distinct,4,16,distinct,int64,1,149,6,4,4000,0.016552496,4.138124e-06
b4_n16_distinct,4,16,distinct,int64,1,149,7,4,4000,0.017358478,4.3396195e-06
b4_n16_distinct,4,16,distinct,int64,1,149,8,4,4000,0.016262136,4.065534e-06
b4_n16_duplicates_allowed,4,16,duplicates_allowed,uint8,100,150,0,61,610,0.016563864,2.7153875409836067e-05
b4_n16_duplicates_allowed,4,16,duplicates_allowed,uint8,100,150,1,61,610,0.015832424,2.5954793442622954e-05
b4_n16_duplicates_allowed,4,16,duplicates_allowed,uint8,100,150,2,61,610,0.016202235000000002,2.6561040983606562e-05
b4_n16_duplicates_allowed,4,16,duplicates_allowed,uint8,100,150,3,61,610,0.01598144,2.6199081967213115e-05
b4_n16_duplicates_allowed,4,16,duplicates_allowed,uint8,100,150,4,61,610,0.016118208000000002,2.642329180327869e-05
b4_n16_duplicates_allowed,4,16,duplicates_allowed,uint8,100,150,5,61,610,0.015990614,2.6214121311475412e-05
b4_n16_duplicates_allowed,4,16,duplicates_allowed,uint8,100,150,6,61,610,0.017026965,2.7913057377049182e-05
b4_n16_duplicates_allowed,4,16,duplicates_allowed,uint8,100,150,7,61,610,0.020497134,3.3601859016393444e-05
b4_n16_duplicates_allowed,4,16,duplicates_allowed,uint8,100,150,8,61,610,0.016135904,2.645230163934426e-05
b4_n2_distinct,4,2,distinct,int64,100,151,0,257,2570,0.016091106,6.2611307392996115e-06
b4_n2_distinct,4,2,distinct,int64,100,151,1,257,2570,0.015983633,6.219312451361868e-06
b4_n2_distinct,4,2,distinct,int64,100,151,2,257,2570,0.014970328000000001,5.825030350194553e-06
b4_n2_distinct,4,2,distinct,int64,100,151,3,257,2570,0.015647333,6.088456420233463e-06
b4_n2_distinct,4,2,distinct,int64,100,151,4,257,2570,0.016000309,6.225801167315175e-06
b4_n2_distinct,4,2,distinct,int64,100,151,5,257,2570,0.015669047000000002,6.096905447470818e-06
b4_n2_distinct,4,2,distinct,int64,100,151,6,257,2570,0.015469414,6.0192272373540855e-06
b4_n2_distinct,4,2,distinct,int64,100,151,7,257,2570,0.016080841000000002,6.257136575875487e-06
b4_n2_distinct,4,2,distinct,int64,100,151,8,257,2570,0.015346057000000001,5.971228404669261e-06
b8_n4_duplicates_allowed,8,4,duplicates_allowed,int64,1,152,0,4,4000,0.015943963000000002,3.98599075e-06
b8_n4_duplicates_allowed,8,4,duplicates_allowed,int64,1,152,1,4,4000,0.015993588,3.998397e-06
b8_n4_duplicates_allowed,8,4,duplicates_allowed,int64,1,152,2,4,4000,0.016094942,4.0237355000000006e-06
b8_n4_duplicates_allowed,8,4,duplicates_allowed,int64,1,152,3,4,4000,0.016726400000000002,4.181600000000001e-06
b8_n4_duplicates_allowed,8,4,duplicates_allowed,int64,1,152,4,4,4000,0.015530357000000002,3.8825892500000005e-06
b8_n4_duplicates_allowed,8,4,duplicates_allowed,int64,1,152,5,4,4000,0.015793416,3.948354e-06
b8_n4_duplicates_allowed,8,4,duplicates_allowed,int64,1,152,6,4,4000,0.016367395,4.09184875e-06
b8_n4_duplicates_allowed,8,4,duplicates_allowed,int64,1,152,7,4,4000,0.016058066,4.0145164999999996e-06
b8_n4_duplicates_allowed,8,4,duplicates_allowed,int64,1,152,8,4,4000,0.016132138,4.0330345e-06
b4_n16_duplicates_allowed,4,16,duplicates_allowed,int64,100,153,0,70,700,0.011345754000000001,1.6208220000000003e-05
b4_n16_duplicates_allowed,4,16,duplicates_allowed,int64,100,153,1,70,700,0.011294377000000001,1.613482428571429e-05
b4_n16_duplicates_allowed,4,16,duplicates_allowed,int64,100,153,2,70,700,0.011845843,1.692263285714286e-05
b4_n16_duplicates_allowed,4,16,duplicates_allowed,int64,100,153,3,70,700,0.011114424000000001,1.5877748571428572e-05
b4_n16_duplicates_allowed,4,16,duplicates_allowed,int64,100,153,4,70,700,0.010750513000000001,1.5357875714285716e-05
b4_n16_duplicates_allowed,4,16,duplicates_allowed,int64,100,153,5,70,700,0.011508912000000001,1.6441302857142858e-05
b4_n16_duplicates_allowed,4,16,duplicates_allowed,int64,100,153,6,70,700,0.010828230000000001,1.54689e-05
b4_n16_duplicates_allowed,4,16,duplicates_allowed,int64,100,153,7,70,700,0.010975183000000001,1.567883285714286e-05
b4_n16_duplicates_allowed,4,16,duplicates_allowed,int64,100,153,8,70,700,0.012039125000000001,1.7198750000000002e-05
b8_n4_duplicates_allowed,8,4,duplicates_allowed,int64,10,154,0,35,3500,0.016064706,4.589916e-06
b8_n4_duplicates_allowed,8,4,duplicates_allowed,int64,10,154,1,35,3500,0.015527121000000001,4.436320285714286e-06
b8_n4_duplicates_allowed,8,4,duplicates_allowed,int64,10,154,2,35,3500,0.015730149000000002,4.494328285714286e-06
b8_n4_duplicates_allowed,8,4,duplicates_allowed,int64,10,154,3,35,3500,0.015756239000000002,4.501782571428572e-06
b8_n4_duplicates_allowed,8,4,duplicates_allowed,int64,10,154,4,35,3500,0.01592159,4.549025714285714e-06
b8_n4_duplicates_allowed,8,4,duplicates_allowed,int64,10,154,5,35,3500,0.016310429,4.660122571428572e-06
b8_n4_duplicates_allowed,8,4,duplicates_allowed,int64,10,154,6,35,3500,0.015945606,4.555887428571429e-06
b8_n4_duplicates_allowed,8,4,duplicates_allowed,int64,10,154,7,35,3500,0.017545701,5.013057428571428e-06
b8_n4_duplicates_allowed,8,4,duplicates_allowed,int64,10,154,8,35,3500,0.01916854,5.476725714285715e-06
b4_n8_distinct,4,8,distinct,int64,100,155,0,153,1530,0.0157968,1.032470588235294e-05
b4_n8_distinct,4,8,distinct,int64,100,155,1,153,1530,0.016479315,1.077079411764706e-05
b4_n8_distinct,4,8,distinct,int64,100,155,2,153,1530,0.015515174000000001,1.0140636601307191e-05
b4_n8_distinct,4,8,distinct,int64,100,155,3,153,1530,0.015507061,1.0135333986928105e-05
b4_n8_distinct,4,8,distinct,int64,100,155,4,153,1530,0.015354600000000001,1.0035686274509805e-05
b4_n8_distinct,4,8,distinct,int64,100,155,5,153,1530,0.015182981000000002,9.923516993464054e-06
b4_n8_distinct,4,8,distinct,int64,100,155,6,153,1530,0.015698772,1.0260635294117646e-05
b4_n8_distinct,4,8,distinct,int64,100,155,7,153,1530,0.015154167000000001,9.904684313725491e-06
b4_n8_distinct,4,8,distinct,int64,100,155,8,153,1530,0.015505950000000001,1.0134607843137255e-05
b4_n16_duplicates_allowed,4,16,duplicates_allowed,int64,1,156,0,3,3000,0.015296112,5.098704e-06
b4_n16_duplicates_allowed,4,16,duplicates_allowed,int64,1,156,1,3,3000,0.014051485,4.683828333333334e-06
b4_n16_duplicates_allowed,4,16,duplicates_allowed,int64,1,156,2,3,3000,0.014227062,4.7423540000000005e-06
b4_n16_duplicates_allowed,4,16,duplicates_allowed,int64,1,156,3,3,3000,0.016478403000000003,5.492801000000001e-06
b4_n16_duplicates_allowed,4,16,duplicates_allowed,int64,1,156,4,3,3000,0.014931138000000002,4.977046000000001e-06
b4_n16_duplicates_allowed,4,16,duplicates_allowed,int64,1,156,5,3,3000,0.013664599000000001,4.554866333333334e-06
b4_n16_duplicates_allowed,4,16,duplicates_allowed,int64,1,156,6,3,3000,0.014782372,4.927457333333334e-06
b4_n16_duplicates_allowed,4,16,duplicates_allowed,int64,1,156,7,3,3000,0.014443028,4.814342666666667e-06
b4_n16_duplicates_allowed,4,16,duplicates_allowed,int64,1,156,8,3,3000,0.013735757000000001,4.578585666666667e-06
b8_n32_duplicates_allowed,8,32,duplicates_allowed,uint8,1000,157,0,45,45,0.014460826000000001,0.0003213516888888889
b8_n32_duplicates_allowed,8,32,duplicates_allowed,uint8,1000,157,1,45,45,0.014807781,0.0003290618
b8_n32_duplicates_allowed,8,32,duplicates_allowed,uint8,1000,157,2,45,45,0.015536566000000002,0.00034525702222222224
b8_n32_duplicates_allowed,8,32,duplicates_allowed,uint8,1000,157,3,45,45,0.015610718,0.0003469048444444445
b8_n32_duplicates_allowed,8,32,duplicates_allowed,uint8,1000,157,4,45,45,0.014272330000000001,0.00031716288888888894
b8_n32_duplicates_allowed,8,32,duplicates_allowed,uint8,1000,157,5,45,45,0.014481957,0.0003218212666666667
b8_n32_duplicates_allowed,8,32,duplicates_allowed,uint8,1000,157,6,45,45,0.013853175,0.00030784833333333337
b8_n32_duplicates_allowed,8,32,duplicates_allowed,uint8,1000,157,7,45,45,0.016463782,0.0003658618222222222
b8_n32_duplicates_allowed,8,32,duplicates_allowed,uint8,1000,157,8,45,45,0.022705079000000003,0.0005045573111111111
b8_n128_distinct,8,128,distinct,uint8,1000,158,0,17,17,0.013387569,0.0007875040588235294
b8_n128_distinct,8,128,distinct,uint8,1000,158,1,17,17,0.014851598,0.0008736234117647059
b8_n128_distinct,8,128,distinct,uint8,1000,158,2,17,17,0.013414711000000001,0.0007891006470588236
b8_n128_distinct,8,128,distinct,uint8,1000,158,3,17,17,0.013315059,0.0007832387647058824
b8_n128_distinct,8,128,distinct,uint8,1000,158,4,17,17,0.013353938000000001,0.0007855257647058824
b8_n128_distinct,8,128,distinct,uint8,1000,158,5,17,17,0.015192405,0.0008936708823529412
b8_n128_distinct,8,128,distinct,uint8,1000,158,6,17,17,0.014474677000000002,0.0008514515882352943
b8_n128_distinct,8,128,distinct,uint8,1000,158,7,17,17,0.013762888000000001,0.0008095816470588236
b8_n128_distinct,8,128,distinct,uint8,1000,158,8,17,17,0.013409642000000001,0.0007888024705882354
b8_n16_distinct,8,16,distinct,int64,100,159,0,70,700,0.012879940000000001,1.8399914285714287e-05
b8_n16_distinct,8,16,distinct,int64,100,159,1,70,700,0.012462147000000002,1.7803067142857143e-05
b8_n16_distinct,8,16,distinct,int64,100,159,2,70,700,0.013707294,1.9581848571428573e-05
b8_n16_distinct,8,16,distinct,int64,100,159,3,70,700,0.011482071,1.6402958571428572e-05
b8_n16_distinct,8,16,distinct,int64,100,159,4,70,700,0.011020262000000001,1.574323142857143e-05
b8_n16_distinct,8,16,distinct,int64,100,159,5,70,700,0.011384473,1.626353285714286e-05
b8_n16_distinct,8,16,distinct,int64,100,159,6,70,700,0.011153554000000001,1.5933648571428573e-05
b8_n16_distinct,8,16,distinct,int64,100,159,7,70,700,0.011485917,1.6408452857142857e-05
b8_n16_distinct,8,16,distinct,int64,100,159,8,70,700,0.010995554000000001,1.5707934285714288e-05
b8_n8_duplicates_allowed,8,8,duplicates_allowed,uint8,1,160,0,4,4000,0.017183663000000002,4.29591575e-06
b8_n8_duplicates_allowed,8,8,duplicates_allowed,uint8,1,160,1,4,4000,0.017612963000000002,4.40324075e-06
b8_n8_duplicates_allowed,8,8,duplicates_allowed,uint8,1,160,2,4,4000,0.016763056000000002,4.1907640000000005e-06
b8_n8_duplicates_allowed,8,8,duplicates_allowed,uint8,1,160,3,4,4000,0.017391197,4.3477992500000006e-06
b8_n8_duplicates_allowed,8,8,duplicates_allowed,uint8,1,160,4,4,4000,0.016831969000000002,4.207992250000001e-06
b8_n8_duplicates_allowed,8,8,duplicates_allowed,uint8,1,160,5,4,4000,0.017124593,4.28114825e-06
b8_n8_duplicates_allowed,8,8,duplicates_allowed,uint8,1,160,6,4,4000,0.017229361000000002,4.30734025e-06
b8_n8_duplicates_allowed,8,8,duplicates_allowed,uint8,1,160,7,4,4000,0.015980238,3.9950595e-06
b8_n8_duplicates_allowed,8,8,duplicates_allowed,uint8,1,160,8,4,4000,0.016318672,4.079668e-06
b4_n16_distinct,4,16,distinct,uint8,1,161,0,4,4000,0.016708192,4.1770480000000005e-06
b4_n16_distinct,4,16,distinct,uint8,1,161,1,4,4000,0.016669002000000002,4.1672505e-06
b4_n16_distinct,4,16,distinct,uint8,1,161,2,4,4000,0.016412894,4.1032235e-06
b4_n16_distinct,4,16,distinct,uint8,1,161,3,4,4000,0.016232921,4.058230250000001e-06
b4_n16_distinct,4,16,distinct,uint8,1,161,4,4,4000,0.016569472000000002,4.142368e-06
b4_n16_distinct,4,16,distinct,uint8,1,161,5,4,4000,0.016532175,4.13304375e-06
b4_n16_distinct,4,16,distinct,uint8,1,161,6,4,4000,0.021462167,5.365541750000001e-06
b4_n16_distinct,4,16,distinct,uint8,1,161,7,4,4000,0.016458634,4.1146584999999996e-06
b4_n16_distinct,4,16,distinct,uint8,1,161,8,4,4000,0.021000908000000002,5.250227000000001e-06
b4_n8_duplicates_allowed,4,8,duplicates_allowed,int64,1,162,0,4,4000,0.015941069000000002,3.98526725e-06
b4_n8_duplicates_allowed,4,8,duplicates_allowed,int64,1,162,1,4,4000,0.016815604,4.203901e-06
b4_n8_duplicates_allowed,4,8,duplicates_allowed,int64,1,162,2,4,4000,0.015921118,3.9802795e-06
b4_n8_duplicates_allowed,4,8,duplicates_allowed,int64,1,162,3,4,4000,0.015860907,3.9652267500000004e-06
b4_n8_duplicates_allowed,4,8,duplicates_allowed,int64,1,162,4,4,4000,0.016213001,4.05325025e-06
b4_n8_duplicates_allowed,4,8,duplicates_allowed,int64,1,162,5,4,4000,0.015973578000000002,3.9933945000000005e-06
b4_n8_duplicates_allowed,4,8,duplicates_allowed,int64,1,162,6,4,4000,0.015705652,3.926413e-06
b4_n8_duplicates_allowed,4,8,duplicates_allowed,int64,1,162,7,4,4000,0.027737036000000003,6.934259000000001e-06
b4_n8_duplicates_allowed,4,8,duplicates_allowed,int64,1,162,8,4,4000,0.019324446000000002,4.831111500000001e-06
b8_n2_duplicates_allowed,8,2,duplicates_allowed,uint8,1000,163,0,166,166,0.015885255,9.569430722891567e-05
b8_n2_duplicates_allowed,8,2,duplicates_allowed,uint8,1000,163,1,166,166,0.015070640000000001,9.078698795180724e-05
b8_n2_duplicates_allowed,8,2,duplicates_allowed,uint8,1000,163,2,166,166,0.014999252000000001,9.035693975903615e-05
b8_n2_duplicates_allowed,8,2,duplicates_allowed,uint8,1000,163,3,166,166,0.016307214,9.823622891566266e-05
b8_n2_duplicates_allowed,8,2,duplicates_allowed,uint8,1000,163,4,166,166,0.015230753000000001,9.175152409638555e-05
b8_n2_duplicates_allowed,8,2,duplicates_allowed,uint8,1000,163,5,166,166,0.015133776000000002,9.116732530120483e-05
b8_n2_duplicates_allowed,8,2,duplicates_allowed,uint8,1000,163,6,166,166,0.017067546,0.0001028165421686747
b8_n2_duplicates_allowed,8,2,duplicates_allowed,uint8,1000,163,7,166,166,0.016820772,0.00010132995180722892
b8_n2_duplicates_allowed,8,2,duplicates_allowed,uint8,1000,163,8,166,166,0.022550486,0.0001358463012048193
b8_n4_duplicates_allowed,8,4,duplicates_allowed,uint8,10,164,0,27,2700,0.020865662,7.728022962962963e-06
b8_n4_duplicates_allowed,8,4,duplicates_allowed,uint8,10,164,1,27,2700,0.02005942,7.429414814814815e-06
b8_n4_duplicates_allowed,8,4,duplicates_allowed,uint8,10,164,2,27,2700,0.015857803,5.8732603703703704e-06
b8_n4_duplicates_allowed,8,4,duplicates_allowed,uint8,10,164,3,27,2700,0.015970404,5.9149644444444444e-06
b8_n4_duplicates_allowed,8,4,duplicates_allowed,uint8,10,164,4,27,2700,0.015455113000000001,5.7241159259259265e-06
b8_n4_duplicates_allowed,8,4,duplicates_allowed,uint8,10,164,5,27,2700,0.015244042000000001,5.645941481481482e-06
b8_n4_duplicates_allowed,8,4,duplicates_allowed,uint8,10,164,6,27,2700,0.015476245000000001,5.731942592592593e-06
b8_n4_duplicates_allowed,8,4,duplicates_allowed,uint8,10,164,7,27,2700,0.018161825,6.726601851851852e-06
b8_n4_duplicates_allowed,8,4,duplicates_allowed,uint8,10,164,8,27,2700,0.015134136000000001,5.605235555555556e-06
b8_n16_duplicates_allowed,8,16,duplicates_allowed,int64,1,165,0,4,4000,0.01885154,4.712885e-06
b8_n16_duplicates_allowed,8,16,duplicates_allowed,int64,1,165,1,4,4000,0.018649424,4.662356e-06
b8_n16_duplicates_allowed,8,16,duplicates_allowed,int64,1,165,2,4,4000,0.018261826000000002,4.565456500000001e-06
b8_n16_duplicates_allowed,8,16,duplicates_allowed,int64,1,165,3,4,4000,0.017698021,4.42450525e-06
b8_n16_duplicates_allowed,8,16,duplicates_allowed,int64,1,165,4,4,4000,0.017790642000000002,4.447660500000001e-06
b8_n16_duplicates_allowed,8,16,duplicates_allowed,int64,1,165,5,4,4000,0.017710381,4.42759525e-06
b8_n16_duplicates_allowed,8,16,duplicates_allowed,int64,1,165,6,4,4000,0.017626643,4.40666075e-06
b8_n16_duplicates_allowed,8,16,duplicates_allowed,int64,1,165,7,4,4000,0.018641612000000002,4.660403e-06
b8_n16_duplicates_allowed,8,16,duplicates_allowed,int64,1,165,8,4,4000,0.018294326,4.5735815e-06
b4_n8_distinct,4,8,distinct,uint8,100,166,0,49,490,0.012243335000000001,2.4986397959183674e-05
b4_n8_distinct,4,8,distinct,uint8,100,166,1,49,490,0.011813363,2.4108904081632654e-05
b4_n8_distinct,4,8,distinct,uint8,100,166,2,49,490,0.010725445,2.1888663265306123e-05
b4_n8_distinct,4,8,distinct,uint8,100,166,3,49,490,0.011541873000000001,2.355484285714286e-05
b4_n8_distinct,4,8,distinct,uint8,100,166,4,49,490,0.011690317,2.385778979591837e-05
b4_n8_distinct,4,8,distinct,uint8,100,166,5,49,490,0.011002594000000001,2.245427346938776e-05
b4_n8_distinct,4,8,distinct,uint8,100,166,6,49,490,0.014645706000000001,2.988919591836735e-05
b4_n8_distinct,4,8,distinct,uint8,100,166,7,49,490,0.011519708,2.3509608163265307e-05
b4_n8_distinct,4,8,distinct,uint8,100,166,8,49,490,0.011388769,2.3242385714285715e-05
b8_n16_distinct,8,16,distinct,uint8,1,167,0,4,4000,0.022216661000000002,5.554165250000001e-06
b8_n16_distinct,8,16,distinct,uint8,1,167,1,4,4000,0.021527246,5.3818115e-06
b8_n16_distinct,8,16,distinct,uint8,1,167,2,4,4000,0.022384024000000002,5.596006000000001e-06
b8_n16_distinct,8,16,distinct,uint8,1,167,3,4,4000,0.023269997,5.81749925e-06
b8_n16_distinct,8,16,distinct,uint8,1,167,4,4,4000,0.019712724,4.928181e-06
b8_n16_distinct,8,16,distinct,uint8,1,167,5,4,4000,0.016661872,4.165468e-06
b8_n16_distinct,8,16,distinct,uint8,1,167,6,4,4000,0.017816561,4.45414025e-06
b8_n16_distinct,8,16,distinct,uint8,1,167,7,4,4000,0.017257565000000002,4.314391250000001e-06
b8_n16_distinct,8,16,distinct,uint8,1,167,8,4,4000,0.016921434000000003,4.230358500000001e-06
b4_n2_duplicates_allowed,4,2,duplicates_allowed,int64,1,168,0,4,4000,0.017592762,4.3981905e-06
b4_n2_duplicates_allowed,4,2,duplicates_allowed,int64,1,168,1,4,4000,0.017767537,4.44188425e-06
b4_n2_duplicates_allowed,4,2,duplicates_allowed,int64,1,168,2,4,4000,0.016858549,4.2146372500000005e-06
b4_n2_duplicates_allowed,4,2,duplicates_allowed,int64,1,168,3,4,4000,0.016630984,4.157746e-06
b4_n2_duplicates_allowed,4,2,duplicates_allowed,int64,1,168,4,4,4000,0.016627950000000002,4.156987500000001e-06
b4_n2_duplicates_allowed,4,2,duplicates_allowed,int64,1,168,5,4,4000,0.015329081000000001,3.83227025e-06
b4_n2_duplicates_allowed,4,2,duplicates_allowed,int64,1,168,6,4,4000,0.015172144,3.793036e-06
b4_n2_duplicates_allowed,4,2,duplicates_allowed,int64,1,168,7,4,4000,0.015459189000000002,3.864797250000001e-06
b4_n2_duplicates_allowed,4,2,duplicates_allowed,int64,1,168,8,4,4000,0.015311554000000002,3.8278885000000004e-06
b4_n4_duplicates_allowed,4,4,duplicates_allowed,int64,10,169,0,35,3500,0.015112313,4.3178037142857145e-06
b4_n4_duplicates_allowed,4,4,duplicates_allowed,int64,10,169,1,35,3500,0.015519681,4.434194571428571e-06
b4_n4_duplicates_allowed,4,4,duplicates_allowed,int64,10,169,2,35,3500,0.015081877,4.309107714285714e-06
b4_n4_duplicates_allowed,4,4,duplicates_allowed,int64,10,169,3,35,3500,0.015100465,4.314418571428572e-06
b4_n4_duplicates_allowed,4,4,duplicates_allowed,int64,10,169,4,35,3500,0.015365637000000001,4.390182000000001e-06
b4_n4_duplicates_allowed,4,4,duplicates_allowed,int64,10,169,5,35,3500,0.015044631000000001,4.298466e-06
b4_n4_duplicates_allowed,4,4,duplicates_allowed,int64,10,169,6,35,3500,0.015012762,4.289360571428572e-06
b4_n4_duplicates_allowed,4,4,duplicates_allowed,int64,10,169,7,35,3500,0.014974965000000002,4.278561428571429e-06
b4_n4_duplicates_allowed,4,4,duplicates_allowed,int64,10,169,8,35,3500,0.015382313000000002,4.394946571428572e-06
b4_n4_duplicates_allowed,4,4,duplicates_allowed,uint8,100,170,0,86,860,0.015321721000000002,1.7815954651162793e-05
b4_n4_duplicates_allowed,4,4,duplicates_allowed,uint8,100,170,1,86,860,0.015108467,1.756798488372093e-05
b4_n4_duplicates_allowed,4,4,duplicates_allowed,uint8,100,170,2,86,860,0.016993975,1.976043604651163e-05
b4_n4_duplicates_allowed,4,4,duplicates_allowed,uint8,100,170,3,86,860,0.015155149000000001,1.762226627906977e-05
b4_n4_duplicates_allowed,4,4,duplicates_allowed,uint8,100,170,4,86,860,0.015006242000000001,1.7449118604651164e-05
b4_n4_duplicates_allowed,4,4,duplicates_allowed,uint8,100,170,5,86,860,0.015147436,1.7613297674418605e-05
b4_n4_duplicates_allowed,4,4,duplicates_allowed,uint8,100,170,6,86,860,0.01543356,1.7946e-05
b4_n4_duplicates_allowed,4,4,duplicates_allowed,uint8,100,170,7,86,860,0.015073554000000001,1.7527388372093024e-05
b4_n4_duplicates_allowed,4,4,duplicates_allowed,uint8,100,170,8,86,860,0.015493161000000002,1.8015303488372094e-05
b8_n32_duplicates_allowed,8,32,duplicates_allowed,uint8,100,171,0,46,460,0.015856391,3.4470415217391306e-05
b8_n32_duplicates_allowed,8,32,duplicates_allowed,uint8,100,171,1,46,460,0.015600052000000001,3.391315652173913e-05
b8_n32_duplicates_allowed,8,32,duplicates_allowed,uint8,100,171,2,46,460,0.015958005,3.46913152173913e-05
b8_n32_duplicates_allowed,8,32,duplicates_allowed,uint8,100,171,3,46,460,0.015464507,3.361849347826087e-05
b8_n32_duplicates_allowed,8,32,duplicates_allowed,uint8,100,171,4,46,460,0.015447521,3.3581567391304346e-05
b8_n32_duplicates_allowed,8,32,duplicates_allowed,uint8,100,171,5,46,460,0.015626001,3.396956739130435e-05
b8_n32_duplicates_allowed,8,32,duplicates_allowed,uint8,100,171,6,46,460,0.015685952,3.4099895652173914e-05
b8_n32_duplicates_allowed,8,32,duplicates_allowed,uint8,100,171,7,46,460,0.015567963,3.384339782608696e-05
b8_n32_duplicates_allowed,8,32,duplicates_allowed,uint8,100,171,8,46,460,0.015397294,3.347237826086957e-05
b4_n2_duplicates_allowed,4,2,duplicates_allowed,int64,100,172,0,172,1720,0.010425981,6.061616860465117e-06
b4_n2_duplicates_allowed,4,2,duplicates_allowed,int64,100,172,1,172,1720,0.010423998,6.060463953488372e-06
b4_n2_duplicates_allowed,4,2,duplicates_allowed,int64,100,172,2,172,1720,0.014260832000000001,8.291181395348838e-06
b4_n2_duplicates_allowed,4,2,duplicates_allowed,int64,100,172,3,172,1720,0.010536769000000001,6.126028488372093e-06
b4_n2_duplicates_allowed,4,2,duplicates_allowed,int64,100,172,4,172,1720,0.011187825,6.5045494186046516e-06
b4_n2_duplicates_allowed,4,2,duplicates_allowed,int64,100,172,5,172,1720,0.010463687000000001,6.0835389534883725e-06
b4_n2_duplicates_allowed,4,2,duplicates_allowed,int64,100,172,6,172,1720,0.010291407,5.983376162790698e-06
b4_n2_duplicates_allowed,4,2,duplicates_allowed,int64,100,172,7,172,1720,0.011268527,6.551469186046512e-06
b4_n2_duplicates_allowed,4,2,duplicates_allowed,int64,100,172,8,172,1720,0.010751154,6.250670930232558e-06
b4_n8_distinct,4,8,distinct,uint8,1,173,0,4,4000,0.016243398000000003,4.0608495000000006e-06
b4_n8_distinct,4,8,distinct,uint8,1,173,1,4,4000,0.016427697,4.10692425e-06
b4_n8_distinct,4,8,distinct,uint8,1,173,2,4,4000,0.016121502,4.0303755e-06
b4_n8_distinct,4,8,distinct,uint8,1,173,3,4,4000,0.016065908,4.016477e-06
b4_n8_distinct,4,8,distinct,uint8,1,173,4,4,4000,0.016769374,4.1923435e-06
b4_n8_distinct,4,8,distinct,uint8,1,173,5,4,4000,0.016124326,4.0310815000000005e-06
b4_n8_distinct,4,8,distinct,uint8,1,173,6,4,4000,0.016262897000000002,4.06572425e-06
b4_n8_distinct,4,8,distinct,uint8,1,173,7,4,4000,0.016155864000000002,4.038966000000001e-06
b4_n8_distinct,4,8,distinct,uint8,1,173,8,4,4000,0.015921939,3.98048475e-06
b8_n64_distinct,8,64,distinct,uint8,10,174,0,18,1800,0.015351386000000002,8.528547777777778e-06
b8_n64_distinct,8,64,distinct,uint8,10,174,1,18,1800,0.015355321000000002,8.53073388888889e-06
b8_n64_distinct,8,64,distinct,uint8,10,174,2,18,1800,0.015126364000000002,8.403535555555557e-06
b8_n64_distinct,8,64,distinct,uint8,10,174,3,18,1800,0.015477717,8.598731666666667e-06
b8_n64_distinct,8,64,distinct,uint8,10,174,4,18,1800,0.015406068,8.558926666666666e-06
b8_n64_distinct,8,64,distinct,uint8,10,174,5,18,1800,0.015551298000000002,8.63961e-06
b8_n64_distinct,8,64,distinct,uint8,10,174,6,18,1800,0.016468538,9.149187777777778e-06
b8_n64_distinct,8,64,distinct,uint8,10,174,7,18,1800,0.016161603,8.978668333333333e-06
b8_n64_distinct,8,64,distinct,uint8,10,174,8,18,1800,0.017399789000000002,9.666549444444446e-06
b4_n16_distinct,4,16,distinct,uint8,10,175,0,25,2500,0.016542471,6.6169884e-06
b4_n16_distinct,4,16,distinct,uint8,10,175,1,25,2500,0.016882245,6.7528980000000005e-06
b4_n16_distinct,4,16,distinct,uint8,10,175,2,25,2500,0.016159911000000002,6.463964400000001e-06
b4_n16_distinct,4,16,distinct,uint8,10,175,3,25,2500,0.016256767000000002,6.5027068000000005e-06
b4_n16_distinct,4,16,distinct,uint8,10,175,4,25,2500,0.01642973,6.571892e-06
b4_n16_distinct,4,16,distinct,uint8,10,175,5,25,2500,0.016655582000000002,6.662232800000001e-06
b4_n16_distinct,4,16,distinct,uint8,10,175,6,25,2500,0.016516111,6.6064444e-06
b4_n16_distinct,4,16,distinct,uint8,10,175,7,25,2500,0.016695927000000003,6.678370800000001e-06
b4_n16_distinct,4,16,distinct,uint8,10,175,8,25,2500,0.016366012000000003,6.546404800000001e-06
b8_n2_duplicates_allowed,8,2,duplicates_allowed,uint8,10,176,0,24,2400,0.012880202,5.366750833333334e-06
b8_n2_duplicates_allowed,8,2,duplicates_allowed,uint8,10,176,1,24,2400,0.013102719,5.45946625e-06
b8_n2_duplicates_allowed,8,2,duplicates_allowed,uint8,10,176,2,24,2400,0.012117336000000001,5.04889e-06
b8_n2_duplicates_allowed,8,2,duplicates_allowed,uint8,10,176,3,24,2400,0.013006733000000001,5.419472083333334e-06
b8_n2_duplicates_allowed,8,2,duplicates_allowed,uint8,10,176,4,24,2400,0.013302722000000001,5.542800833333334e-06
b8_n2_duplicates_allowed,8,2,duplicates_allowed,uint8,10,176,5,24,2400,0.012980143000000001,5.408392916666667e-06
b8_n2_duplicates_allowed,8,2,duplicates_allowed,uint8,10,176,6,24,2400,0.012290588000000002,5.121078333333334e-06
b8_n2_duplicates_allowed,8,2,duplicates_allowed,uint8,10,176,7,24,2400,0.014031375,5.84640625e-06
b8_n2_duplicates_allowed,8,2,duplicates_allowed,uint8,10,176,8,24,2400,0.012747191000000001,5.311329583333334e-06
b8_n8_distinct,8,8,distinct,uint8,100,177,0,62,620,0.015500771000000002,2.50012435483871e-05
b8_n8_distinct,8,8,distinct,uint8,100,177,1,62,620,0.016322917,2.6327285483870966e-05
b8_n8_distinct,8,8,distinct,uint8,100,177,2,62,620,0.015360599,2.4775159677419357e-05
b8_n8_distinct,8,8,distinct,uint8,100,177,3,62,620,0.013959717000000002,2.2515672580645163e-05
b8_n8_distinct,8,8,distinct,uint8,100,177,4,62,620,0.0138174,2.2286129032258067e-05
b8_n8_distinct,8,8,distinct,uint8,100,177,5,62,620,0.013700855000000001,2.2098153225806454e-05
b8_n8_distinct,8,8,distinct,uint8,100,177,6,62,620,0.014333574000000002,2.3118667741935487e-05
b8_n8_distinct,8,8,distinct,uint8,100,177,7,62,620,0.013824312,2.229727741935484e-05
b8_n8_distinct,8,8,distinct,uint8,100,177,8,62,620,0.01386942,2.2370032258064517e-05
b4_n2_duplicates_allowed,4,2,duplicates_allowed,uint8,100,178,0,122,1220,0.015252726000000001,1.250223442622951e-05
b4_n2_duplicates_allowed,4,2,duplicates_allowed,uint8,100,178,1,122,1220,0.015512279,1.2714982786885246e-05
b4_n2_duplicates_allowed,4,2,duplicates_allowed,uint8,100,178,2,122,1220,0.015205573000000002,1.246358442622951e-05
b4_n2_duplicates_allowed,4,2,duplicates_allowed,uint8,100,178,3,122,1220,0.015166945000000001,1.2431922131147542e-05
b4_n2_duplicates_allowed,4,2,duplicates_allowed,uint8,100,178,4,122,1220,0.015412337000000002,1.2633063114754099e-05
b4_n2_duplicates_allowed,4,2,duplicates_allowed,uint8,100,178,5,122,1220,0.015469594000000001,1.2679995081967214e-05
b4_n2_duplicates_allowed,4,2,duplicates_allowed,uint8,100,178,6,122,1220,0.015544037,1.274101393442623e-05
b4_n2_duplicates_allowed,4,2,duplicates_allowed,uint8,100,178,7,122,1220,0.015211173000000001,1.2468174590163935e-05
b4_n2_duplicates_allowed,4,2,duplicates_allowed,uint8,100,178,8,122,1220,0.015300068000000002,1.2541039344262297e-05
b8_n32_duplicates_allowed,8,32,duplicates_allowed,int64,100,179,0,29,290,0.015604158000000002,5.380744137931035e-05
b8_n32_duplicates_allowed,8,32,duplicates_allowed,int64,100,179,1,29,290,0.015270692,5.265755862068966e-05
b8_n32_duplicates_allowed,8,32,duplicates_allowed,int64,100,179,2,29,290,0.015095377,5.205302413793103e-05
b8_n32_duplicates_allowed,8,32,duplicates_allowed,int64,100,179,3,29,290,0.015192384000000001,5.238753103448276e-05
b8_n32_duplicates_allowed,8,32,duplicates_allowed,int64,100,179,4,29,290,0.015260006000000001,5.262071034482759e-05
b8_n32_duplicates_allowed,8,32,duplicates_allowed,int64,100,179,5,29,290,0.015400470000000001,5.3105068965517244e-05
b8_n32_duplicates_allowed,8,32,duplicates_allowed,int64,100,179,6,29,290,0.015447480000000001,5.3267172413793105e-05
b8_n32_duplicates_allowed,8,32,duplicates_allowed,int64,100,179,7,29,290,0.015309973000000001,5.279301034482759e-05
b8_n32_duplicates_allowed,8,32,duplicates_allowed,int64,100,179,8,29,290,0.015946386,5.498753793103448e-05
b8_n32_distinct,8,32,distinct,uint8,1,180,0,4,4000,0.017010989,4.25274725e-06
b8_n32_distinct,8,32,distinct,uint8,1,180,1,4,4000,0.016751887,4.18797175e-06
b8_n32_distinct,8,32,distinct,uint8,1,180,2,4,4000,0.016741851000000002,4.185462750000001e-06
b8_n32_distinct,8,32,distinct,uint8,1,180,3,4,4000,0.016752618,4.1881545e-06
b8_n32_distinct,8,32,distinct,uint8,1,180,4,4,4000,0.016900161,4.22504025e-06
b8_n32_distinct,8,32,distinct,uint8,1,180,5,4,4000,0.017796419,4.44910475e-06
b8_n32_distinct,8,32,distinct,uint8,1,180,6,4,4000,0.016844116000000003,4.211029000000001e-06
b8_n32_distinct,8,32,distinct,uint8,1,180,7,4,4000,0.016843605,4.21090125e-06
b8_n32_distinct,8,32,distinct,uint8,1,180,8,4,4000,0.016691345,4.17283625e-06
b4_n4_distinct,4,4,distinct,uint8,1,181,0,4,4000,0.016317859,4.07946475e-06
b4_n4_distinct,4,4,distinct,uint8,1,181,1,4,4000,0.017874827,4.46870675e-06
b4_n4_distinct,4,4,distinct,uint8,1,181,2,4,4000,0.016348155,4.08703875e-06
b4_n4_distinct,4,4,distinct,uint8,1,181,3,4,4000,0.016715461,4.17886525e-06
b4_n4_distinct,4,4,distinct,uint8,1,181,4,4,4000,0.019970051000000003,4.992512750000001e-06
b4_n4_distinct,4,4,distinct,uint8,1,181,5,4,4000,0.019228127,4.80703175e-06
b4_n4_distinct,4,4,distinct,uint8,1,181,6,4,4000,0.016365591000000002,4.091397750000001e-06
b4_n4_distinct,4,4,distinct,uint8,1,181,7,4,4000,0.017278484,4.319621e-06
b4_n4_distinct,4,4,distinct,uint8,1,181,8,4,4000,0.018269725,4.56743125e-06
b8_n128_distinct,8,128,distinct,int64,1000,182,0,5,5,0.014694109,0.0029388218
b8_n128_distinct,8,128,distinct,int64,1000,182,1,5,5,0.014676072,0.0029352144
b8_n128_distinct,8,128,distinct,int64,1000,182,2,5,5,0.014497892,0.0028995784
b8_n128_distinct,8,128,distinct,int64,1000,182,3,5,5,0.014091757000000002,0.0028183514000000003
b8_n128_distinct,8,128,distinct,int64,1000,182,4,5,5,0.016451712,0.0032903424
b8_n128_distinct,8,128,distinct,int64,1000,182,5,5,5,0.016524562,0.0033049124
b8_n128_distinct,8,128,distinct,int64,1000,182,6,5,5,0.017869740000000002,0.0035739480000000004
b8_n128_distinct,8,128,distinct,int64,1000,182,7,5,5,0.015803059,0.0031606118
b8_n128_distinct,8,128,distinct,int64,1000,182,8,5,5,0.015876871,0.0031753742
b4_n2_duplicates_allowed,4,2,duplicates_allowed,uint8,10,183,0,22,2200,0.013105783000000001,5.957174090909092e-06
b4_n2_duplicates_allowed,4,2,duplicates_allowed,uint8,10,183,1,22,2200,0.012920062000000001,5.872755454545455e-06
b4_n2_duplicates_allowed,4,2,duplicates_allowed,uint8,10,183,2,22,2200,0.012474576000000001,5.670261818181819e-06
b4_n2_duplicates_allowed,4,2,duplicates_allowed,uint8,10,183,3,22,2200,0.011096169000000001,5.043713181818182e-06
b4_n2_duplicates_allowed,4,2,duplicates_allowed,uint8,10,183,4,22,2200,0.011709027,5.3222850000000005e-06
b4_n2_duplicates_allowed,4,2,duplicates_allowed,uint8,10,183,5,22,2200,0.011525749,5.238976818181818e-06
b4_n2_duplicates_allowed,4,2,duplicates_allowed,uint8,10,183,6,22,2200,0.011070690000000001,5.032131818181819e-06
b4_n2_duplicates_allowed,4,2,duplicates_allowed,uint8,10,183,7,22,2200,0.011991676000000001,5.450761818181819e-06
b4_n2_duplicates_allowed,4,2,duplicates_allowed,uint8,10,183,8,22,2200,0.011685942000000001,5.3117918181818185e-06
b8_n4_distinct,8,4,distinct,uint8,1,184,0,2,2000,0.011305656,5.652828e-06
b8_n4_distinct,8,4,distinct,uint8,1,184,1,2,2000,0.008409319,4.2046595e-06
b8_n4_distinct,8,4,distinct,uint8,1,184,2,2,2000,0.008898880000000001,4.44944e-06
b8_n4_distinct,8,4,distinct,uint8,1,184,3,2,2000,0.008213162000000001,4.106581e-06
b8_n4_distinct,8,4,distinct,uint8,1,184,4,2,2000,0.008392593,4.1962965e-06
b8_n4_distinct,8,4,distinct,uint8,1,184,5,2,2000,0.009446981,4.7234905000000004e-06
b8_n4_distinct,8,4,distinct,uint8,1,184,6,2,2000,0.008675713,4.3378565e-06
b8_n4_distinct,8,4,distinct,uint8,1,184,7,2,2000,0.008329428,4.164714e-06
b8_n4_distinct,8,4,distinct,uint8,1,184,8,2,2000,0.008524663,4.2623315e-06
b8_n8_distinct,8,8,distinct,int64,1,185,0,4,4000,0.017252385000000002,4.313096250000001e-06
b8_n8_distinct,8,8,distinct,int64,1,185,1,4,4000,0.016861672,4.215418e-06
b8_n8_distinct,8,8,distinct,int64,1,185,2,4,4000,0.016528038000000002,4.1320095000000006e-06
b8_n8_distinct,8,8,distinct,int64,1,185,3,4,4000,0.016845719000000002,4.211429750000001e-06
b8_n8_distinct,8,8,distinct,int64,1,185,4,4,4000,0.016856305000000002,4.214076250000001e-06
b8_n8_distinct,8,8,distinct,int64,1,185,5,4,4000,0.016504662,4.1261655e-06
b8_n8_distinct,8,8,distinct,int64,1,185,6,4,4000,0.01802205,4.5055125e-06
b8_n8_distinct,8,8,distinct,int64,1,185,7,4,4000,0.016916316,4.229079e-06
b8_n8_distinct,8,8,distinct,int64,1,185,8,4,4000,0.016661039000000002,4.1652597500000005e-06
b8_n4_duplicates_allowed,8,4,duplicates_allowed,int64,1000,186,0,332,332,0.012764346000000001,3.844682530120482e-05
b8_n4_duplicates_allowed,8,4,duplicates_allowed,int64,1000,186,1,332,332,0.013513101000000001,4.0702111445783135e-05
b8_n4_duplicates_allowed,8,4,duplicates_allowed,int64,1000,186,2,332,332,0.012733639000000001,3.8354334337349404e-05
b8_n4_duplicates_allowed,8,4,duplicates_allowed,int64,1000,186,3,332,332,0.011571068,3.485261445783133e-05
b8_n4_duplicates_allowed,8,4,duplicates_allowed,int64,1000,186,4,332,332,0.01245627,3.7518885542168676e-05
b8_n4_duplicates_allowed,8,4,duplicates_allowed,int64,1000,186,5,332,332,0.011906126000000001,3.5861825301204826e-05
b8_n4_duplicates_allowed,8,4,duplicates_allowed,int64,1000,186,6,332,332,0.01208083,3.63880421686747e-05
b8_n4_duplicates_allowed,8,4,duplicates_allowed,int64,1000,186,7,332,332,0.011672743000000001,3.515886445783133e-05
b8_n4_duplicates_allowed,8,4,duplicates_allowed,int64,1000,186,8,332,332,0.012128823,3.653259939759036e-05
b8_n4_duplicates_allowed,8,4,duplicates_allowed,uint8,1000,187,0,104,104,0.01629867,0.0001567179807692308
b8_n4_duplicates_allowed,8,4,duplicates_allowed,uint8,1000,187,1,104,104,0.016511021,0.00015875981730769233
b8_n4_duplicates_allowed,8,4,duplicates_allowed,uint8,1000,187,2,104,104,0.016144046000000002,0.00015523121153846156
b8_n4_duplicates_allowed,8,4,duplicates_allowed,uint8,1000,187,3,104,104,0.01701213,0.00016357817307692307
b8_n4_duplicates_allowed,8,4,duplicates_allowed,uint8,1000,187,4,104,104,0.017331635,0.00016665033653846155
b8_n4_duplicates_allowed,8,4,duplicates_allowed,uint8,1000,187,5,104,104,0.016438191,0.00015805952884615385
b8_n4_duplicates_allowed,8,4,duplicates_allowed,uint8,1000,187,6,104,104,0.022550601,0.00021683270192307693
b8_n4_duplicates_allowed,8,4,duplicates_allowed,uint8,1000,187,7,104,104,0.016721771,0.0001607862596153846
b8_n4_duplicates_allowed,8,4,duplicates_allowed,uint8,1000,187,8,104,104,0.016348816000000002,0.00015720015384615386
b8_n128_duplicates_allowed,8,128,duplicates_allowed,uint8,100,188,0,19,190,0.015686062,8.255822105263158e-05
b8_n128_duplicates_allowed,8,128,duplicates_allowed,uint8,100,188,1,19,190,0.015418236,8.114861052631579e-05
b8_n128_duplicates_allowed,8,128,duplicates_allowed,uint8,100,188,2,19,190,0.015747144,8.28797052631579e-05
b8_n128_duplicates_allowed,8,128,duplicates_allowed,uint8,100,188,3,19,190,0.014901494000000001,7.842891578947369e-05
b8_n128_duplicates_allowed,8,128,duplicates_allowed,uint8,100,188,4,19,190,0.015749418,8.289167368421054e-05
b8_n128_duplicates_allowed,8,128,duplicates_allowed,uint8,100,188,5,19,190,0.01562538,8.223884210526316e-05
b8_n128_duplicates_allowed,8,128,duplicates_allowed,uint8,100,188,6,19,190,0.016104325000000003,8.47596052631579e-05
b8_n128_duplicates_allowed,8,128,duplicates_allowed,uint8,100,188,7,19,190,0.016133460000000002,8.491294736842106e-05
b8_n128_duplicates_allowed,8,128,duplicates_allowed,uint8,100,188,8,19,190,0.015662817000000002,8.243587894736844e-05
b4_n2_distinct,4,2,distinct,uint8,1000,189,0,169,169,0.015379168,9.100099408284024e-05
b4_n2_distinct,4,2,distinct,uint8,1000,189,1,169,169,0.015763299,9.327395857988166e-05
b4_n2_distinct,4,2,distinct,uint8,1000,189,2,169,169,0.01658882,9.815869822485207e-05
b4_n2_distinct,4,2,distinct,uint8,1000,189,3,169,169,0.016383378,9.69430650887574e-05
b4_n2_distinct,4,2,distinct,uint8,1000,189,4,169,169,0.016445322000000002,9.730959763313611e-05
b4_n2_distinct,4,2,distinct,uint8,1000,189,5,169,169,0.016023582,9.481409467455622e-05
b4_n2_distinct,4,2,distinct,uint8,1000,189,6,169,169,0.015564858,9.209975147928994e-05
b4_n2_distinct,4,2,distinct,uint8,1000,189,7,169,169,0.015944012,9.434326627218936e-05
b4_n2_distinct,4,2,distinct,uint8,1000,189,8,169,169,0.0159953,9.464674556213018e-05
b8_n16_duplicates_allowed,8,16,duplicates_allowed,uint8,100,190,0,54,540,0.014915494000000001,2.762128518518519e-05
b8_n16_duplicates_allowed,8,16,duplicates_allowed,uint8,100,190,1,54,540,0.014989717000000001,2.775873518518519e-05
b8_n16_duplicates_allowed,8,16,duplicates_allowed,uint8,100,190,2,54,540,0.014501898000000001,2.6855366666666667e-05
b8_n16_duplicates_allowed,8,16,duplicates_allowed,uint8,100,190,3,54,540,0.014081992000000002,2.6077762962962964e-05
b8_n16_duplicates_allowed,8,16,duplicates_allowed,uint8,100,190,4,54,540,0.014910056000000001,2.761121481481482e-05
b8_n16_duplicates_allowed,8,16,duplicates_allowed,uint8,100,190,5,54,540,0.014070414000000002,2.6056322222222224e-05
b8_n16_duplicates_allowed,8,16,duplicates_allowed,uint8,100,190,6,54,540,0.015624469,2.893420185185185e-05
b8_n16_duplicates_allowed,8,16,duplicates_allowed,uint8,100,190,7,54,540,0.014664123000000001,2.7155783333333335e-05
b8_n16_duplicates_allowed,8,16,duplicates_allowed,uint8,100,190,8,54,540,0.015144862,2.8046040740740743e-05
b4_n8_duplicates_allowed,4,8,duplicates_allowed,uint8,100,191,0,62,620,0.014147792000000001,2.2819019354838712e-05
b4_n8_duplicates_allowed,4,8,duplicates_allowed,uint8,100,191,1,62,620,0.015401691,2.4841437096774195e-05
b4_n8_duplicates_allowed,4,8,duplicates_allowed,uint8,100,191,2,62,620,0.013512851000000001,2.1794920967741937e-05
b4_n8_duplicates_allowed,4,8,duplicates_allowed,uint8,100,191,3,62,620,0.016025085,2.5846911290322584e-05
b4_n8_duplicates_allowed,4,8,duplicates_allowed,uint8,100,191,4,62,620,0.014775563,2.3831553225806453e-05
b4_n8_duplicates_allowed,4,8,duplicates_allowed,uint8,100,191,5,62,620,0.014126018,2.27839e-05
b4_n8_duplicates_allowed,4,8,duplicates_allowed,uint8,100,191,6,62,620,0.016004645,2.58139435483871e-05
b4_n8_duplicates_allowed,4,8,duplicates_allowed,uint8,100,191,7,62,620,0.015214617000000001,2.453970483870968e-05
b4_n8_duplicates_allowed,4,8,duplicates_allowed,uint8,100,191,8,62,620,0.01470806,2.3722677419354838e-05
